area,anno,voce,peso
DE,2000,011100,17.76
DE,2000,011200,26.42
DE,2000,011300,3.36
DE,2000,011400,16.81
DE,2000,011500,3.42
DE,2000,011600,9.1
DE,2000,011700,11.87
DE,2000,011800,9.04
DE,2000,011900,7.46
DE,2000,012100,3.13
DE,2000,012200,3.98
DE,2000,012300,1.19
DE,2000,012500,3.57
DE,2000,012600,3.02
DE,2000,012900,0.0
DE,2000,021100,2.45
DE,2000,021200,5.68
DE,2000,021300,11.6
DE,2000,021900,0.0
DE,2000,023000,23.17
DE,2000,031100,0.2
DE,2000,031200,48.61
DE,2000,031300,1.96
DE,2000,031400,1.48
DE,2000,032100,11.4
DE,2000,032200,0.45
DE,2000,041100,113.69
DE,2000,041200,5.42
DE,2000,043100,12.04
DE,2000,043200,7.41
DE,2000,044100,12.39
DE,2000,044200,7.46
DE,2000,044300,10.41
DE,2000,044400,6.49
DE,2000,045100,22.0
DE,2000,045200,14.55
DE,2000,045300,11.67
DE,2000,045400,0.82
DE,2000,045500,1.44
DE,2000,051100,35.18
DE,2000,051200,0.0
DE,2000,052100,5.67
DE,2000,053100,9.47
DE,2000,053200,3.64
DE,2000,053300,1.26
DE,2000,054000,4.6
DE,2000,055100,2.11
DE,2000,055200,2.99
DE,2000,055300,0.0
DE,2000,056100,7.12
DE,2000,056200,2.52
DE,2000,061100,11.42
DE,2000,061200,1.58
DE,2000,061300,5.43
DE,2000,061400,0.0
DE,2000,062100,7.73
DE,2000,062200,6.08
DE,2000,062300,1.85
DE,2000,063100,0.0
DE,2000,063200,0.0
DE,2000,064100,0.0
DE,2000,071100,38.82
DE,2000,071200,2.59
DE,2000,071300,2.05
DE,2000,072100,7.18
DE,2000,072200,36.8
DE,2000,072300,27.52
DE,2000,072400,9.44
DE,2000,073100,5.69
DE,2000,073200,2.19
DE,2000,073300,2.91
DE,2000,073400,1.19
DE,2000,073500,9.4
DE,2000,074100,3.14
DE,2000,074900,1.09
DE,2000,081100,1.94
DE,2000,081200,0.0
DE,2000,081300,13.15
DE,2000,081400,8.08
DE,2000,081500,0.81
DE,2000,081900,0.0
DE,2000,082000,0.64
DE,2000,083100,3.57
DE,2000,083200,11.03
DE,2000,083300,0.17
DE,2000,083400,12.94
DE,2000,083500,1.34
DE,2000,083900,10.21
DE,2000,091100,3.01
DE,2000,091200,1.06
DE,2000,092100,4.66
DE,2000,092200,3.96
DE,2000,093100,8.67
DE,2000,093200,5.06
DE,2000,094200,0.0
DE,2000,094300,0.0
DE,2000,094500,0.68
DE,2000,094600,7.65
DE,2000,094700,0.0
DE,2000,095100,0.99
DE,2000,095200,1.93
DE,2000,096100,7.28
DE,2000,096200,0.0
DE,2000,096300,1.03
DE,2000,096900,0.18
DE,2000,097100,8.02
DE,2000,097200,10.18
DE,2000,097300,0.78
DE,2000,097400,2.35
DE,2000,098000,28.76
DE,2000,101000,7.22
DE,2000,102000,0.0
DE,2000,104000,0.0
DE,2000,105000,2.94
DE,2000,111100,37.49
DE,2000,111200,5.38
DE,2000,112000,12.86
DE,2000,121100,0.0
DE,2000,121200,4.51
DE,2000,121300,2.24
DE,2000,121400,8.35
DE,2000,121900,7.14
DE,2000,122200,3.64
DE,2000,131100,0.23
DE,2000,131200,12.05
DE,2000,131300,10.45
DE,2000,132100,4.96
DE,2000,132900,3.75
DE,2000,133000,0.0
DE,2000,139000,4.96
DE,2001,011100,17.35
DE,2001,011200,25.96
DE,2001,011300,3.32
DE,2001,011400,16.25
DE,2001,011500,3.35
DE,2001,011600,9.24
DE,2001,011700,11.8
DE,2001,011800,8.73
DE,2001,011900,7.15
DE,2001,012100,3.07
DE,2001,012200,3.75
DE,2001,012300,1.13
DE,2001,012500,3.49
DE,2001,012600,2.94
DE,2001,012900,0.0
DE,2001,021100,2.37
DE,2001,021200,5.47
DE,2001,021300,11.27
DE,2001,021900,0.0
DE,2001,023000,22.76
DE,2001,031100,0.2
DE,2001,031200,47.03
DE,2001,031300,1.89
DE,2001,031400,1.42
DE,2001,032100,11.07
DE,2001,032200,0.44
DE,2001,041100,111.06
DE,2001,041200,5.28
DE,2001,043100,11.66
DE,2001,043200,7.18
DE,2001,044100,12.27
DE,2001,044200,7.4
DE,2001,044300,10.2
DE,2001,044400,6.44
DE,2001,045100,21.25
DE,2001,045200,17.88
DE,2001,045300,14.67
DE,2001,045400,0.79
DE,2001,045500,1.58
DE,2001,051100,34.21
DE,2001,051200,0.0
DE,2001,052100,5.4
DE,2001,053100,9.06
DE,2001,053200,3.51
DE,2001,053300,1.23
DE,2001,054000,4.46
DE,2001,055100,2.03
DE,2001,055200,2.9
DE,2001,055300,0.0
DE,2001,056100,6.85
DE,2001,056200,2.48
DE,2001,061100,11.1
DE,2001,061200,1.5
DE,2001,061300,5.32
DE,2001,061400,0.0
DE,2001,062100,7.5
DE,2001,062200,6.0
DE,2001,062300,2.81
DE,2001,063100,6.4
DE,2001,063200,5.3
DE,2001,064100,0.0
DE,2001,071100,37.56
DE,2001,071200,2.65
DE,2001,071300,2.01
DE,2001,072100,6.98
DE,2001,072200,38.76
DE,2001,072300,26.95
DE,2001,072400,9.26
DE,2001,073100,5.54
DE,2001,073200,2.2
DE,2001,073300,2.91
DE,2001,073400,1.18
DE,2001,073500,9.35
DE,2001,074100,3.05
DE,2001,074900,1.06
DE,2001,081100,1.69
DE,2001,081200,0.0
DE,2001,081300,9.25
DE,2001,081400,7.67
DE,2001,081500,0.73
DE,2001,081900,0.0
DE,2001,082000,0.58
DE,2001,083100,2.89
DE,2001,083200,8.93
DE,2001,083300,0.13
DE,2001,083400,10.47
DE,2001,083500,1.31
DE,2001,083900,10.08
DE,2001,091100,2.89
DE,2001,091200,1.04
DE,2001,092100,4.47
DE,2001,092200,3.81
DE,2001,093100,8.76
DE,2001,093200,4.86
DE,2001,094200,0.0
DE,2001,094300,0.0
DE,2001,094500,0.65
DE,2001,094600,7.48
DE,2001,094700,0.0
DE,2001,095100,0.97
DE,2001,095200,1.88
DE,2001,096100,7.15
DE,2001,096200,0.0
DE,2001,096300,0.99
DE,2001,096900,0.17
DE,2001,097100,7.83
DE,2001,097200,10.04
DE,2001,097300,0.76
DE,2001,097400,2.32
DE,2001,098000,28.32
DE,2001,101000,7.05
DE,2001,102000,0.0
DE,2001,104000,0.0
DE,2001,105000,2.88
DE,2001,111100,36.66
DE,2001,111200,5.24
DE,2001,112000,12.8
DE,2001,121100,5.57
DE,2001,121200,4.54
DE,2001,121300,2.17
DE,2001,121400,9.01
DE,2001,121900,6.97
DE,2001,122200,3.69
DE,2001,131100,0.21
DE,2001,131200,11.73
DE,2001,131300,10.27
DE,2001,132100,4.85
DE,2001,132900,3.64
DE,2001,133000,3.05
DE,2001,139000,4.8
DE,2002,011100,17.74
DE,2002,011200,27.56
DE,2002,011300,3.46
DE,2002,011400,17.23
DE,2002,011500,3.35
DE,2002,011600,9.44
DE,2002,011700,11.94
DE,2002,011800,8.78
DE,2002,011900,7.3
DE,2002,012100,3.05
DE,2002,012200,3.66
DE,2002,012300,1.14
DE,2002,012500,3.51
DE,2002,012600,2.93
DE,2002,012900,0.0
DE,2002,021100,2.38
DE,2002,021200,5.48
DE,2002,021300,11.18
DE,2002,021900,0.0
DE,2002,023000,22.69
DE,2002,031100,0.2
DE,2002,031200,46.77
DE,2002,031300,1.9
DE,2002,031400,1.42
DE,2002,032100,11.25
DE,2002,032200,0.46
DE,2002,041100,110.78
DE,2002,041200,5.23
DE,2002,043100,11.65
DE,2002,043200,7.11
DE,2002,044100,12.19
DE,2002,044200,7.5
DE,2002,044300,10.23
DE,2002,044400,6.44
DE,2002,045100,21.73
DE,2002,045200,19.14
DE,2002,045300,12.24
DE,2002,045400,0.79
DE,2002,045500,1.72
DE,2002,051100,34.42
DE,2002,051200,0.0
DE,2002,052100,5.38
DE,2002,053100,8.84
DE,2002,053200,3.51
DE,2002,053300,1.25
DE,2002,054000,4.48
DE,2002,055100,2.0
DE,2002,055200,2.89
DE,2002,055300,0.0
DE,2002,056100,6.88
DE,2002,056200,2.48
DE,2002,061100,11.06
DE,2002,061200,1.46
DE,2002,061300,5.38
DE,2002,061400,0.0
DE,2002,062100,7.39
DE,2002,062200,6.0
DE,2002,062300,2.84
DE,2002,063100,6.51
DE,2002,063200,5.5
DE,2002,064100,0.0
DE,2002,071100,37.69
DE,2002,071200,2.64
DE,2002,071300,2.02
DE,2002,072100,6.96
DE,2002,072200,35.68
DE,2002,072300,27.27
DE,2002,072400,9.15
DE,2002,073100,5.42
DE,2002,073200,2.25
DE,2002,073300,3.03
DE,2002,073400,1.16
DE,2002,073500,9.62
DE,2002,074100,3.06
DE,2002,074900,1.07
DE,2002,081100,1.65
DE,2002,081200,0.0
DE,2002,081300,7.37
DE,2002,081400,7.38
DE,2002,081500,0.68
DE,2002,081900,0.0
DE,2002,082000,0.63
DE,2002,083100,2.8
DE,2002,083200,8.62
DE,2002,083300,0.13
DE,2002,083400,10.12
DE,2002,083500,1.33
DE,2002,083900,10.38
DE,2002,091100,2.81
DE,2002,091200,1.03
DE,2002,092100,4.39
DE,2002,092200,3.81
DE,2002,093100,8.68
DE,2002,093200,4.83
DE,2002,094200,0.0
DE,2002,094300,0.0
DE,2002,094500,0.65
DE,2002,094600,7.67
DE,2002,094700,0.0
DE,2002,095100,0.98
DE,2002,095200,1.87
DE,2002,096100,7.28
DE,2002,096200,0.0
DE,2002,096300,0.98
DE,2002,096900,0.17
DE,2002,097100,7.88
DE,2002,097200,10.34
DE,2002,097300,0.76
DE,2002,097400,2.33
DE,2002,098000,29.04
DE,2002,101000,7.02
DE,2002,102000,0.0
DE,2002,104000,0.0
DE,2002,105000,2.88
DE,2002,111100,36.97
DE,2002,111200,5.31
DE,2002,112000,12.96
DE,2002,121100,5.6
DE,2002,121200,4.73
DE,2002,121300,2.1
DE,2002,121400,9.15
DE,2002,121900,7.05
DE,2002,122200,3.87
DE,2002,131100,0.21
DE,2002,131200,11.84
DE,2002,131300,10.39
DE,2002,132100,4.85
DE,2002,132900,3.65
DE,2002,133000,3.06
DE,2002,139000,4.8
DE,2003,011100,17.86
DE,2003,011200,26.74
DE,2003,011300,3.57
DE,2003,011400,16.79
DE,2003,011500,3.28
DE,2003,011600,9.29
DE,2003,011700,10.69
DE,2003,011800,8.9
DE,2003,011900,7.25
DE,2003,012100,3.03
DE,2003,012200,3.46
DE,2003,012300,1.12
DE,2003,012500,3.52
DE,2003,012600,2.88
DE,2003,012900,0.0
DE,2003,021100,2.34
DE,2003,021200,5.43
DE,2003,021300,11.41
DE,2003,021900,0.0
DE,2003,023000,23.82
DE,2003,031100,0.21
DE,2003,031200,45.7
DE,2003,031300,1.92
DE,2003,031400,1.46
DE,2003,032100,11.21
DE,2003,032200,0.46
DE,2003,041100,111.06
DE,2003,041200,5.21
DE,2003,043100,11.58
DE,2003,043200,7.05
DE,2003,044100,12.2
DE,2003,044200,7.51
DE,2003,044300,10.27
DE,2003,044400,6.44
DE,2003,045100,22.41
DE,2003,045200,17.92
DE,2003,045300,12.64
DE,2003,045400,0.79
DE,2003,045500,1.67
DE,2003,051100,34.36
DE,2003,051200,0.0
DE,2003,052100,5.32
DE,2003,053100,8.65
DE,2003,053200,3.48
DE,2003,053300,1.27
DE,2003,054000,4.51
DE,2003,055100,1.96
DE,2003,055200,2.9
DE,2003,055300,0.0
DE,2003,056100,6.74
DE,2003,056200,2.52
DE,2003,061100,10.64
DE,2003,061200,1.44
DE,2003,061300,5.47
DE,2003,061400,0.0
DE,2003,062100,7.36
DE,2003,062200,6.04
DE,2003,062300,2.85
DE,2003,063100,6.57
DE,2003,063200,5.65
DE,2003,064100,0.0
DE,2003,071100,37.56
DE,2003,071200,2.61
DE,2003,071300,2.01
DE,2003,072100,6.94
DE,2003,072200,38.62
DE,2003,072300,27.73
DE,2003,072400,9.16
DE,2003,073100,5.46
DE,2003,073200,2.3
DE,2003,073300,2.93
DE,2003,073400,1.26
DE,2003,073500,9.76
DE,2003,074100,3.05
DE,2003,074900,1.06
DE,2003,081100,1.53
DE,2003,081200,0.0
DE,2003,081300,6.18
DE,2003,081400,7.12
DE,2003,081500,0.63
DE,2003,081900,0.0
DE,2003,082000,0.58
DE,2003,083100,2.84
DE,2003,083200,8.77
DE,2003,083300,0.13
DE,2003,083400,10.29
DE,2003,083500,1.36
DE,2003,083900,10.42
DE,2003,091100,2.71
DE,2003,091200,1.03
DE,2003,092100,4.31
DE,2003,092200,3.7
DE,2003,093100,8.5
DE,2003,093200,4.83
DE,2003,094200,0.0
DE,2003,094300,0.0
DE,2003,094500,0.64
DE,2003,094600,7.84
DE,2003,094700,0.0
DE,2003,095100,1.0
DE,2003,095200,1.89
DE,2003,096100,7.42
DE,2003,096200,0.0
DE,2003,096300,0.97
DE,2003,096900,0.18
DE,2003,097100,7.72
DE,2003,097200,10.58
DE,2003,097300,0.77
DE,2003,097400,2.31
DE,2003,098000,28.56
DE,2003,101000,7.07
DE,2003,102000,0.0
DE,2003,104000,0.0
DE,2003,105000,3.0
DE,2003,111100,37.77
DE,2003,111200,5.33
DE,2003,112000,13.23
DE,2003,121100,5.73
DE,2003,121200,4.86
DE,2003,121300,2.12
DE,2003,121400,8.74
DE,2003,121900,7.12
DE,2003,122200,3.92
DE,2003,131100,0.21
DE,2003,131200,11.74
DE,2003,131300,10.56
DE,2003,132100,4.85
DE,2003,132900,3.63
DE,2003,133000,3.08
DE,2003,139000,4.85
DE,2004,011100,17.78
DE,2004,011200,26.25
DE,2004,011300,3.52
DE,2004,011400,16.73
DE,2004,011500,3.25
DE,2004,011600,9.49
DE,2004,011700,11.55
DE,2004,011800,9.1
DE,2004,011900,7.22
DE,2004,012100,2.99
DE,2004,012200,3.31
DE,2004,012300,1.12
DE,2004,012500,3.51
DE,2004,012600,2.83
DE,2004,012900,0.0
DE,2004,021100,2.33
DE,2004,021200,5.39
DE,2004,021300,11.45
DE,2004,021900,0.0
DE,2004,023000,25.53
DE,2004,031100,0.21
DE,2004,031200,45.09
DE,2004,031300,1.91
DE,2004,031400,1.44
DE,2004,032100,10.91
DE,2004,032200,0.47
DE,2004,041100,110.83
DE,2004,041200,5.17
DE,2004,043100,11.58
DE,2004,043200,6.98
DE,2004,044100,12.19
DE,2004,044200,7.59
DE,2004,044300,10.42
DE,2004,044400,6.49
DE,2004,045100,23.32
DE,2004,045200,18.83
DE,2004,045300,12.39
DE,2004,045400,0.79
DE,2004,045500,1.69
DE,2004,051100,34.12
DE,2004,051200,0.0
DE,2004,052100,5.24
DE,2004,053100,8.4
DE,2004,053200,3.45
DE,2004,053300,1.28
DE,2004,054000,4.49
DE,2004,055100,1.92
DE,2004,055200,2.87
DE,2004,055300,0.0
DE,2004,056100,6.62
DE,2004,056200,2.52
DE,2004,061100,10.53
DE,2004,061200,1.38
DE,2004,061300,5.48
DE,2004,061400,0.0
DE,2004,062100,7.28
DE,2004,062200,6.0
DE,2004,062300,2.92
DE,2004,063100,6.72
DE,2004,063200,5.8
DE,2004,064100,0.0
DE,2004,071100,37.75
DE,2004,071200,2.58
DE,2004,071300,2.0
DE,2004,072100,6.89
DE,2004,072200,39.28
DE,2004,072300,27.95
DE,2004,072400,9.11
DE,2004,073100,5.57
DE,2004,073200,2.31
DE,2004,073300,2.99
DE,2004,073400,1.08
DE,2004,073500,9.94
DE,2004,074100,3.03
DE,2004,074900,1.05
DE,2004,081100,1.41
DE,2004,081200,0.0
DE,2004,081300,4.94
DE,2004,081400,6.76
DE,2004,081500,0.61
DE,2004,081900,0.0
DE,2004,082000,0.53
DE,2004,083100,2.84
DE,2004,083200,8.78
DE,2004,083300,0.13
DE,2004,083400,10.3
DE,2004,083500,1.37
DE,2004,083900,10.35
DE,2004,091100,2.54
DE,2004,091200,1.03
DE,2004,092100,4.22
DE,2004,092200,3.61
DE,2004,093100,8.32
DE,2004,093200,4.82
DE,2004,094200,0.0
DE,2004,094300,0.0
DE,2004,094500,0.63
DE,2004,094600,8.02
DE,2004,094700,0.0
DE,2004,095100,1.0
DE,2004,095200,1.87
DE,2004,096100,7.46
DE,2004,096200,0.0
DE,2004,096300,0.94
DE,2004,096900,0.18
DE,2004,097100,7.76
DE,2004,097200,10.73
DE,2004,097300,0.77
DE,2004,097400,2.3
DE,2004,098000,27.62
DE,2004,101000,7.24
DE,2004,102000,0.0
DE,2004,104000,0.0
DE,2004,105000,3.05
DE,2004,111100,37.41
DE,2004,111200,5.38
DE,2004,112000,13.06
DE,2004,121100,5.68
DE,2004,121200,5.12
DE,2004,121300,2.11
DE,2004,121400,8.53
DE,2004,121900,7.36
DE,2004,122200,4.23
DE,2004,131100,0.21
DE,2004,131200,11.61
DE,2004,131300,10.47
DE,2004,132100,4.8
DE,2004,132900,3.63
DE,2004,133000,3.1
DE,2004,139000,4.84
DE,2005,011100,17.44
DE,2005,011200,25.76
DE,2005,011300,3.51
DE,2005,011400,16.07
DE,2005,011500,3.13
DE,2005,011600,9.44
DE,2005,011700,10.78
DE,2005,011800,8.91
DE,2005,011900,7.1
DE,2005,012100,2.9
DE,2005,012200,3.12
DE,2005,012300,1.09
DE,2005,012500,3.45
DE,2005,012600,2.81
DE,2005,012900,0.0
DE,2005,021100,2.28
DE,2005,021200,5.29
DE,2005,021300,11.35
DE,2005,021900,0.0
DE,2005,023000,31.05
DE,2005,031100,0.2
DE,2005,031200,43.71
DE,2005,031300,1.86
DE,2005,031400,1.41
DE,2005,032100,10.67
DE,2005,032200,0.46
DE,2005,041100,109.4
DE,2005,041200,5.08
DE,2005,043100,11.43
DE,2005,043200,6.89
DE,2005,044100,12.29
DE,2005,044200,7.51
DE,2005,044300,10.48
DE,2005,044400,6.41
DE,2005,045100,23.7
DE,2005,045200,19.01
DE,2005,045300,13.98
DE,2005,045400,0.78
DE,2005,045500,1.67
DE,2005,051100,33.47
DE,2005,051200,0.0
DE,2005,052100,5.12
DE,2005,053100,8.0
DE,2005,053200,3.35
DE,2005,053300,1.28
DE,2005,054000,4.41
DE,2005,055100,1.9
DE,2005,055200,2.83
DE,2005,055300,0.0
DE,2005,056100,6.36
DE,2005,056200,2.52
DE,2005,061100,12.51
DE,2005,061200,1.32
DE,2005,061300,7.1
DE,2005,061400,0.0
DE,2005,062100,8.04
DE,2005,062200,6.47
DE,2005,062300,4.13
DE,2005,063100,7.77
DE,2005,063200,6.06
DE,2005,064100,0.0
DE,2005,071100,36.92
DE,2005,071200,2.54
DE,2005,071300,1.91
DE,2005,072100,6.74
DE,2005,072200,39.53
DE,2005,072300,27.96
DE,2005,072400,9.03
DE,2005,073100,5.8
DE,2005,073200,2.3
DE,2005,073300,3.25
DE,2005,073400,1.09
DE,2005,073500,10.13
DE,2005,074100,2.97
DE,2005,074900,1.02
DE,2005,081100,1.23
DE,2005,081200,0.0
DE,2005,081300,4.31
DE,2005,081400,6.24
DE,2005,081500,0.56
DE,2005,081900,0.0
DE,2005,082000,0.54
DE,2005,083100,2.74
DE,2005,083200,8.47
DE,2005,083300,0.13
DE,2005,083400,9.93
DE,2005,083500,1.36
DE,2005,083900,10.21
DE,2005,091100,2.32
DE,2005,091200,1.03
DE,2005,092100,4.06
DE,2005,092200,3.4
DE,2005,093100,8.09
DE,2005,093200,4.64
DE,2005,094200,0.0
DE,2005,094300,0.0
DE,2005,094500,0.62
DE,2005,094600,7.99
DE,2005,094700,0.0
DE,2005,095100,0.97
DE,2005,095200,1.83
DE,2005,096100,7.39
DE,2005,096200,0.0
DE,2005,096300,0.92
DE,2005,096900,0.18
DE,2005,097100,7.72
DE,2005,097200,10.69
DE,2005,097300,0.76
DE,2005,097400,2.24
DE,2005,098000,27.01
DE,2005,101000,7.26
DE,2005,102000,0.0
DE,2005,104000,0.0
DE,2005,105000,3.12
DE,2005,111100,36.95
DE,2005,111200,5.37
DE,2005,112000,12.88
DE,2005,121100,5.62
DE,2005,121200,5.24
DE,2005,121300,2.11
DE,2005,121400,7.97
DE,2005,121900,7.43
DE,2005,122200,4.18
DE,2005,131100,0.2
DE,2005,131200,11.23
DE,2005,131300,10.28
DE,2005,132100,4.75
DE,2005,132900,3.56
DE,2005,133000,3.09
DE,2005,139000,4.8
DE,2006,011100,17.03
DE,2006,011200,25.29
DE,2006,011300,3.51
DE,2006,011400,15.65
DE,2006,011500,2.97
DE,2006,011600,9.76
DE,2006,011700,10.29
DE,2006,011800,8.76
DE,2006,011900,7.01
DE,2006,012100,2.85
DE,2006,012200,3.6
DE,2006,012300,1.08
DE,2006,012500,3.42
DE,2006,012600,2.75
DE,2006,012900,0.0
DE,2006,021100,2.22
DE,2006,021200,5.19
DE,2006,021300,11.09
DE,2006,021900,0.0
DE,2006,023000,32.23
DE,2006,031100,0.2
DE,2006,031200,41.85
DE,2006,031300,1.83
DE,2006,031400,1.39
DE,2006,032100,10.26
DE,2006,032200,0.46
DE,2006,041100,108.16
DE,2006,041200,5.01
DE,2006,043100,11.35
DE,2006,043200,6.8
DE,2006,044100,12.22
DE,2006,044200,7.57
DE,2006,044300,10.32
DE,2006,044400,6.34
DE,2006,045100,24.18
DE,2006,045200,22.01
DE,2006,045300,17.77
DE,2006,045400,0.79
DE,2006,045500,1.79
DE,2006,051100,32.9
DE,2006,051200,0.0
DE,2006,052100,4.98
DE,2006,053100,7.65
DE,2006,053200,3.26
DE,2006,053300,1.28
DE,2006,054000,4.34
DE,2006,055100,1.83
DE,2006,055200,2.75
DE,2006,055300,0.0
DE,2006,056100,6.13
DE,2006,056200,2.5
DE,2006,061100,12.3
DE,2006,061200,1.25
DE,2006,061300,7.08
DE,2006,061400,0.0
DE,2006,062100,7.87
DE,2006,062200,6.5
DE,2006,062300,4.13
DE,2006,063100,7.71
DE,2006,063200,6.01
DE,2006,064100,0.0
DE,2006,071100,36.78
DE,2006,071200,2.5
DE,2006,071300,1.87
DE,2006,072100,6.66
DE,2006,072200,43.96
DE,2006,072300,27.88
DE,2006,072400,8.92
DE,2006,073100,5.94
DE,2006,073200,2.3
DE,2006,073300,3.26
DE,2006,073400,1.09
DE,2006,073500,10.26
DE,2006,074100,2.95
DE,2006,074900,1.01
DE,2006,081100,0.99
DE,2006,081200,0.0
DE,2006,081300,3.91
DE,2006,081400,5.64
DE,2006,081500,0.54
DE,2006,081900,0.0
DE,2006,082000,0.5
DE,2006,083100,2.63
DE,2006,083200,8.1
DE,2006,083300,0.12
DE,2006,083400,9.51
DE,2006,083500,1.34
DE,2006,083900,10.4
DE,2006,091100,2.09
DE,2006,091200,1.03
DE,2006,092100,3.91
DE,2006,092200,3.27
DE,2006,093100,8.17
DE,2006,093200,4.59
DE,2006,094200,0.0
DE,2006,094300,0.0
DE,2006,094500,0.61
DE,2006,094600,8.04
DE,2006,094700,0.0
DE,2006,095100,0.96
DE,2006,095200,1.78
DE,2006,096100,7.29
DE,2006,096200,0.0
DE,2006,096300,0.9
DE,2006,096900,0.17
DE,2006,097100,7.6
DE,2006,097200,10.81
DE,2006,097300,0.75
DE,2006,097400,2.2
DE,2006,098000,26.49
DE,2006,101000,7.19
DE,2006,102000,0.0
DE,2006,104000,0.0
DE,2006,105000,3.11
DE,2006,111100,36.5
DE,2006,111200,5.34
DE,2006,112000,12.77
DE,2006,121100,5.58
DE,2006,121200,5.31
DE,2006,121300,2.11
DE,2006,121400,7.67
DE,2006,121900,7.46
DE,2006,122200,4.09
DE,2006,131100,0.2
DE,2006,131200,10.98
DE,2006,131300,10.14
DE,2006,132100,4.74
DE,2006,132900,3.5
DE,2006,133000,3.06
DE,2006,139000,4.93
DE,2007,011100,17.15
DE,2007,011200,25.45
DE,2007,011300,3.64
DE,2007,011400,15.45
DE,2007,011500,2.94
DE,2007,011600,9.76
DE,2007,011700,11.41
DE,2007,011800,8.73
DE,2007,011900,6.91
DE,2007,012100,2.96
DE,2007,012200,3.54
DE,2007,012300,1.06
DE,2007,012500,3.47
DE,2007,012600,2.75
DE,2007,012900,0.0
DE,2007,021100,2.28
DE,2007,021200,5.22
DE,2007,021300,11.15
DE,2007,021900,0.0
DE,2007,023000,33.32
DE,2007,031100,0.21
DE,2007,031200,41.42
DE,2007,031300,1.81
DE,2007,031400,1.39
DE,2007,032100,10.12
DE,2007,032200,0.46
DE,2007,041100,107.76
DE,2007,041200,4.96
DE,2007,043100,11.43
DE,2007,043200,7.06
DE,2007,044100,12.24
DE,2007,044200,7.64
DE,2007,044300,10.24
DE,2007,044400,6.31
DE,2007,045100,24.8
DE,2007,045200,24.28
DE,2007,045300,17.26
DE,2007,045400,0.78
DE,2007,045500,1.99
DE,2007,051100,32.61
DE,2007,051200,0.0
DE,2007,052100,4.87
DE,2007,053100,7.41
DE,2007,053200,3.21
DE,2007,053300,1.28
DE,2007,054000,4.31
DE,2007,055100,1.79
DE,2007,055200,2.77
DE,2007,055300,0.0
DE,2007,056100,6.09
DE,2007,056200,2.48
DE,2007,061100,12.47
DE,2007,061200,1.23
DE,2007,061300,7.03
DE,2007,061400,0.0
DE,2007,062100,7.76
DE,2007,062200,6.52
DE,2007,062300,4.11
DE,2007,063100,7.57
DE,2007,063200,6.01
DE,2007,064100,0.0
DE,2007,071100,36.73
DE,2007,071200,2.48
DE,2007,071300,1.81
DE,2007,072100,6.68
DE,2007,072200,42.83
DE,2007,072300,27.95
DE,2007,072400,8.9
DE,2007,073100,5.85
DE,2007,073200,2.35
DE,2007,073300,3.2
DE,2007,073400,1.12
DE,2007,073500,10.48
DE,2007,074100,2.9
DE,2007,074900,1.0
DE,2007,081100,0.9
DE,2007,081200,0.0
DE,2007,081300,3.5
DE,2007,081400,5.07
DE,2007,081500,0.52
DE,2007,081900,0.0
DE,2007,082000,0.48
DE,2007,083100,2.54
DE,2007,083200,7.84
DE,2007,083300,0.12
DE,2007,083400,9.2
DE,2007,083500,1.34
DE,2007,083900,10.2
DE,2007,091100,1.99
DE,2007,091200,1.04
DE,2007,092100,3.88
DE,2007,092200,3.14
DE,2007,093100,8.31
DE,2007,093200,4.59
DE,2007,094200,0.0
DE,2007,094300,0.0
DE,2007,094500,0.6
DE,2007,094600,8.13
DE,2007,094700,0.0
DE,2007,095100,0.96
DE,2007,095200,1.77
DE,2007,096100,7.26
DE,2007,096200,0.0
DE,2007,096300,0.9
DE,2007,096900,0.17
DE,2007,097100,7.43
DE,2007,097200,10.93
DE,2007,097300,0.72
DE,2007,097400,2.18
DE,2007,098000,26.55
DE,2007,101000,7.31
DE,2007,102000,0.0
DE,2007,104000,0.0
DE,2007,105000,3.13
DE,2007,111100,36.59
DE,2007,111200,5.33
DE,2007,112000,12.61
DE,2007,121100,5.51
DE,2007,121200,5.37
DE,2007,121300,2.07
DE,2007,121400,7.55
DE,2007,121900,7.38
DE,2007,122200,4.09
DE,2007,131100,0.19
DE,2007,131200,11.0
DE,2007,131300,10.1
DE,2007,132100,4.85
DE,2007,132900,3.46
DE,2007,133000,3.02
DE,2007,139000,4.91
DE,2008,011100,17.29
DE,2008,011200,24.17
DE,2008,011300,3.64
DE,2008,011400,18.38
DE,2008,011500,3.38
DE,2008,011600,10.65
DE,2008,011700,12.52
DE,2008,011800,8.62
DE,2008,011900,6.58
DE,2008,012100,4.16
DE,2008,012200,3.06
DE,2008,012300,1.2
DE,2008,012500,4.42
DE,2008,012600,2.81
DE,2008,012900,0.0
DE,2008,021100,2.12
DE,2008,021200,6.19
DE,2008,021300,9.91
DE,2008,021900,0.1
DE,2008,023000,26.44
DE,2008,031100,0.0
DE,2008,031200,39.99
DE,2008,031300,1.01
DE,2008,031400,1.35
DE,2008,032100,9.98
DE,2008,032200,0.33
DE,2008,041100,104.75
DE,2008,041200,1.29
DE,2008,043100,10.74
DE,2008,043200,7.71
DE,2008,044100,12.25
DE,2008,044200,7.65
DE,2008,044300,10.3
DE,2008,044400,6.46
DE,2008,045100,29.85
DE,2008,045200,24.09
DE,2008,045300,18.47
DE,2008,045400,0.89
DE,2008,045500,1.84
DE,2008,051100,26.04
DE,2008,051200,0.0
DE,2008,052100,4.36
DE,2008,053100,6.9
DE,2008,053200,2.13
DE,2008,053300,0.89
DE,2008,054000,3.63
DE,2008,055100,1.95
DE,2008,055200,2.45
DE,2008,055300,0.0
DE,2008,056100,5.4
DE,2008,056200,3.0
DE,2008,061100,11.34
DE,2008,061200,1.91
DE,2008,061300,6.59
DE,2008,061400,0.0
DE,2008,062100,4.88
DE,2008,062200,6.24
DE,2008,062300,8.53
DE,2008,063100,6.82
DE,2008,063200,6.65
DE,2008,064100,0.0
DE,2008,071100,39.39
DE,2008,071200,1.39
DE,2008,071300,1.53
DE,2008,072100,7.94
DE,2008,072200,43.45
DE,2008,072300,23.19
DE,2008,072400,5.47
DE,2008,073100,6.6
DE,2008,073200,1.29
DE,2008,073300,3.01
DE,2008,073400,0.71
DE,2008,073500,9.85
DE,2008,074100,2.44
DE,2008,074900,0.91
DE,2008,081100,0.14
DE,2008,081200,1.31
DE,2008,081300,5.68
DE,2008,081400,3.86
DE,2008,081500,0.46
DE,2008,081900,0.0
DE,2008,082000,0.26
DE,2008,083100,3.65
DE,2008,083200,11.26
DE,2008,083300,0.17
DE,2008,083400,13.21
DE,2008,083500,1.57
DE,2008,083900,10.28
DE,2008,091100,2.48
DE,2008,091200,2.39
DE,2008,092100,6.81
DE,2008,092200,3.57
DE,2008,093100,8.46
DE,2008,093200,3.98
DE,2008,094200,0.0
DE,2008,094300,0.0
DE,2008,094500,1.69
DE,2008,094600,7.78
DE,2008,094700,0.0
DE,2008,095100,0.91
DE,2008,095200,1.9
DE,2008,096100,5.62
DE,2008,096200,0.9
DE,2008,096300,0.68
DE,2008,096900,0.17
DE,2008,097100,6.91
DE,2008,097200,8.97
DE,2008,097300,1.01
DE,2008,097400,2.02
DE,2008,098000,35.0
DE,2008,101000,4.66
DE,2008,102000,0.0
DE,2008,104000,0.0
DE,2008,105000,7.04
DE,2008,111100,32.59
DE,2008,111200,3.76
DE,2008,112000,15.07
DE,2008,121100,4.38
DE,2008,121200,6.16
DE,2008,121300,2.14
DE,2008,121400,10.36
DE,2008,121900,4.58
DE,2008,122200,5.15
DE,2008,131100,0.51
DE,2008,131200,12.59
DE,2008,131300,10.72
DE,2008,132100,3.19
DE,2008,132900,2.69
DE,2008,133000,3.26
DE,2008,139000,6.44
DE,2009,011100,17.89
DE,2009,011200,24.92
DE,2009,011300,3.71
DE,2009,011400,17.61
DE,2009,011500,3.18
DE,2009,011600,10.91
DE,2009,011700,13.46
DE,2009,011800,9.17
DE,2009,011900,6.83
DE,2009,012100,4.34
DE,2009,012200,3.04
DE,2009,012300,1.22
DE,2009,012500,4.31
DE,2009,012600,2.62
DE,2009,012900,0.0
DE,2009,021100,2.11
DE,2009,021200,6.34
DE,2009,021300,10.19
DE,2009,021900,0.1
DE,2009,023000,26.31
DE,2009,031100,0.0
DE,2009,031200,40.27
DE,2009,031300,1.05
DE,2009,031400,1.34
DE,2009,032100,9.93
DE,2009,032200,0.33
DE,2009,041100,105.07
DE,2009,041200,1.28
DE,2009,043100,10.92
DE,2009,043200,7.89
DE,2009,044100,12.18
DE,2009,044200,7.5
DE,2009,044300,10.22
DE,2009,044400,6.45
DE,2009,045100,31.29
DE,2009,045200,28.74
DE,2009,045300,16.58
DE,2009,045400,0.91
DE,2009,045500,2.07
DE,2009,051100,26.21
DE,2009,051200,0.0
DE,2009,052100,4.36
DE,2009,053100,6.87
DE,2009,053200,2.1
DE,2009,053300,0.89
DE,2009,054000,3.67
DE,2009,055100,1.93
DE,2009,055200,2.47
DE,2009,055300,0.0
DE,2009,056100,5.44
DE,2009,056200,2.98
DE,2009,061100,11.3
DE,2009,061200,1.92
DE,2009,061300,6.57
DE,2009,061400,0.0
DE,2009,062100,4.82
DE,2009,062200,6.15
DE,2009,062300,8.21
DE,2009,063100,7.01
DE,2009,063200,6.71
DE,2009,064100,0.0
DE,2009,071100,39.18
DE,2009,071200,1.39
DE,2009,071300,1.55
DE,2009,072100,8.05
DE,2009,072200,36.55
DE,2009,072300,23.68
DE,2009,072400,5.61
DE,2009,073100,6.71
DE,2009,073200,1.31
DE,2009,073300,3.33
DE,2009,073400,0.73
DE,2009,073500,10.4
DE,2009,074100,2.38
DE,2009,074900,0.92
DE,2009,081100,0.13
DE,2009,081200,0.74
DE,2009,081300,4.78
DE,2009,081400,3.41
DE,2009,081500,0.42
DE,2009,081900,0.0
DE,2009,082000,0.24
DE,2009,083100,3.42
DE,2009,083200,10.55
DE,2009,083300,0.16
DE,2009,083400,12.38
DE,2009,083500,1.58
DE,2009,083900,10.11
DE,2009,091100,2.26
DE,2009,091200,2.45
DE,2009,092100,6.78
DE,2009,092200,3.61
DE,2009,093100,8.33
DE,2009,093200,4.2
DE,2009,094200,0.0
DE,2009,094300,0.0
DE,2009,094500,1.93
DE,2009,094600,8.18
DE,2009,094700,0.0
DE,2009,095100,0.89
DE,2009,095200,1.69
DE,2009,096100,5.64
DE,2009,096200,0.95
DE,2009,096300,0.64
DE,2009,096900,0.17
DE,2009,097100,6.93
DE,2009,097200,9.08
DE,2009,097300,1.03
DE,2009,097400,2.09
DE,2009,098000,34.43
DE,2009,101000,4.29
DE,2009,102000,0.0
DE,2009,104000,0.0
DE,2009,105000,7.22
DE,2009,111100,32.87
DE,2009,111200,3.86
DE,2009,112000,15.15
DE,2009,121100,4.63
DE,2009,121200,6.32
DE,2009,121300,2.17
DE,2009,121400,11.34
DE,2009,121900,4.67
DE,2009,122200,4.95
DE,2009,131100,0.54
DE,2009,131200,12.59
DE,2009,131300,10.68
DE,2009,132100,3.26
DE,2009,132900,2.73
DE,2009,133000,3.26
DE,2009,139000,6.45
DE,2010,011100,17.41
DE,2010,011200,24.44
DE,2010,011300,3.77
DE,2010,011400,16.84
DE,2010,011500,3.27
DE,2010,011600,10.82
DE,2010,011700,11.46
DE,2010,011800,8.93
DE,2010,011900,6.73
DE,2010,012100,4.13
DE,2010,012200,2.98
DE,2010,012300,1.22
DE,2010,012500,4.33
DE,2010,012600,2.5
DE,2010,012900,0.0
DE,2010,021100,2.11
DE,2010,021200,6.33
DE,2010,021300,10.09
DE,2010,021900,0.1
DE,2010,023000,27.3
DE,2010,031100,0.0
DE,2010,031200,40.66
DE,2010,031300,1.05
DE,2010,031400,1.32
DE,2010,032100,10.02
DE,2010,032200,0.34
DE,2010,041100,104.4
DE,2010,041200,1.27
DE,2010,043100,11.12
DE,2010,043200,7.86
DE,2010,044100,12.19
DE,2010,044200,7.39
DE,2010,044300,10.18
DE,2010,044400,6.43
DE,2010,045100,32.58
DE,2010,045200,23.42
DE,2010,045300,15.99
DE,2010,045400,0.94
DE,2010,045500,1.9
DE,2010,051100,26.03
DE,2010,051200,0.0
DE,2010,052100,4.36
DE,2010,053100,6.73
DE,2010,053200,2.17
DE,2010,053300,0.89
DE,2010,054000,3.74
DE,2010,055100,1.9
DE,2010,055200,2.47
DE,2010,055300,0.0
DE,2010,056100,5.47
DE,2010,056200,3.0
DE,2010,061100,11.39
DE,2010,061200,1.86
DE,2010,061300,6.5
DE,2010,061400,0.0
DE,2010,062100,4.74
DE,2010,062200,6.06
DE,2010,062300,8.17
DE,2010,063100,6.95
DE,2010,063200,6.81
DE,2010,064100,0.0
DE,2010,071100,38.43
DE,2010,071200,1.44
DE,2010,071300,1.55
DE,2010,072100,8.07
DE,2010,072200,40.56
DE,2010,072300,23.74
DE,2010,072400,13.0
DE,2010,073100,6.74
DE,2010,073200,1.31
DE,2010,073300,3.28
DE,2010,073400,0.74
DE,2010,073500,10.57
DE,2010,074100,2.37
DE,2010,074900,0.91
DE,2010,081100,0.13
DE,2010,081200,0.67
DE,2010,081300,4.49
DE,2010,081400,3.1
DE,2010,081500,0.39
DE,2010,081900,0.0
DE,2010,082000,0.38
DE,2010,083100,3.3
DE,2010,083200,10.2
DE,2010,083300,0.15
DE,2010,083400,11.96
DE,2010,083500,1.57
DE,2010,083900,10.42
DE,2010,091100,2.1
DE,2010,091200,2.47
DE,2010,092100,6.72
DE,2010,092200,3.57
DE,2010,093100,8.3
DE,2010,093200,4.19
DE,2010,094200,0.0
DE,2010,094300,0.0
DE,2010,094500,1.9
DE,2010,094600,8.37
DE,2010,094700,0.0
DE,2010,095100,0.93
DE,2010,095200,1.55
DE,2010,096100,5.62
DE,2010,096200,0.97
DE,2010,096300,0.63
DE,2010,096900,0.17
DE,2010,097100,6.91
DE,2010,097200,9.28
DE,2010,097300,1.03
DE,2010,097400,2.11
DE,2010,098000,33.5
DE,2010,101000,4.03
DE,2010,102000,0.0
DE,2010,104000,0.0
DE,2010,105000,7.15
DE,2010,111100,32.92
DE,2010,111200,3.86
DE,2010,112000,15.24
DE,2010,121100,4.66
DE,2010,121200,6.29
DE,2010,121300,2.11
DE,2010,121400,11.75
DE,2010,121900,4.65
DE,2010,122200,5.0
DE,2010,131100,0.54
DE,2010,131200,12.41
DE,2010,131300,10.68
DE,2010,132100,3.4
DE,2010,132900,2.67
DE,2010,133000,3.25
DE,2010,139000,6.4
DE,2011,011100,17.32
DE,2011,011200,24.23
DE,2011,011300,3.83
DE,2011,011400,16.81
DE,2011,011500,3.29
DE,2011,011600,11.47
DE,2011,011700,13.26
DE,2011,011800,8.79
DE,2011,011900,6.62
DE,2011,012100,4.41
DE,2011,012200,3.02
DE,2011,012300,1.2
DE,2011,012500,4.25
DE,2011,012600,2.5
DE,2011,012900,0.0
DE,2011,021100,2.1
DE,2011,021200,6.25
DE,2011,021300,10.01
DE,2011,021900,0.1
DE,2011,023000,26.68
DE,2011,031100,0.0
DE,2011,031200,40.01
DE,2011,031300,1.04
DE,2011,031400,1.3
DE,2011,032100,9.96
DE,2011,032200,0.33
DE,2011,041100,103.83
DE,2011,041200,1.25
DE,2011,043100,11.1
DE,2011,043200,7.87
DE,2011,044100,12.18
DE,2011,044200,7.32
DE,2011,044300,10.29
DE,2011,044400,6.43
DE,2011,045100,33.09
DE,2011,045200,23.42
DE,2011,045300,18.54
DE,2011,045400,0.97
DE,2011,045500,1.87
DE,2011,051100,25.68
DE,2011,051200,0.0
DE,2011,052100,4.31
DE,2011,053100,6.55
DE,2011,053200,2.15
DE,2011,053300,0.88
DE,2011,054000,3.71
DE,2011,055100,1.88
DE,2011,055200,2.44
DE,2011,055300,0.0
DE,2011,056100,5.35
DE,2011,056200,2.94
DE,2011,061100,11.42
DE,2011,061200,1.86
DE,2011,061300,6.46
DE,2011,061400,0.0
DE,2011,062100,4.65
DE,2011,062200,6.02
DE,2011,062300,7.94
DE,2011,063100,6.78
DE,2011,063200,6.7
DE,2011,064100,0.0
DE,2011,071100,37.82
DE,2011,071200,1.44
DE,2011,071300,1.56
DE,2011,072100,8.31
DE,2011,072200,44.7
DE,2011,072300,23.61
DE,2011,072400,12.77
DE,2011,073100,6.68
DE,2011,073200,1.3
DE,2011,073300,3.21
DE,2011,073400,0.69
DE,2011,073500,10.63
DE,2011,074100,2.36
DE,2011,074900,0.89
DE,2011,081100,0.12
DE,2011,081200,0.61
DE,2011,081300,4.12
DE,2011,081400,2.86
DE,2011,081500,0.57
DE,2011,081900,0.0
DE,2011,082000,0.33
DE,2011,083100,3.16
DE,2011,083200,9.74
DE,2011,083300,0.15
DE,2011,083400,11.43
DE,2011,083500,1.56
DE,2011,083900,10.22
DE,2011,091100,1.75
DE,2011,091200,2.46
DE,2011,092100,6.48
DE,2011,092200,3.51
DE,2011,093100,8.43
DE,2011,093200,4.15
DE,2011,094200,0.0
DE,2011,094300,0.0
DE,2011,094500,1.87
DE,2011,094600,8.47
DE,2011,094700,0.0
DE,2011,095100,0.94
DE,2011,095200,1.41
DE,2011,096100,5.64
DE,2011,096200,0.99
DE,2011,096300,0.63
DE,2011,096900,0.17
DE,2011,097100,6.82
DE,2011,097200,9.4
DE,2011,097300,1.0
DE,2011,097400,2.08
DE,2011,098000,32.75
DE,2011,101000,4.02
DE,2011,102000,1.23
DE,2011,104000,1.51
DE,2011,105000,4.3
DE,2011,111100,32.67
DE,2011,111200,3.84
DE,2011,112000,14.96
DE,2011,121100,4.27
DE,2011,121200,6.39
DE,2011,121300,2.05
DE,2011,121400,11.59
DE,2011,121900,4.69
DE,2011,122200,4.78
DE,2011,131100,0.53
DE,2011,131200,12.2
DE,2011,131300,10.57
DE,2011,132100,3.5
DE,2011,132900,2.63
DE,2011,133000,3.25
DE,2011,139000,6.44
DE,2012,011100,17.18
DE,2012,011200,25.05
DE,2012,011300,3.6
DE,2012,011400,16.81
DE,2012,011500,3.22
DE,2012,011600,10.61
DE,2012,011700,10.39
DE,2012,011800,8.89
DE,2012,011900,6.73
DE,2012,012100,3.81
DE,2012,012200,3.31
DE,2012,012300,1.13
DE,2012,012500,4.01
DE,2012,012600,2.51
DE,2012,012900,0.0
DE,2012,021100,1.97
DE,2012,021200,5.97
DE,2012,021300,9.29
DE,2012,021900,0.1
DE,2012,023000,21.71
DE,2012,031100,0.0
DE,2012,031200,40.97
DE,2012,031300,0.99
DE,2012,031400,1.28
DE,2012,032100,10.68
DE,2012,032200,0.33
DE,2012,041100,104.48
DE,2012,041200,1.25
DE,2012,043100,10.65
DE,2012,043200,7.33
DE,2012,044100,12.33
DE,2012,044200,7.55
DE,2012,044300,10.48
DE,2012,044400,6.44
DE,2012,045100,33.17
DE,2012,045200,26.91
DE,2012,045300,19.98
DE,2012,045400,1.21
DE,2012,045500,2.47
DE,2012,051100,23.39
DE,2012,051200,0.0
DE,2012,052100,4.29
DE,2012,053100,6.49
DE,2012,053200,1.93
DE,2012,053300,0.8
DE,2012,054000,3.21
DE,2012,055100,1.91
DE,2012,055200,2.35
DE,2012,055300,0.0
DE,2012,056100,5.45
DE,2012,056200,2.92
DE,2012,061100,12.03
DE,2012,061200,2.12
DE,2012,061300,7.34
DE,2012,061400,0.0
DE,2012,062100,6.07
DE,2012,062200,7.56
DE,2012,062300,10.6
DE,2012,063100,8.74
DE,2012,063200,8.39
DE,2012,064100,0.0
DE,2012,071100,33.08
DE,2012,071200,1.19
DE,2012,071300,1.4
DE,2012,072100,8.04
DE,2012,072200,41.28
DE,2012,072300,21.9
DE,2012,072400,12.04
DE,2012,073100,6.88
DE,2012,073200,1.44
DE,2012,073300,3.84
DE,2012,073400,0.78
DE,2012,073500,10.7
DE,2012,074100,2.28
DE,2012,074900,1.0
DE,2012,081100,0.13
DE,2012,081200,1.39
DE,2012,081300,5.95
DE,2012,081400,4.07
DE,2012,081500,0.63
DE,2012,081900,0.0
DE,2012,082000,0.25
DE,2012,083100,3.4
DE,2012,083200,10.5
DE,2012,083300,0.16
DE,2012,083400,12.32
DE,2012,083500,1.39
DE,2012,083900,10.61
DE,2012,091100,2.29
DE,2012,091200,2.21
DE,2012,092100,6.85
DE,2012,092200,3.79
DE,2012,093100,8.27
DE,2012,093200,3.97
DE,2012,094200,0.0
DE,2012,094300,0.0
DE,2012,094500,1.66
DE,2012,094600,8.4
DE,2012,094700,0.0
DE,2012,095100,0.88
DE,2012,095200,1.55
DE,2012,096100,5.89
DE,2012,096200,0.99
DE,2012,096300,0.71
DE,2012,096900,0.17
DE,2012,097100,6.71
DE,2012,097200,8.47
DE,2012,097300,0.98
DE,2012,097400,1.94
DE,2012,098000,31.2
DE,2012,101000,5.38
DE,2012,102000,0.5
DE,2012,104000,0.61
DE,2012,105000,3.61
DE,2012,111100,33.31
DE,2012,111200,3.82
DE,2012,112000,17.74
DE,2012,121100,3.96
DE,2012,121200,5.44
DE,2012,121300,1.89
DE,2012,121400,9.18
DE,2012,121900,3.94
DE,2012,122200,4.94
DE,2012,131100,0.57
DE,2012,131200,13.22
DE,2012,131300,11.21
DE,2012,132100,3.35
DE,2012,132900,2.65
DE,2012,133000,4.17
DE,2012,139000,6.4
DE,2013,011100,18.05
DE,2013,011200,25.14
DE,2013,011300,4.3
DE,2013,011400,16.16
DE,2013,011500,2.82
DE,2013,011600,10.64
DE,2013,011700,13.37
DE,2013,011800,8.87
DE,2013,011900,7.09
DE,2013,012100,3.3
DE,2013,012200,3.32
DE,2013,012300,1.12
DE,2013,012500,3.64
DE,2013,012600,3.07
DE,2013,012900,0.0
DE,2013,021100,2.2
DE,2013,021200,6.69
DE,2013,021300,9.57
DE,2013,021900,0.12
DE,2013,023000,25.16
DE,2013,031100,0.93
DE,2013,031200,38.16
DE,2013,031300,1.2
DE,2013,031400,1.21
DE,2013,032100,9.46
DE,2013,032200,0.3
DE,2013,041100,102.05
DE,2013,041200,1.69
DE,2013,043100,6.48
DE,2013,043200,5.84
DE,2013,044100,8.85
DE,2013,044200,7.47
DE,2013,044300,10.81
DE,2013,044400,7.3
DE,2013,045100,30.92
DE,2013,045200,23.71
DE,2013,045300,19.76
DE,2013,045400,1.25
DE,2013,045500,1.91
DE,2013,051100,21.3
DE,2013,051200,0.0
DE,2013,052100,4.13
DE,2013,053100,7.21
DE,2013,053200,3.75
DE,2013,053300,0.51
DE,2013,054000,2.87
DE,2013,055100,2.0
DE,2013,055200,2.83
DE,2013,055300,0.0
DE,2013,056100,5.6
DE,2013,056200,3.42
DE,2013,061100,11.64
DE,2013,061200,2.03
DE,2013,061300,8.3
DE,2013,061400,0.0
DE,2013,062100,6.15
DE,2013,062200,6.28
DE,2013,062300,9.65
DE,2013,063100,7.59
DE,2013,063200,5.57
DE,2013,064100,0.0
DE,2013,071100,34.99
DE,2013,071200,1.4
DE,2013,071300,2.24
DE,2013,072100,9.46
DE,2013,072200,46.34
DE,2013,072300,22.59
DE,2013,072400,15.98
DE,2013,073100,8.43
DE,2013,073200,1.46
DE,2013,073300,3.64
DE,2013,073400,0.8
DE,2013,073500,12.69
DE,2013,074100,2.67
DE,2013,074900,0.77
DE,2013,081100,0.13
DE,2013,081200,1.44
DE,2013,081300,5.11
DE,2013,081400,5.13
DE,2013,081500,0.46
DE,2013,081900,0.0
DE,2013,082000,0.48
DE,2013,083100,3.53
DE,2013,083200,10.91
DE,2013,083300,0.16
DE,2013,083400,12.8
DE,2013,083500,0.55
DE,2013,083900,9.74
DE,2013,091100,1.97
DE,2013,091200,1.96
DE,2013,092100,6.77
DE,2013,092200,2.67
DE,2013,093100,7.93
DE,2013,093200,4.63
DE,2013,094200,0.0
DE,2013,094300,0.0
DE,2013,094500,1.98
DE,2013,094600,8.45
DE,2013,094700,0.0
DE,2013,095100,0.85
DE,2013,095200,1.65
DE,2013,096100,6.36
DE,2013,096200,1.06
DE,2013,096300,0.45
DE,2013,096900,0.17
DE,2013,097100,7.3
DE,2013,097200,7.41
DE,2013,097300,0.86
DE,2013,097400,1.27
DE,2013,098000,37.81
DE,2013,101000,4.48
DE,2013,102000,1.55
DE,2013,104000,2.43
DE,2013,105000,2.25
DE,2013,111100,34.88
DE,2013,111200,5.0
DE,2013,112000,11.9
DE,2013,121100,5.83
DE,2013,121200,5.63
DE,2013,121300,2.15
DE,2013,121400,6.5
DE,2013,121900,4.36
DE,2013,122200,1.93
DE,2013,131100,0.49
DE,2013,131200,13.07
DE,2013,131300,10.98
DE,2013,132100,4.44
DE,2013,132900,2.06
DE,2013,133000,3.67
DE,2013,139000,6.13
DE,2014,011100,18.19
DE,2014,011200,24.82
DE,2014,011300,4.3
DE,2014,011400,18.08
DE,2014,011500,3.36
DE,2014,011600,10.83
DE,2014,011700,13.95
DE,2014,011800,9.0
DE,2014,011900,7.15
DE,2014,012100,3.24
DE,2014,012200,2.97
DE,2014,012300,1.08
DE,2014,012500,3.65
DE,2014,012600,2.87
DE,2014,012900,0.0
DE,2014,021100,2.28
DE,2014,021200,6.8
DE,2014,021300,10.08
DE,2014,021900,0.13
DE,2014,023000,25.18
DE,2014,031100,0.9
DE,2014,031200,37.8
DE,2014,031300,1.22
DE,2014,031400,1.24
DE,2014,032100,9.35
DE,2014,032200,0.3
DE,2014,041100,102.04
DE,2014,041200,1.68
DE,2014,043100,6.45
DE,2014,043200,5.82
DE,2014,044100,8.55
DE,2014,044200,7.24
DE,2014,044300,10.41
DE,2014,044400,7.07
DE,2014,045100,32.92
DE,2014,045200,22.63
DE,2014,045300,18.48
DE,2014,045400,1.18
DE,2014,045500,1.86
DE,2014,051100,21.83
DE,2014,051200,0.0
DE,2014,052100,4.12
DE,2014,053100,7.24
DE,2014,053200,3.74
DE,2014,053300,0.51
DE,2014,054000,2.97
DE,2014,055100,1.97
DE,2014,055200,2.84
DE,2014,055300,0.0
DE,2014,056100,5.6
DE,2014,056200,3.42
DE,2014,061100,12.34
DE,2014,061200,2.15
DE,2014,061300,8.65
DE,2014,061400,0.0
DE,2014,062100,5.16
DE,2014,062200,5.99
DE,2014,062300,9.27
DE,2014,063100,7.51
DE,2014,063200,6.05
DE,2014,064100,0.0
DE,2014,071100,33.2
DE,2014,071200,1.34
DE,2014,071300,2.13
DE,2014,072100,9.15
DE,2014,072200,42.25
DE,2014,072300,22.28
DE,2014,072400,15.74
DE,2014,073100,8.6
DE,2014,073200,1.48
DE,2014,073300,3.43
DE,2014,073400,0.76
DE,2014,073500,13.16
DE,2014,074100,2.56
DE,2014,074900,0.78
DE,2014,081100,0.15
DE,2014,081200,1.54
DE,2014,081300,5.4
DE,2014,081400,5.41
DE,2014,081500,0.55
DE,2014,081900,0.0
DE,2014,082000,0.31
DE,2014,083100,3.58
DE,2014,083200,11.06
DE,2014,083300,0.17
DE,2014,083400,12.98
DE,2014,083500,0.56
DE,2014,083900,9.71
DE,2014,091100,2.0
DE,2014,091200,1.98
DE,2014,092100,6.89
DE,2014,092200,2.77
DE,2014,093100,8.11
DE,2014,093200,4.68
DE,2014,094200,0.0
DE,2014,094300,0.0
DE,2014,094500,2.01
DE,2014,094600,8.5
DE,2014,094700,0.0
DE,2014,095100,0.84
DE,2014,095200,1.69
DE,2014,096100,6.35
DE,2014,096200,1.08
DE,2014,096300,0.46
DE,2014,096900,0.17
DE,2014,097100,7.53
DE,2014,097200,7.54
DE,2014,097300,0.9
DE,2014,097400,1.29
DE,2014,098000,40.02
DE,2014,101000,4.87
DE,2014,102000,1.48
DE,2014,104000,2.47
DE,2014,105000,2.25
DE,2014,111100,35.01
DE,2014,111200,5.07
DE,2014,112000,12.27
DE,2014,121100,5.91
DE,2014,121200,5.62
DE,2014,121300,2.04
DE,2014,121400,7.05
DE,2014,121900,4.55
DE,2014,122200,1.58
DE,2014,131100,0.48
DE,2014,131200,12.54
DE,2014,131300,10.88
DE,2014,132100,4.12
DE,2014,132900,2.07
DE,2014,133000,3.94
DE,2014,139000,6.19
DE,2015,011100,18.02
DE,2015,011200,23.71
DE,2015,011300,4.28
DE,2015,011400,17.12
DE,2015,011500,2.77
DE,2015,011600,10.11
DE,2015,011700,12.18
DE,2015,011800,8.92
DE,2015,011900,7.22
DE,2015,012100,2.87
DE,2015,012200,3.35
DE,2015,012300,1.03
DE,2015,012500,3.44
DE,2015,012600,2.65
DE,2015,012900,0.0
DE,2015,021100,2.25
DE,2015,021200,6.92
DE,2015,021300,9.51
DE,2015,021900,0.7
DE,2015,023000,24.36
DE,2015,031100,0.95
DE,2015,031200,39.63
DE,2015,031300,1.23
DE,2015,031400,1.29
DE,2015,032100,9.35
DE,2015,032200,0.31
DE,2015,041100,101.91
DE,2015,041200,1.57
DE,2015,043100,6.33
DE,2015,043200,5.75
DE,2015,044100,8.48
DE,2015,044200,7.36
DE,2015,044300,10.46
DE,2015,044400,7.02
DE,2015,045100,33.47
DE,2015,045200,24.75
DE,2015,045300,16.85
DE,2015,045400,1.24
DE,2015,045500,2.04
DE,2015,051100,21.58
DE,2015,051200,0.0
DE,2015,052100,4.17
DE,2015,053100,7.6
DE,2015,053200,3.93
DE,2015,053300,0.54
DE,2015,054000,3.13
DE,2015,055100,1.7
DE,2015,055200,2.89
DE,2015,055300,0.3
DE,2015,056100,5.74
DE,2015,056200,3.4
DE,2015,061100,13.58
DE,2015,061200,2.32
DE,2015,061300,9.3
DE,2015,061400,0.0
DE,2015,062100,4.54
DE,2015,062200,6.16
DE,2015,062300,8.86
DE,2015,063100,7.65
DE,2015,063200,5.83
DE,2015,064100,2.69
DE,2015,071100,33.21
DE,2015,071200,1.33
DE,2015,071300,2.09
DE,2015,072100,9.08
DE,2015,072200,39.41
DE,2015,072300,22.21
DE,2015,072400,15.59
DE,2015,073100,9.06
DE,2015,073200,1.63
DE,2015,073300,3.75
DE,2015,073400,1.0
DE,2015,073500,14.04
DE,2015,074100,2.62
DE,2015,074900,0.82
DE,2015,081100,0.14
DE,2015,081200,1.43
DE,2015,081300,4.75
DE,2015,081400,5.05
DE,2015,081500,0.67
DE,2015,081900,0.17
DE,2015,082000,0.72
DE,2015,083100,3.72
DE,2015,083200,11.48
DE,2015,083300,0.17
DE,2015,083400,13.44
DE,2015,083500,0.53
DE,2015,083900,10.04
DE,2015,091100,1.96
DE,2015,091200,1.87
DE,2015,092100,6.72
DE,2015,092200,2.72
DE,2015,093100,7.96
DE,2015,093200,4.74
DE,2015,094200,0.0
DE,2015,094300,0.0
DE,2015,094500,2.16
DE,2015,094600,8.74
DE,2015,094700,0.0
DE,2015,095100,0.87
DE,2015,095200,1.46
DE,2015,096100,6.51
DE,2015,096200,1.1
DE,2015,096300,0.46
DE,2015,096900,0.17
DE,2015,097100,7.16
DE,2015,097200,7.52
DE,2015,097300,0.89
DE,2015,097400,1.28
DE,2015,098000,37.36
DE,2015,101000,4.44
DE,2015,102000,1.6
DE,2015,104000,2.62
DE,2015,105000,2.44
DE,2015,111100,35.4
DE,2015,111200,5.1
DE,2015,112000,12.32
DE,2015,121100,5.99
DE,2015,121200,6.01
DE,2015,121300,2.14
DE,2015,121400,6.87
DE,2015,121900,4.63
DE,2015,122200,1.97
DE,2015,131100,0.5
DE,2015,131200,12.87
DE,2015,131300,11.21
DE,2015,132100,4.03
DE,2015,132900,2.14
DE,2015,133000,4.22
DE,2015,139000,6.33
DE,2016,011100,18.01
DE,2016,011200,23.76
DE,2016,011300,4.31
DE,2016,011400,15.54
DE,2016,011500,2.82
DE,2016,011600,10.8
DE,2016,011700,13.36
DE,2016,011800,8.99
DE,2016,011900,7.26
DE,2016,012100,2.86
DE,2016,012200,3.12
DE,2016,012300,1.04
DE,2016,012500,3.38
DE,2016,012600,2.68
DE,2016,012900,0.0
DE,2016,021100,2.24
DE,2016,021200,6.79
DE,2016,021300,9.24
DE,2016,021900,0.69
DE,2016,023000,25.14
DE,2016,031100,0.99
DE,2016,031200,38.07
DE,2016,031300,1.24
DE,2016,031400,1.28
DE,2016,032100,9.97
DE,2016,032200,0.33
DE,2016,041100,103.71
DE,2016,041200,1.6
DE,2016,043100,6.29
DE,2016,043200,5.19
DE,2016,044100,8.72
DE,2016,044200,7.41
DE,2016,044300,10.56
DE,2016,044400,7.15
DE,2016,045100,32.65
DE,2016,045200,20.41
DE,2016,045300,11.17
DE,2016,045400,1.14
DE,2016,045500,1.81
DE,2016,051100,22.5
DE,2016,051200,0.52
DE,2016,052100,4.14
DE,2016,053100,7.47
DE,2016,053200,3.78
DE,2016,053300,0.52
DE,2016,054000,3.15
DE,2016,055100,1.68
DE,2016,055200,2.79
DE,2016,055300,0.3
DE,2016,056100,5.83
DE,2016,056200,3.62
DE,2016,061100,13.6
DE,2016,061200,2.35
DE,2016,061300,9.58
DE,2016,061400,0.0
DE,2016,062100,4.96
DE,2016,062200,6.61
DE,2016,062300,9.66
DE,2016,063100,8.24
DE,2016,063200,6.33
DE,2016,064100,2.92
DE,2016,071100,34.98
DE,2016,071200,1.4
DE,2016,071300,2.24
DE,2016,072100,9.3
DE,2016,072200,36.37
DE,2016,072300,20.68
DE,2016,072400,15.88
DE,2016,073100,8.64
DE,2016,073200,1.73
DE,2016,073300,3.54
DE,2016,073400,0.91
DE,2016,073500,13.64
DE,2016,074100,2.74
DE,2016,074900,0.82
DE,2016,081100,0.15
DE,2016,081200,1.62
DE,2016,081300,5.17
DE,2016,081400,5.15
DE,2016,081500,0.69
DE,2016,081900,0.2
DE,2016,082000,0.6
DE,2016,083100,3.54
DE,2016,083200,10.94
DE,2016,083300,0.17
DE,2016,083400,12.81
DE,2016,083500,0.52
DE,2016,083900,10.36
DE,2016,091100,2.01
DE,2016,091200,2.09
DE,2016,092100,6.64
DE,2016,092200,2.68
DE,2016,093100,7.77
DE,2016,093200,4.64
DE,2016,094200,0.0
DE,2016,094300,0.0
DE,2016,094500,2.15
DE,2016,094600,9.09
DE,2016,094700,0.0
DE,2016,095100,1.01
DE,2016,095200,1.42
DE,2016,096100,6.85
DE,2016,096200,1.14
DE,2016,096300,0.49
DE,2016,096900,0.18
DE,2016,097100,7.23
DE,2016,097200,7.67
DE,2016,097300,0.89
DE,2016,097400,1.29
DE,2016,098000,38.74
DE,2016,101000,4.58
DE,2016,102000,1.65
DE,2016,104000,3.27
DE,2016,105000,2.5
DE,2016,111100,37.8
DE,2016,111200,5.39
DE,2016,112000,12.92
DE,2016,121100,6.3
DE,2016,121200,6.38
DE,2016,121300,2.32
DE,2016,121400,7.1
DE,2016,121900,5.03
DE,2016,122200,2.36
DE,2016,131100,0.51
DE,2016,131200,13.09
DE,2016,131300,11.48
DE,2016,132100,3.84
DE,2016,132900,1.95
DE,2016,133000,4.67
DE,2016,139000,5.76
DE,2017,011100,18.04
DE,2017,011200,24.33
DE,2017,011300,4.42
DE,2017,011400,16.79
DE,2017,011500,3.37
DE,2017,011600,10.57
DE,2017,011700,14.11
DE,2017,011800,8.98
DE,2017,011900,7.28
DE,2017,012100,3.31
DE,2017,012200,3.16
DE,2017,012300,1.11
DE,2017,012500,3.67
DE,2017,012600,2.98
DE,2017,012900,0.0
DE,2017,021100,2.13
DE,2017,021200,6.48
DE,2017,021300,8.74
DE,2017,021900,0.64
DE,2017,023000,25.32
DE,2017,031100,0.96
DE,2017,031200,37.69
DE,2017,031300,1.22
DE,2017,031400,1.23
DE,2017,032100,10.22
DE,2017,032200,0.33
DE,2017,041100,102.14
DE,2017,041200,1.57
DE,2017,043100,6.29
DE,2017,043200,5.32
DE,2017,044100,8.35
DE,2017,044200,7.08
DE,2017,044300,10.09
DE,2017,044400,6.82
DE,2017,045100,30.94
DE,2017,045200,20.75
DE,2017,045300,10.96
DE,2017,045400,1.05
DE,2017,045500,1.62
DE,2017,051100,22.48
DE,2017,051200,0.52
DE,2017,052100,4.1
DE,2017,053100,7.29
DE,2017,053200,3.8
DE,2017,053300,0.51
DE,2017,054000,3.11
DE,2017,055100,1.66
DE,2017,055200,2.76
DE,2017,055300,0.3
DE,2017,056100,5.39
DE,2017,056200,3.3
DE,2017,061100,13.48
DE,2017,061200,2.35
DE,2017,061300,9.5
DE,2017,061400,0.0
DE,2017,062100,5.04
DE,2017,062200,6.72
DE,2017,062300,9.93
DE,2017,063100,7.78
DE,2017,063200,7.2
DE,2017,064100,2.98
DE,2017,071100,36.6
DE,2017,071200,1.48
DE,2017,071300,2.29
DE,2017,072100,8.93
DE,2017,072200,39.82
DE,2017,072300,21.69
DE,2017,072400,15.38
DE,2017,073100,8.87
DE,2017,073200,1.61
DE,2017,073300,3.57
DE,2017,073400,0.83
DE,2017,073500,13.78
DE,2017,074100,2.85
DE,2017,074900,0.82
DE,2017,081100,0.15
DE,2017,081200,1.72
DE,2017,081300,4.9
DE,2017,081400,4.89
DE,2017,081500,0.63
DE,2017,081900,0.17
DE,2017,082000,0.48
DE,2017,083100,3.71
DE,2017,083200,10.96
DE,2017,083300,0.17
DE,2017,083400,13.1
DE,2017,083500,0.5
DE,2017,083900,9.02
DE,2017,091100,2.06
DE,2017,091200,2.01
DE,2017,092100,6.68
DE,2017,092200,2.64
DE,2017,093100,7.87
DE,2017,093200,4.55
DE,2017,094200,0.0
DE,2017,094300,0.0
DE,2017,094500,2.13
DE,2017,094600,7.81
DE,2017,094700,0.0
DE,2017,095100,0.95
DE,2017,095200,1.39
DE,2017,096100,5.82
DE,2017,096200,0.97
DE,2017,096300,0.41
DE,2017,096900,0.16
DE,2017,097100,7.02
DE,2017,097200,7.02
DE,2017,097300,0.83
DE,2017,097400,1.19
DE,2017,098000,37.91
DE,2017,101000,4.67
DE,2017,102000,1.7
DE,2017,104000,3.65
DE,2017,105000,2.58
DE,2017,111100,37.54
DE,2017,111200,5.38
DE,2017,112000,13.26
DE,2017,121100,6.14
DE,2017,121200,6.2
DE,2017,121300,2.24
DE,2017,121400,7.22
DE,2017,121900,4.78
DE,2017,122200,2.44
DE,2017,131100,0.54
DE,2017,131200,14.04
DE,2017,131300,12.03
DE,2017,132100,3.9
DE,2017,132900,1.93
DE,2017,133000,5.1
DE,2017,139000,6.0
DE,2018,011100,18.07
DE,2018,011200,24.92
DE,2018,011300,4.41
DE,2018,011400,18.87
DE,2018,011500,3.83
DE,2018,011600,11.03
DE,2018,011700,12.81
DE,2018,011800,8.9
DE,2018,011900,7.24
DE,2018,012100,3.45
DE,2018,012200,3.46
DE,2018,012300,1.16
DE,2018,012500,3.83
DE,2018,012600,3.07
DE,2018,012900,0.0
DE,2018,021100,2.2
DE,2018,021200,6.76
DE,2018,021300,9.12
DE,2018,021900,0.68
DE,2018,023000,24.32
DE,2018,031100,0.73
DE,2018,031200,34.59
DE,2018,031300,1.11
DE,2018,031400,1.13
DE,2018,032100,9.88
DE,2018,032200,0.31
DE,2018,041100,100.65
DE,2018,041200,1.54
DE,2018,043100,6.24
DE,2018,043200,5.31
DE,2018,044100,8.37
DE,2018,044200,7.18
DE,2018,044300,10.24
DE,2018,044400,6.92
DE,2018,045100,29.59
DE,2018,045200,21.25
DE,2018,045300,11.53
DE,2018,045400,1.03
DE,2018,045500,1.62
DE,2018,051100,22.68
DE,2018,051200,0.53
DE,2018,052100,4.48
DE,2018,053100,7.09
DE,2018,053200,3.87
DE,2018,053300,0.5
DE,2018,054000,3.54
DE,2018,055100,1.65
DE,2018,055200,2.79
DE,2018,055300,0.3
DE,2018,056100,5.51
DE,2018,056200,3.39
DE,2018,061100,13.24
DE,2018,061200,2.29
DE,2018,061300,9.3
DE,2018,061400,0.0
DE,2018,062100,4.93
DE,2018,062200,6.57
DE,2018,062300,8.59
DE,2018,063100,7.59
DE,2018,063200,6.59
DE,2018,064100,2.91
DE,2018,071100,38.63
DE,2018,071200,1.56
DE,2018,071300,2.38
DE,2018,072100,8.5
DE,2018,072200,39.08
DE,2018,072300,20.66
DE,2018,072400,14.67
DE,2018,073100,9.3
DE,2018,073200,1.63
DE,2018,073300,3.79
DE,2018,073400,0.94
DE,2018,073500,14.04
DE,2018,074100,3.02
DE,2018,074900,0.83
DE,2018,081100,0.16
DE,2018,081200,1.87
DE,2018,081300,4.95
DE,2018,081400,5.2
DE,2018,081500,0.74
DE,2018,081900,0.18
DE,2018,082000,0.45
DE,2018,083100,3.83
DE,2018,083200,11.45
DE,2018,083300,0.18
DE,2018,083400,13.41
DE,2018,083500,0.52
DE,2018,083900,9.14
DE,2018,091100,2.02
DE,2018,091200,2.16
DE,2018,092100,7.25
DE,2018,092200,2.71
DE,2018,093100,8.14
DE,2018,093200,4.68
DE,2018,094200,0.0
DE,2018,094300,0.0
DE,2018,094500,2.43
DE,2018,094600,7.85
DE,2018,094700,0.0
DE,2018,095100,1.0
DE,2018,095200,1.51
DE,2018,096100,5.86
DE,2018,096200,0.98
DE,2018,096300,0.42
DE,2018,096900,0.16
DE,2018,097100,6.5
DE,2018,097200,7.02
DE,2018,097300,0.81
DE,2018,097400,1.22
DE,2018,098000,41.43
DE,2018,101000,4.75
DE,2018,102000,1.74
DE,2018,104000,3.77
DE,2018,105000,2.62
DE,2018,111100,37.22
DE,2018,111200,5.31
DE,2018,112000,13.12
DE,2018,121100,6.14
DE,2018,121200,6.31
DE,2018,121300,2.24
DE,2018,121400,6.53
DE,2018,121900,4.79
DE,2018,122200,2.46
DE,2018,131100,0.5
DE,2018,131200,12.77
DE,2018,131300,10.75
DE,2018,132100,4.45
DE,2018,132900,2.21
DE,2018,133000,5.02
DE,2018,139000,6.29
DE,2019,011100,15.56
DE,2019,011200,21.36
DE,2019,011300,3.61
DE,2019,011400,16.74
DE,2019,011500,2.8
DE,2019,011600,9.98
DE,2019,011700,13.13
DE,2019,011800,8.08
DE,2019,011900,6.81
DE,2019,012100,2.69
DE,2019,012200,3.46
DE,2019,012300,0.9
DE,2019,012500,3.39
DE,2019,012600,3.1
DE,2019,012900,0.0
DE,2019,021100,3.81
DE,2019,021200,8.64
DE,2019,021300,6.34
DE,2019,021900,0.49
DE,2019,023000,22.68
DE,2019,031100,1.15
DE,2019,031200,39.31
DE,2019,031300,1.18
DE,2019,031400,1.06
DE,2019,032100,11.04
DE,2019,032200,0.22
DE,2019,041100,95.04
DE,2019,041200,12.07
DE,2019,043100,8.64
DE,2019,043200,8.82
DE,2019,044100,7.62
DE,2019,044200,6.28
DE,2019,044300,6.22
DE,2019,044400,19.14
DE,2019,045100,28.57
DE,2019,045200,26.74
DE,2019,045300,13.9
DE,2019,045400,1.61
DE,2019,045500,5.75
DE,2019,051100,19.57
DE,2019,051200,0.36
DE,2019,052100,4.49
DE,2019,053100,6.68
DE,2019,053200,3.78
DE,2019,053300,0.49
DE,2019,054000,3.83
DE,2019,055100,1.82
DE,2019,055200,3.89
DE,2019,055300,0.4
DE,2019,056100,4.61
DE,2019,056200,4.02
DE,2019,061100,10.94
DE,2019,061200,2.68
DE,2019,061300,7.6
DE,2019,061400,0.0
DE,2019,062100,6.13
DE,2019,062200,8.26
DE,2019,062300,10.75
DE,2019,063100,7.6
DE,2019,063200,8.59
DE,2019,064100,0.72
DE,2019,071100,39.37
DE,2019,071200,1.4
DE,2019,071300,2.07
DE,2019,072100,7.84
DE,2019,072200,40.97
DE,2019,072300,18.29
DE,2019,072400,15.22
DE,2019,073100,5.52
DE,2019,073200,1.49
DE,2019,073300,6.23
DE,2019,073400,0.6
DE,2019,073500,13.52
DE,2019,074100,2.02
DE,2019,074900,0.47
DE,2019,081100,0.66
DE,2019,081200,2.54
DE,2019,081300,6.04
DE,2019,081400,5.19
DE,2019,081500,0.6
DE,2019,081900,0.25
DE,2019,082000,0.49
DE,2019,083100,1.23
DE,2019,083200,9.85
DE,2019,083300,0.85
DE,2019,083400,11.78
DE,2019,083500,0.31
DE,2019,083900,9.99
DE,2019,091100,1.25
DE,2019,091200,2.3
DE,2019,092100,4.56
DE,2019,092200,3.26
DE,2019,093100,7.07
DE,2019,093200,5.16
DE,2019,094200,0.0
DE,2019,094300,0.0
DE,2019,094500,2.2
DE,2019,094600,9.53
DE,2019,094700,0.0
DE,2019,095100,0.37
DE,2019,095200,1.46
DE,2019,096100,6.64
DE,2019,096200,1.83
DE,2019,096300,1.17
DE,2019,096900,2.04
DE,2019,097100,5.34
DE,2019,097200,6.2
DE,2019,097300,3.27
DE,2019,097400,1.44
DE,2019,098000,26.97
DE,2019,101000,3.69
DE,2019,102000,1.73
DE,2019,104000,2.54
DE,2019,105000,2.39
DE,2019,111100,38.29
DE,2019,111200,5.63
DE,2019,112000,12.21
DE,2019,121100,4.89
DE,2019,121200,5.6
DE,2019,121300,1.93
DE,2019,121400,9.2
DE,2019,121900,4.61
DE,2019,122200,1.68
DE,2019,131100,0.58
DE,2019,131200,13.68
DE,2019,131300,12.34
DE,2019,132100,3.2
DE,2019,132900,2.6
DE,2019,133000,5.79
DE,2019,139000,5.43
DE,2020,011100,15.98
DE,2020,011200,22.46
DE,2020,011300,3.77
DE,2020,011400,16.19
DE,2020,011500,2.47
DE,2020,011600,10.13
DE,2020,011700,13.27
DE,2020,011800,8.2
DE,2020,011900,6.91
DE,2020,012100,2.66
DE,2020,012200,3.55
DE,2020,012300,0.94
DE,2020,012500,3.61
DE,2020,012600,3.13
DE,2020,012900,0.15
DE,2020,021100,3.91
DE,2020,021200,8.65
DE,2020,021300,6.34
DE,2020,021900,0.49
DE,2020,023000,22.67
DE,2020,031100,1.12
DE,2020,031200,37.39
DE,2020,031300,1.1
DE,2020,031400,0.98
DE,2020,032100,10.48
DE,2020,032200,0.21
DE,2020,041100,94.92
DE,2020,041200,12.08
DE,2020,043100,8.78
DE,2020,043200,8.95
DE,2020,044100,7.84
DE,2020,044200,6.48
DE,2020,044300,6.43
DE,2020,044400,19.64
DE,2020,045100,28.3
DE,2020,045200,24.42
DE,2020,045300,11.61
DE,2020,045400,1.5
DE,2020,045500,5.48
DE,2020,051100,19.64
DE,2020,051200,0.36
DE,2020,052100,4.5
DE,2020,053100,6.58
DE,2020,053200,3.68
DE,2020,053300,0.48
DE,2020,054000,3.63
DE,2020,055100,1.81
DE,2020,055200,3.94
DE,2020,055300,0.4
DE,2020,056100,4.71
DE,2020,056200,3.96
DE,2020,061100,11.26
DE,2020,061200,2.57
DE,2020,061300,8.55
DE,2020,061400,0.0
DE,2020,062100,6.41
DE,2020,062200,8.68
DE,2020,062300,11.53
DE,2020,063100,7.47
DE,2020,063200,9.6
DE,2020,064100,0.75
DE,2020,071100,39.55
DE,2020,071200,1.41
DE,2020,071300,2.1
DE,2020,072100,8.22
DE,2020,072200,37.66
DE,2020,072300,19.3
DE,2020,072400,15.66
DE,2020,073100,5.41
DE,2020,073200,1.6
DE,2020,073300,6.87
DE,2020,073400,0.63
DE,2020,073500,13.86
DE,2020,074100,2.31
DE,2020,074900,0.48
DE,2020,081100,0.5
DE,2020,081200,2.31
DE,2020,081300,6.23
DE,2020,081400,5.26
DE,2020,081500,0.4
DE,2020,081900,0.23
DE,2020,082000,0.56
DE,2020,083100,1.29
DE,2020,083200,10.03
DE,2020,083300,0.88
DE,2020,083400,12.04
DE,2020,083500,0.42
DE,2020,083900,3.45
DE,2020,091100,1.23
DE,2020,091200,2.25
DE,2020,092100,4.49
DE,2020,092200,3.25
DE,2020,093100,7.17
DE,2020,093200,5.36
DE,2020,094200,0.0
DE,2020,094300,0.0
DE,2020,094500,2.09
DE,2020,094600,9.88
DE,2020,094700,0.0
DE,2020,095100,0.36
DE,2020,095200,1.62
DE,2020,096100,6.92
DE,2020,096200,1.91
DE,2020,096300,1.2
DE,2020,096900,2.15
DE,2020,097100,5.51
DE,2020,097200,6.21
DE,2020,097300,3.3
DE,2020,097400,1.45
DE,2020,098000,31.45
DE,2020,101000,3.72
DE,2020,102000,1.8
DE,2020,104000,2.67
DE,2020,105000,2.54
DE,2020,111100,39.49
DE,2020,111200,5.81
DE,2020,112000,12.37
DE,2020,121100,4.81
DE,2020,121200,5.37
DE,2020,121300,1.9
DE,2020,121400,10.1
DE,2020,121900,4.49
DE,2020,122200,1.66
DE,2020,131100,0.56
DE,2020,131200,12.86
DE,2020,131300,12.2
DE,2020,132100,3.09
DE,2020,132900,2.56
DE,2020,133000,6.33
DE,2020,139000,5.51
DE,2021,011100,18.1
DE,2021,011200,24.79
DE,2021,011300,4.2
DE,2021,011400,18.92
DE,2021,011500,3.07
DE,2021,011600,11.86
DE,2021,011700,14.32
DE,2021,011800,9.65
DE,2021,011900,7.95
DE,2021,012100,2.92
DE,2021,012200,3.97
DE,2021,012300,0.99
DE,2021,012500,3.75
DE,2021,012600,3.29
DE,2021,012900,0.15
DE,2021,021100,4.21
DE,2021,021200,9.33
DE,2021,021300,6.77
DE,2021,021900,0.51
DE,2021,023000,25.3
DE,2021,031100,0.96
DE,2021,031200,31.9
DE,2021,031300,0.96
DE,2021,031400,0.87
DE,2021,032100,8.85
DE,2021,032200,0.18
DE,2021,041100,104.44
DE,2021,041200,13.36
DE,2021,043100,9.85
DE,2021,043200,9.85
DE,2021,044100,8.6
DE,2021,044200,7.25
DE,2021,044300,7.19
DE,2021,044400,21.74
DE,2021,045100,29.85
DE,2021,045200,27.15
DE,2021,045300,10.27
DE,2021,045400,1.57
DE,2021,045500,5.62
DE,2021,051100,21.34
DE,2021,051200,0.4
DE,2021,052100,4.67
DE,2021,053100,7.44
DE,2021,053200,4.33
DE,2021,053300,0.52
DE,2021,054000,4.42
DE,2021,055100,2.14
DE,2021,055200,4.49
DE,2021,055300,0.45
DE,2021,056100,5.1
DE,2021,056200,4.29
DE,2021,061100,12.03
DE,2021,061200,2.89
DE,2021,061300,9.23
DE,2021,061400,0.0
DE,2021,062100,6.74
DE,2021,062200,8.61
DE,2021,062300,12.13
DE,2021,063100,7.89
DE,2021,063200,10.85
DE,2021,064100,0.79
DE,2021,071100,41.79
DE,2021,071200,1.67
DE,2021,071300,2.55
DE,2021,072100,7.97
DE,2021,072200,33.42
DE,2021,072300,18.14
DE,2021,072400,15.5
DE,2021,073100,3.88
DE,2021,073200,1.06
DE,2021,073300,4.96
DE,2021,073400,0.5
DE,2021,073500,10.14
DE,2021,074100,2.48
DE,2021,074900,0.37
DE,2021,081100,0.53
DE,2021,081200,2.61
DE,2021,081300,7.05
DE,2021,081400,5.94
DE,2021,081500,0.5
DE,2021,081900,0.25
DE,2021,082000,0.5
DE,2021,083100,1.25
DE,2021,083200,10.09
DE,2021,083300,0.89
DE,2021,083400,12.05
DE,2021,083500,0.45
DE,2021,083900,3.35
DE,2021,091100,1.35
DE,2021,091200,2.42
DE,2021,092100,5.05
DE,2021,092200,3.7
DE,2021,093100,8.08
DE,2021,093200,5.91
DE,2021,094200,0.0
DE,2021,094300,0.0
DE,2021,094500,2.32
DE,2021,094600,9.27
DE,2021,094700,0.0
DE,2021,095100,0.41
DE,2021,095200,1.74
DE,2021,096100,6.35
DE,2021,096200,1.8
DE,2021,096300,1.12
DE,2021,096900,2.0
DE,2021,097100,5.69
DE,2021,097200,6.42
DE,2021,097300,3.46
DE,2021,097400,1.54
DE,2021,098000,10.33
DE,2021,101000,4.25
DE,2021,102000,1.84
DE,2021,104000,2.69
DE,2021,105000,2.58
DE,2021,111100,28.4
DE,2021,111200,4.15
DE,2021,112000,8.15
DE,2021,121100,5.2
DE,2021,121200,5.67
DE,2021,121300,2.05
DE,2021,121400,10.08
DE,2021,121900,4.89
DE,2021,122200,1.8
DE,2021,131100,0.6
DE,2021,131200,13.0
DE,2021,131300,12.34
DE,2021,132100,2.96
DE,2021,132900,2.38
DE,2021,133000,7.41
DE,2021,139000,5.45
DE,2022,011100,17.78
DE,2022,011200,24.29
DE,2022,011300,4.09
DE,2022,011400,18.57
DE,2022,011500,3.22
DE,2022,011600,11.47
DE,2022,011700,14.45
DE,2022,011800,9.34
DE,2022,011900,7.69
DE,2022,012100,3.01
DE,2022,012200,4.19
DE,2022,012300,1.02
DE,2022,012500,3.92
DE,2022,012600,3.38
DE,2022,012900,0.16
DE,2022,021100,4.07
DE,2022,021200,9.01
DE,2022,021300,6.56
DE,2022,021900,0.5
DE,2022,023000,24.82
DE,2022,031100,0.93
DE,2022,031200,31.54
DE,2022,031300,0.94
DE,2022,031400,0.83
DE,2022,032100,8.65
DE,2022,032200,0.17
DE,2022,041100,100.53
DE,2022,041200,12.82
DE,2022,043100,9.7
DE,2022,043200,9.87
DE,2022,044100,8.33
DE,2022,044200,6.95
DE,2022,044300,6.91
DE,2022,044400,20.89
DE,2022,045100,30.0
DE,2022,045200,29.38
DE,2022,045300,12.65
DE,2022,045400,1.77
DE,2022,045500,6.03
DE,2022,051100,20.11
DE,2022,051200,0.37
DE,2022,052100,4.51
DE,2022,053100,6.93
DE,2022,053200,4.02
DE,2022,053300,0.48
DE,2022,054000,4.59
DE,2022,055100,2.12
DE,2022,055200,4.47
DE,2022,055300,0.44
DE,2022,056100,5.09
DE,2022,056200,4.25
DE,2022,061100,12.29
DE,2022,061200,2.93
DE,2022,061300,9.28
DE,2022,061400,0.0
DE,2022,062100,6.72
DE,2022,062200,9.04
DE,2022,062300,12.2
DE,2022,063100,7.98
DE,2022,063200,11.05
DE,2022,064100,0.79
DE,2022,071100,38.54
DE,2022,071200,1.55
DE,2022,071300,2.37
DE,2022,072100,8.48
DE,2022,072200,41.09
DE,2022,072300,19.19
DE,2022,072400,16.64
DE,2022,073100,4.18
DE,2022,073200,1.22
DE,2022,073300,5.21
DE,2022,073400,0.48
DE,2022,073500,10.62
DE,2022,074100,2.43
DE,2022,074900,0.39
DE,2022,081100,0.52
DE,2022,081200,2.73
DE,2022,081300,6.73
DE,2022,081400,5.51
DE,2022,081500,0.5
DE,2022,081900,0.25
DE,2022,082000,0.45
DE,2022,083100,1.21
DE,2022,083200,9.75
DE,2022,083300,0.86
DE,2022,083400,11.68
DE,2022,083500,0.42
DE,2022,083900,3.33
DE,2022,091100,1.26
DE,2022,091200,2.63
DE,2022,092100,5.24
DE,2022,092200,3.76
DE,2022,093100,8.16
DE,2022,093200,6.06
DE,2022,094200,0.0
DE,2022,094300,0.0
DE,2022,094500,2.38
DE,2022,094600,9.29
DE,2022,094700,0.0
DE,2022,095100,0.43
DE,2022,095200,1.41
DE,2022,096100,6.48
DE,2022,096200,1.73
DE,2022,096300,1.18
DE,2022,096900,1.98
DE,2022,097100,5.35
DE,2022,097200,5.94
DE,2022,097300,3.26
DE,2022,097400,1.43
DE,2022,098000,12.22
DE,2022,101000,4.18
DE,2022,102000,1.81
DE,2022,104000,2.65
DE,2022,105000,2.52
DE,2022,111100,27.78
DE,2022,111200,4.03
DE,2022,112000,7.61
DE,2022,121100,5.24
DE,2022,121200,5.81
DE,2022,121300,2.08
DE,2022,121400,10.6
DE,2022,121900,5.06
DE,2022,122200,1.79
DE,2022,131100,0.56
DE,2022,131200,12.35
DE,2022,131300,11.41
DE,2022,132100,2.74
DE,2022,132900,2.25
DE,2022,133000,7.62
DE,2022,139000,5.3
DE,2023,011100,18.68
DE,2023,011200,24.27
DE,2023,011300,4.64
DE,2023,011400,20.95
DE,2023,011500,3.69
DE,2023,011600,12.21
DE,2023,011700,14.9
DE,2023,011800,8.96
DE,2023,011900,8.62
DE,2023,012100,2.83
DE,2023,012200,3.48
DE,2023,012300,0.94
DE,2023,012500,3.82
DE,2023,012600,3.61
DE,2023,012900,0.26
DE,2023,021100,3.14
DE,2023,021200,7.09
DE,2023,021300,5.02
DE,2023,021900,0.53
DE,2023,023000,18.98
DE,2023,031100,0.47
DE,2023,031200,37.94
DE,2023,031300,0.85
DE,2023,031400,0.81
DE,2023,032100,7.51
DE,2023,032200,0.12
DE,2023,041100,65.85
DE,2023,041200,6.98
DE,2023,043100,7.97
DE,2023,043200,5.29
DE,2023,044100,5.05
DE,2023,044200,4.14
DE,2023,044300,4.98
DE,2023,044400,12.83
DE,2023,045100,29.63
DE,2023,045200,13.65
DE,2023,045300,8.15
DE,2023,045400,0.85
DE,2023,045500,2.75
DE,2023,051100,27.44
DE,2023,051200,0.55
DE,2023,052100,6.31
DE,2023,053100,5.89
DE,2023,053200,4.51
DE,2023,053300,0.37
DE,2023,054000,6.51
DE,2023,055100,1.89
DE,2023,055200,3.03
DE,2023,055300,0.16
DE,2023,056100,6.31
DE,2023,056200,5.31
DE,2023,061100,9.63
DE,2023,061200,7.49
DE,2023,061300,5.9
DE,2023,061400,0.0
DE,2023,062100,5.81
DE,2023,062200,8.16
DE,2023,062300,12.7
DE,2023,063100,10.27
DE,2023,063200,14.53
DE,2023,064100,0.72
DE,2023,071100,33.73
DE,2023,071200,2.34
DE,2023,071300,4.44
DE,2023,072100,11.63
DE,2023,072200,42.4
DE,2023,072300,24.0
DE,2023,072400,17.29
DE,2023,073100,8.68
DE,2023,073200,2.93
DE,2023,073300,7.21
DE,2023,073400,1.02
DE,2023,073500,10.59
DE,2023,074100,2.01
DE,2023,074900,0.81
DE,2023,081100,0.32
DE,2023,081200,2.34
DE,2023,081300,6.52
DE,2023,081400,5.39
DE,2023,081500,0.31
DE,2023,081900,2.74
DE,2023,082000,0.68
DE,2023,083100,0.53
DE,2023,083200,7.59
DE,2023,083300,0.28
DE,2023,083400,7.65
DE,2023,083500,0.34
DE,2023,083900,3.03
DE,2023,091100,2.49
DE,2023,091200,2.35
DE,2023,092100,5.04
DE,2023,092200,4.46
DE,2023,093100,8.97
DE,2023,093200,7.54
DE,2023,094200,0.0
DE,2023,094300,0.0
DE,2023,094500,3.4
DE,2023,094600,8.42
DE,2023,094700,0.0
DE,2023,095100,1.15
DE,2023,095200,0.98
DE,2023,096100,3.88
DE,2023,096200,1.58
DE,2023,096300,0.74
DE,2023,096900,1.82
DE,2023,097100,4.27
DE,2023,097200,5.79
DE,2023,097300,3.26
DE,2023,097400,1.68
DE,2023,098000,35.17
DE,2023,101000,4.54
DE,2023,102000,1.36
DE,2023,104000,1.45
DE,2023,105000,1.94
DE,2023,111100,49.03
DE,2023,111200,5.86
DE,2023,112000,17.5
DE,2023,121100,3.83
DE,2023,121200,4.41
DE,2023,121300,1.84
DE,2023,121400,8.32
DE,2023,121900,3.91
DE,2023,122200,8.29
DE,2023,131100,0.48
DE,2023,131200,11.74
DE,2023,131300,11.1
DE,2023,132100,4.32
DE,2023,132900,2.77
DE,2023,133000,9.2
DE,2023,139000,12.39
DE,2024,011100,17.92
DE,2024,011200,24.02
DE,2024,011300,4.5
DE,2024,011400,19.76
DE,2024,011500,3.56
DE,2024,011600,12.18
DE,2024,011700,15.2
DE,2024,011800,8.57
DE,2024,011900,8.08
DE,2024,012100,2.75
DE,2024,012200,3.6
DE,2024,012300,0.99
DE,2024,012500,3.96
DE,2024,012600,3.64
DE,2024,012900,0.29
DE,2024,021100,3.13
DE,2024,021200,7.0
DE,2024,021300,4.98
DE,2024,021900,0.51
DE,2024,023000,17.38
DE,2024,031100,0.45
DE,2024,031200,35.52
DE,2024,031300,0.8
DE,2024,031400,0.75
DE,2024,032100,7.56
DE,2024,032200,0.12
DE,2024,041100,65.65
DE,2024,041200,7.0
DE,2024,043100,7.67
DE,2024,043200,4.89
DE,2024,044100,5.1
DE,2024,044200,4.23
DE,2024,044300,5.1
DE,2024,044400,12.81
DE,2024,045100,33.18
DE,2024,045200,18.01
DE,2024,045300,4.84
DE,2024,045400,0.86
DE,2024,045500,4.46
DE,2024,051100,26.65
DE,2024,051200,0.54
DE,2024,052100,5.72
DE,2024,053100,5.81
DE,2024,053200,4.38
DE,2024,053300,0.36
DE,2024,054000,6.24
DE,2024,055100,1.81
DE,2024,055200,2.83
DE,2024,055300,0.15
DE,2024,056100,6.23
DE,2024,056200,5.13
DE,2024,061100,9.53
DE,2024,061200,7.43
DE,2024,061300,5.81
DE,2024,061400,0.0
DE,2024,062100,5.99
DE,2024,062200,8.32
DE,2024,062300,12.67
DE,2024,063100,10.32
DE,2024,063200,14.62
DE,2024,064100,0.74
DE,2024,071100,35.18
DE,2024,071200,2.47
DE,2024,071300,4.88
DE,2024,072100,10.99
DE,2024,072200,43.25
DE,2024,072300,22.49
DE,2024,072400,16.66
DE,2024,073100,9.58
DE,2024,073200,2.9
DE,2024,073300,6.76
DE,2024,073400,1.17
DE,2024,073500,11.69
DE,2024,074100,2.06
DE,2024,074900,0.85
DE,2024,081100,0.33
DE,2024,081200,2.55
DE,2024,081300,6.8
DE,2024,081400,5.54
DE,2024,081500,0.3
DE,2024,081900,2.7
DE,2024,082000,0.58
DE,2024,083100,0.58
DE,2024,083200,8.41
DE,2024,083300,0.31
DE,2024,083400,8.25
DE,2024,083500,0.35
DE,2024,083900,2.94
DE,2024,091100,2.48
DE,2024,091200,2.19
DE,2024,092100,5.45
DE,2024,092200,4.66
DE,2024,093100,8.97
DE,2024,093200,7.33
DE,2024,094200,0.0
DE,2024,094300,0.0
DE,2024,094500,2.74
DE,2024,094600,7.84
DE,2024,094700,0.0
DE,2024,095100,1.13
DE,2024,095200,0.99
DE,2024,096100,3.56
DE,2024,096200,1.49
DE,2024,096300,0.69
DE,2024,096900,1.68
DE,2024,097100,4.08
DE,2024,097200,5.62
DE,2024,097300,3.2
DE,2024,097400,1.61
DE,2024,098000,33.0
DE,2024,101000,4.69
DE,2024,102000,1.42
DE,2024,104000,1.46
DE,2024,105000,2.0
DE,2024,111100,48.68
DE,2024,111200,5.93
DE,2024,112000,18.35
DE,2024,121100,3.95
DE,2024,121200,4.56
DE,2024,121300,1.94
DE,2024,121400,8.22
DE,2024,121900,4.11
DE,2024,122200,8.96
DE,2024,131100,0.49
DE,2024,131200,11.94
DE,2024,131300,11.45
DE,2024,132100,4.58
DE,2024,132900,3.02
DE,2024,133000,9.57
DE,2024,139000,13.1
DE,2025,011100,18.24
DE,2025,011200,24.42
DE,2025,011300,4.55
DE,2025,011400,19.84
DE,2025,011500,3.8
DE,2025,011600,13.25
DE,2025,011700,15.35
DE,2025,011800,8.83
DE,2025,011900,8.03
DE,2025,012100,2.73
DE,2025,012200,3.37
DE,2025,012300,0.92
DE,2025,012500,3.76
DE,2025,012600,3.52
DE,2025,012900,0.27
DE,2025,021100,3.33
DE,2025,021200,7.34
DE,2025,021300,5.32
DE,2025,021900,0.55
DE,2025,023000,18.28
DE,2025,031100,0.37
DE,2025,031200,30.3
DE,2025,031300,0.67
DE,2025,031400,0.63
DE,2025,032100,5.55
DE,2025,032200,0.08
DE,2025,041100,68.93
DE,2025,041200,7.32
DE,2025,043100,6.89
DE,2025,043200,4.37
DE,2025,044100,5.09
DE,2025,044200,4.17
DE,2025,044300,5.04
DE,2025,044400,12.81
DE,2025,045100,26.29
DE,2025,045200,16.9
DE,2025,045300,4.17
DE,2025,045400,0.7
DE,2025,045500,4.12
DE,2025,051100,23.4
DE,2025,051200,0.48
DE,2025,052100,5.35
DE,2025,053100,5.62
DE,2025,053200,4.02
DE,2025,053300,0.36
DE,2025,054000,5.9
DE,2025,055100,1.83
DE,2025,055200,2.88
DE,2025,055300,0.16
DE,2025,056100,6.1
DE,2025,056200,5.19
DE,2025,061100,10.33
DE,2025,061200,7.95
DE,2025,061300,6.3
DE,2025,061400,0.0
DE,2025,062100,5.93
DE,2025,062200,8.41
DE,2025,062300,13.8
DE,2025,063100,10.55
DE,2025,063200,18.8
DE,2025,064100,0.74
DE,2025,071100,48.38
DE,2025,071200,3.0
DE,2025,071300,6.25
DE,2025,072100,10.08
DE,2025,072200,37.66
DE,2025,072300,21.26
DE,2025,072400,15.23
DE,2025,073100,8.88
DE,2025,073200,2.88
DE,2025,073300,7.56
DE,2025,073400,1.03
DE,2025,073500,9.15
DE,2025,074100,1.89
DE,2025,074900,0.82
DE,2025,081100,0.28
DE,2025,081200,2.06
DE,2025,081300,6.5
DE,2025,081400,5.58
DE,2025,081500,0.31
DE,2025,081900,2.82
DE,2025,082000,0.74
DE,2025,083100,0.58
DE,2025,083200,8.18
DE,2025,083300,0.31
DE,2025,083400,8.31
DE,2025,083500,0.34
DE,2025,083900,3.81
DE,2025,091100,2.59
DE,2025,091200,2.83
DE,2025,092100,5.16
DE,2025,092200,4.65
DE,2025,093100,9.31
DE,2025,093200,7.6
DE,2025,094200,0.27
DE,2025,094300,0.22
DE,2025,094500,2.8
DE,2025,094600,10.23
DE,2025,094700,0.0
DE,2025,095100,1.32
DE,2025,095200,1.01
DE,2025,096100,4.86
DE,2025,096200,1.97
DE,2025,096300,0.91
DE,2025,096900,2.27
DE,2025,097100,4.09
DE,2025,097200,5.68
DE,2025,097300,3.28
DE,2025,097400,1.61
DE,2025,098000,22.34
DE,2025,101000,5.0
DE,2025,102000,1.5
DE,2025,104000,1.54
DE,2025,105000,2.1
DE,2025,111100,50.35
DE,2025,111200,6.1
DE,2025,112000,17.42
DE,2025,121100,4.05
DE,2025,121200,4.6
DE,2025,121300,1.9
DE,2025,121400,9.47
DE,2025,121900,4.31
DE,2025,122200,8.92
DE,2025,131100,0.49
DE,2025,131200,11.75
DE,2025,131300,11.34
DE,2025,132100,4.13
DE,2025,132900,2.65
DE,2025,133000,11.9
DE,2025,139000,17.39
DE,2026,011100,17.99
DE,2026,011200,24.66
DE,2026,011300,4.58
DE,2026,011400,18.66
DE,2026,011500,3.15
DE,2026,011600,12.87
DE,2026,011700,15.21
DE,2026,011800,8.98
DE,2026,011900,8.25
DE,2026,012100,2.62
DE,2026,012200,3.49
DE,2026,012300,0.92
DE,2026,012500,3.74
DE,2026,012600,3.48
DE,2026,012900,0.27
DE,2026,021100,3.16
DE,2026,021200,7.02
DE,2026,021300,5.05
DE,2026,021900,0.53
DE,2026,023000,17.18
DE,2026,031100,0.4
DE,2026,031200,32.74
DE,2026,031300,0.72
DE,2026,031400,0.68
DE,2026,032100,5.8
DE,2026,032200,0.09
DE,2026,041100,67.58
DE,2026,041200,7.15
DE,2026,043100,6.54
DE,2026,043200,4.17
DE,2026,044100,4.9
DE,2026,044200,4.02
DE,2026,044300,4.85
DE,2026,044400,12.33
DE,2026,045100,30.51
DE,2026,045200,15.8
DE,2026,045300,2.83
DE,2026,045400,0.79
DE,2026,045500,4.12
DE,2026,051100,22.1
DE,2026,051200,0.46
DE,2026,052100,5.35
DE,2026,053100,5.73
DE,2026,053200,4.3
DE,2026,053300,0.38
DE,2026,054000,5.71
DE,2026,055100,1.69
DE,2026,055200,2.7
DE,2026,055300,0.15
DE,2026,056100,5.92
DE,2026,056200,5.06
DE,2026,061100,11.02
DE,2026,061200,8.39
DE,2026,061300,6.68
DE,2026,061400,0.2
DE,2026,062100,6.39
DE,2026,062200,8.98
DE,2026,062300,13.83
DE,2026,063100,10.54
DE,2026,063200,16.36
DE,2026,064100,0.84
DE,2026,071100,43.94
DE,2026,071200,2.75
DE,2026,071300,5.55
DE,2026,072100,9.81
DE,2026,072200,34.98
DE,2026,072300,20.38
DE,2026,072400,14.67
DE,2026,073100,9.85
DE,2026,073200,3.17
DE,2026,073300,8.46
DE,2026,073400,1.11
DE,2026,073500,10.08
DE,2026,074100,1.68
DE,2026,074900,0.45
DE,2026,081100,0.28
DE,2026,081200,2.15
DE,2026,081300,5.96
DE,2026,081400,4.72
DE,2026,081500,0.29
DE,2026,081900,2.43
DE,2026,082000,0.68
DE,2026,083100,0.56
DE,2026,083200,7.79
DE,2026,083300,0.3
DE,2026,083400,7.88
DE,2026,083500,0.35
DE,2026,083900,2.87
DE,2026,091100,2.92
DE,2026,091200,2.29
DE,2026,092100,4.77
DE,2026,092200,4.41
DE,2026,093100,9.6
DE,2026,093200,7.78
DE,2026,094200,0.19
DE,2026,094300,0.24
DE,2026,094500,3.16
DE,2026,094600,9.14
DE,2026,094700,9.95
DE,2026,095100,1.2
DE,2026,095200,1.14
DE,2026,096100,6.33
DE,2026,096200,2.57
DE,2026,096300,1.22
DE,2026,096900,2.94
DE,2026,097100,3.99
DE,2026,097200,5.37
DE,2026,097300,3.13
DE,2026,097400,1.5
DE,2026,098000,20.86
DE,2026,101000,4.81
DE,2026,102000,1.48
DE,2026,104000,1.53
DE,2026,105000,2.51
DE,2026,111100,51.46
DE,2026,111200,6.26
DE,2026,112000,17.17
DE,2026,121100,3.99
DE,2026,121200,4.54
DE,2026,121300,1.94
DE,2026,121400,8.91
DE,2026,121900,4.27
DE,2026,122200,10.47
DE,2026,131100,0.49
DE,2026,131200,11.98
DE,2026,131300,11.74
DE,2026,132100,3.91
DE,2026,132900,2.44
DE,2026,133000,11.7
DE,2026,139000,19.95
EA,2000,011100,23.47
EA,2000,011200,39.26
EA,2000,011300,10.69
EA,2000,011400,22.1
EA,2000,011500,5.9
EA,2000,011600,11.37
EA,2000,011700,15.65
EA,2000,011800,10.41
EA,2000,011900,7.65
EA,2000,012100,2.88
EA,2000,012200,3.52
EA,2000,012300,0.81
EA,2000,012400,0.06
EA,2000,012500,3.23
EA,2000,012600,2.46
EA,2000,012900,0.18
EA,2000,021100,3.47
EA,2000,021200,7.73
EA,2000,021300,6.4
EA,2000,021900,0.07
EA,2000,022000,0.0
EA,2000,023000,22.39
EA,2000,031100,0.58
EA,2000,031200,56.09
EA,2000,031300,2.26
EA,2000,031400,1.99
EA,2000,043100,10.77
EA,2000,043200,10.14
EA,2000,044100,8.37
EA,2000,044200,5.84
EA,2000,044300,5.17
EA,2000,044400,6.28
EA,2000,045100,20.36
EA,2000,045200,14.33
EA,2000,045300,8.76
EA,2000,045400,0.88
EA,2000,045500,1.25
EA,2000,051100,29.73
EA,2000,051200,0.89
EA,2000,053100,8.39
EA,2000,053200,2.77
EA,2000,053300,1.4
EA,2000,054000,5.97
EA,2000,056100,9.85
EA,2000,056200,8.74
EA,2000,071100,44.24
EA,2000,071200,2.46
EA,2000,071300,1.6
EA,2000,072100,6.27
EA,2000,072200,38.38
EA,2000,072300,30.74
EA,2000,072400,9.25
EA,2000,073100,4.44
EA,2000,073200,5.54
EA,2000,073300,4.37
EA,2000,073400,0.89
EA,2000,073500,5.39
EA,2000,073600,0.06
EA,2000,074100,2.16
EA,2000,074900,1.58
EA,2000,081100,0.94
EA,2000,081200,1.81
EA,2000,081300,6.22
EA,2000,081400,6.6
EA,2000,081500,1.04
EA,2000,081900,0.1
EA,2000,082000,0.29
EA,2000,083100,9.89
EA,2000,083200,6.41
EA,2000,083300,0.44
EA,2000,083400,5.77
EA,2000,083500,1.16
EA,2000,083900,6.7
EA,2000,091100,2.08
EA,2000,091200,1.9
EA,2000,092100,4.43
EA,2000,092200,3.2
EA,2000,093100,6.68
EA,2000,093200,3.55
EA,2000,094100,0.0
EA,2000,094200,0.05
EA,2000,094300,0.01
EA,2000,094400,0.36
EA,2000,094500,1.37
EA,2000,094600,9.52
EA,2000,094700,0.0
EA,2000,095100,0.6
EA,2000,095200,2.58
EA,2000,096100,5.39
EA,2000,096200,1.33
EA,2000,096300,1.59
EA,2000,096900,0.49
EA,2000,097100,7.07
EA,2000,097200,10.04
EA,2000,097300,0.56
EA,2000,097400,2.28
EA,2000,098000,15.15
EA,2000,111100,61.8
EA,2000,111200,8.09
EA,2000,112000,17.49
EA,2000,121100,0.01
EA,2000,121200,3.97
EA,2000,121300,2.45
EA,2000,121400,6.54
EA,2000,121900,2.6
EA,2000,131100,0.97
EA,2000,131200,14.4
EA,2000,131300,10.9
EA,2000,132100,5.54
EA,2000,132200,0.0
EA,2000,132900,5.29
EA,2000,133000,2.0
EA,2000,139000,8.46
EA,2001,011100,23.35
EA,2001,011200,38.43
EA,2001,011300,10.91
EA,2001,011400,22.08
EA,2001,011500,5.66
EA,2001,011600,11.11
EA,2001,011700,15.17
EA,2001,011800,10.26
EA,2001,011900,7.48
EA,2001,012100,2.85
EA,2001,012200,3.27
EA,2001,012300,0.74
EA,2001,012400,0.06
EA,2001,012500,3.15
EA,2001,012600,2.54
EA,2001,012900,0.18
EA,2001,021100,3.32
EA,2001,021200,7.04
EA,2001,021300,5.8
EA,2001,021900,0.05
EA,2001,022000,0.0
EA,2001,023000,22.34
EA,2001,031100,0.33
EA,2001,031200,55.08
EA,2001,031300,2.04
EA,2001,031400,1.89
EA,2001,043100,8.51
EA,2001,043200,10.43
EA,2001,044100,8.15
EA,2001,044200,5.58
EA,2001,044300,4.74
EA,2001,044400,6.79
EA,2001,045100,20.66
EA,2001,045200,16.38
EA,2001,045300,10.29
EA,2001,045400,0.89
EA,2001,045500,1.24
EA,2001,051100,28.83
EA,2001,051200,0.87
EA,2001,053100,8.43
EA,2001,053200,2.51
EA,2001,053300,1.38
EA,2001,054000,5.65
EA,2001,056100,10.34
EA,2001,056200,8.45
EA,2001,061100,11.95
EA,2001,061200,1.11
EA,2001,061300,3.89
EA,2001,061400,0.0
EA,2001,062100,3.96
EA,2001,062200,6.6
EA,2001,062300,6.06
EA,2001,063100,4.51
EA,2001,063200,2.29
EA,2001,064100,0.66
EA,2001,064200,0.01
EA,2001,071100,45.02
EA,2001,071200,2.47
EA,2001,071300,1.53
EA,2001,072100,5.88
EA,2001,072200,40.86
EA,2001,072300,29.14
EA,2001,072400,8.64
EA,2001,073100,4.08
EA,2001,073200,5.11
EA,2001,073300,4.84
EA,2001,073400,0.97
EA,2001,073500,5.37
EA,2001,073600,0.06
EA,2001,074100,2.05
EA,2001,074900,1.56
EA,2001,081100,0.75
EA,2001,081200,1.88
EA,2001,081300,4.93
EA,2001,081400,6.3
EA,2001,081500,1.02
EA,2001,081900,0.09
EA,2001,082000,0.24
EA,2001,083100,10.12
EA,2001,083200,5.97
EA,2001,083300,0.4
EA,2001,083400,5.52
EA,2001,083500,0.97
EA,2001,083900,6.36
EA,2001,091100,2.1
EA,2001,091200,1.97
EA,2001,092100,4.49
EA,2001,092200,2.94
EA,2001,093100,6.31
EA,2001,093200,3.46
EA,2001,094100,0.0
EA,2001,094200,0.04
EA,2001,094300,0.01
EA,2001,094400,0.42
EA,2001,094500,1.29
EA,2001,094600,9.05
EA,2001,094700,0.0
EA,2001,095100,0.57
EA,2001,095200,2.44
EA,2001,096100,5.35
EA,2001,096200,1.43
EA,2001,096300,1.56
EA,2001,096900,0.45
EA,2001,097100,6.64
EA,2001,097200,9.92
EA,2001,097300,0.51
EA,2001,097400,2.2
EA,2001,098000,15.17
EA,2001,111100,64.52
EA,2001,111200,7.78
EA,2001,112000,17.27
EA,2001,121100,1.98
EA,2001,121200,3.83
EA,2001,121300,2.34
EA,2001,121400,6.86
EA,2001,121900,2.35
EA,2001,131100,0.83
EA,2001,131200,14.04
EA,2001,131300,10.66
EA,2001,132100,5.4
EA,2001,132200,0.0
EA,2001,132900,5.4
EA,2001,133000,5.57
EA,2001,139000,7.81
EA,2002,011100,23.37
EA,2002,011200,39.13
EA,2002,011300,10.92
EA,2002,011400,22.56
EA,2002,011500,5.49
EA,2002,011600,11.5
EA,2002,011700,15.38
EA,2002,011800,10.06
EA,2002,011900,7.26
EA,2002,012100,2.8
EA,2002,012200,3.07
EA,2002,012300,0.71
EA,2002,012400,0.06
EA,2002,012500,3.22
EA,2002,012600,2.51
EA,2002,012900,0.2
EA,2002,021100,3.25
EA,2002,021200,6.94
EA,2002,021300,5.66
EA,2002,021900,0.05
EA,2002,022000,0.0
EA,2002,023000,22.4
EA,2002,031100,0.33
EA,2002,031200,56.35
EA,2002,031300,1.97
EA,2002,031400,1.88
EA,2002,043100,8.33
EA,2002,043200,10.24
EA,2002,044100,8.0
EA,2002,044200,5.46
EA,2002,044300,4.7
EA,2002,044400,6.76
EA,2002,045100,20.12
EA,2002,045200,16.28
EA,2002,045300,7.73
EA,2002,045400,0.78
EA,2002,045500,1.05
EA,2002,051100,29.63
EA,2002,051200,0.74
EA,2002,053100,8.4
EA,2002,053200,2.47
EA,2002,053300,1.48
EA,2002,054000,5.68
EA,2002,056100,10.14
EA,2002,056200,8.32
EA,2002,061100,11.76
EA,2002,061200,1.11
EA,2002,061300,3.86
EA,2002,061400,0.0
EA,2002,062100,4.04
EA,2002,062200,6.69
EA,2002,062300,6.12
EA,2002,063100,4.49
EA,2002,063200,2.35
EA,2002,064100,0.66
EA,2002,064200,0.01
EA,2002,071100,45.26
EA,2002,071200,2.38
EA,2002,071300,1.52
EA,2002,072100,5.87
EA,2002,072200,35.14
EA,2002,072300,29.44
EA,2002,072400,8.65
EA,2002,073100,4.12
EA,2002,073200,5.11
EA,2002,073300,5.3
EA,2002,073400,0.96
EA,2002,073500,5.43
EA,2002,073600,0.06
EA,2002,074100,1.98
EA,2002,074900,1.64
EA,2002,081100,0.68
EA,2002,081200,2.34
EA,2002,081300,4.35
EA,2002,081400,6.16
EA,2002,081500,1.01
EA,2002,081900,0.08
EA,2002,082000,0.26
EA,2002,083100,6.41
EA,2002,083200,10.08
EA,2002,083300,0.5
EA,2002,083400,5.24
EA,2002,083500,1.0
EA,2002,083900,6.64
EA,2002,091100,2.05
EA,2002,091200,2.11
EA,2002,092100,4.53
EA,2002,092200,2.9
EA,2002,093100,6.17
EA,2002,093200,3.47
EA,2002,094100,0.0
EA,2002,094200,0.04
EA,2002,094300,0.01
EA,2002,094400,0.38
EA,2002,094500,1.33
EA,2002,094600,8.93
EA,2002,094700,0.0
EA,2002,095100,0.58
EA,2002,095200,2.67
EA,2002,096100,5.36
EA,2002,096200,1.42
EA,2002,096300,1.54
EA,2002,096900,0.46
EA,2002,097100,6.78
EA,2002,097200,10.03
EA,2002,097300,0.51
EA,2002,097400,2.23
EA,2002,098000,15.51
EA,2002,111100,66.53
EA,2002,111200,7.89
EA,2002,112000,17.79
EA,2002,121100,1.95
EA,2002,121200,3.86
EA,2002,121300,2.28
EA,2002,121400,7.02
EA,2002,121900,2.35
EA,2002,131100,0.8
EA,2002,131200,14.29
EA,2002,131300,10.86
EA,2002,132100,5.3
EA,2002,132200,0.0
EA,2002,132900,6.06
EA,2002,133000,5.8
EA,2002,139000,8.46
EA,2003,011100,23.03
EA,2003,011200,37.29
EA,2003,011300,11.09
EA,2003,011400,21.9
EA,2003,011500,5.25
EA,2003,011600,11.45
EA,2003,011700,14.63
EA,2003,011800,10.2
EA,2003,011900,7.4
EA,2003,012100,2.87
EA,2003,012200,2.88
EA,2003,012300,0.67
EA,2003,012400,0.06
EA,2003,012500,3.21
EA,2003,012600,2.52
EA,2003,012900,0.2
EA,2003,021100,3.0
EA,2003,021200,6.9
EA,2003,021300,5.58
EA,2003,021900,0.05
EA,2003,022000,0.0
EA,2003,023000,22.8
EA,2003,031100,0.37
EA,2003,031200,55.49
EA,2003,031300,1.92
EA,2003,031400,1.94
EA,2003,043100,8.06
EA,2003,043200,10.28
EA,2003,044100,7.79
EA,2003,044200,5.3
EA,2003,044300,4.49
EA,2003,044400,6.82
EA,2003,045100,19.91
EA,2003,045200,15.06
EA,2003,045300,8.39
EA,2003,045400,0.76
EA,2003,045500,1.0
EA,2003,051100,28.94
EA,2003,051200,0.77
EA,2003,053100,8.29
EA,2003,053200,2.35
EA,2003,053300,1.28
EA,2003,054000,5.78
EA,2003,056100,10.15
EA,2003,056200,8.61
EA,2003,061100,12.03
EA,2003,061200,1.1
EA,2003,061300,4.02
EA,2003,061400,0.0
EA,2003,062100,3.99
EA,2003,062200,6.4
EA,2003,062300,6.16
EA,2003,063100,4.5
EA,2003,063200,2.35
EA,2003,064100,0.63
EA,2003,064200,0.0
EA,2003,071100,45.58
EA,2003,071200,2.34
EA,2003,071300,1.5
EA,2003,072100,5.65
EA,2003,072200,37.25
EA,2003,072300,30.12
EA,2003,072400,8.59
EA,2003,073100,3.91
EA,2003,073200,5.01
EA,2003,073300,4.87
EA,2003,073400,0.97
EA,2003,073500,5.39
EA,2003,073600,0.08
EA,2003,074100,1.97
EA,2003,074900,1.58
EA,2003,081100,0.67
EA,2003,081200,2.1
EA,2003,081300,3.77
EA,2003,081400,6.15
EA,2003,081500,0.99
EA,2003,081900,0.12
EA,2003,082000,0.26
EA,2003,083100,6.65
EA,2003,083200,11.17
EA,2003,083300,0.61
EA,2003,083400,5.85
EA,2003,083500,0.91
EA,2003,083900,6.37
EA,2003,091100,1.95
EA,2003,091200,2.09
EA,2003,092100,4.68
EA,2003,092200,2.77
EA,2003,093100,5.95
EA,2003,093200,3.5
EA,2003,094100,0.0
EA,2003,094200,0.01
EA,2003,094300,0.01
EA,2003,094400,0.4
EA,2003,094500,1.29
EA,2003,094600,9.2
EA,2003,094700,0.0
EA,2003,095100,0.6
EA,2003,095200,2.79
EA,2003,096100,5.26
EA,2003,096200,1.4
EA,2003,096300,1.52
EA,2003,096900,0.48
EA,2003,097100,6.8
EA,2003,097200,9.76
EA,2003,097300,0.51
EA,2003,097400,2.22
EA,2003,098000,15.41
EA,2003,111100,69.58
EA,2003,111200,7.9
EA,2003,112000,18.0
EA,2003,121100,1.98
EA,2003,121200,4.07
EA,2003,121300,2.24
EA,2003,121400,7.26
EA,2003,121900,2.3
EA,2003,131100,0.8
EA,2003,131200,14.56
EA,2003,131300,11.1
EA,2003,132100,5.53
EA,2003,132200,0.0
EA,2003,132900,5.85
EA,2003,133000,6.3
EA,2003,139000,9.82
EA,2004,011100,23.16
EA,2004,011200,37.43
EA,2004,011300,11.03
EA,2004,011400,22.17
EA,2004,011500,5.32
EA,2004,011600,11.78
EA,2004,011700,15.32
EA,2004,011800,10.26
EA,2004,011900,7.39
EA,2004,012100,2.88
EA,2004,012200,2.77
EA,2004,012300,0.67
EA,2004,012400,0.06
EA,2004,012500,3.19
EA,2004,012600,2.5
EA,2004,012900,0.21
EA,2004,021100,3.02
EA,2004,021200,6.94
EA,2004,021300,5.49
EA,2004,021900,0.05
EA,2004,022000,0.0
EA,2004,023000,23.71
EA,2004,031100,0.36
EA,2004,031200,54.49
EA,2004,031300,2.05
EA,2004,031400,1.89
EA,2004,043100,7.92
EA,2004,043200,10.09
EA,2004,044100,7.81
EA,2004,044200,5.46
EA,2004,044300,4.52
EA,2004,044400,6.98
EA,2004,045100,20.02
EA,2004,045200,15.07
EA,2004,045300,7.89
EA,2004,045400,0.77
EA,2004,045500,1.0
EA,2004,051100,27.76
EA,2004,051200,0.84
EA,2004,053100,8.01
EA,2004,053200,2.36
EA,2004,053300,1.23
EA,2004,054000,5.71
EA,2004,056100,10.09
EA,2004,056200,9.11
EA,2004,061100,12.23
EA,2004,061200,1.08
EA,2004,061300,3.98
EA,2004,061400,0.0
EA,2004,062100,3.94
EA,2004,062200,6.66
EA,2004,062300,6.2
EA,2004,063100,4.59
EA,2004,063200,2.39
EA,2004,064100,0.7
EA,2004,064200,0.0
EA,2004,071100,44.56
EA,2004,071200,2.18
EA,2004,071300,1.45
EA,2004,072100,5.6
EA,2004,072200,36.45
EA,2004,072300,30.72
EA,2004,072400,8.68
EA,2004,073100,3.98
EA,2004,073200,5.07
EA,2004,073300,4.85
EA,2004,073400,0.95
EA,2004,073500,5.43
EA,2004,073600,0.09
EA,2004,074100,1.99
EA,2004,074900,1.54
EA,2004,081100,0.54
EA,2004,081200,1.91
EA,2004,081300,3.34
EA,2004,081400,5.67
EA,2004,081500,0.94
EA,2004,081900,0.11
EA,2004,082000,0.23
EA,2004,083100,6.55
EA,2004,083200,11.25
EA,2004,083300,0.71
EA,2004,083400,5.99
EA,2004,083500,0.9
EA,2004,083900,6.37
EA,2004,091100,1.86
EA,2004,091200,2.1
EA,2004,092100,4.72
EA,2004,092200,2.85
EA,2004,093100,5.88
EA,2004,093200,3.48
EA,2004,094100,0.0
EA,2004,094200,0.01
EA,2004,094300,0.01
EA,2004,094400,0.41
EA,2004,094500,1.3
EA,2004,094600,9.46
EA,2004,094700,0.0
EA,2004,095100,0.59
EA,2004,095200,2.9
EA,2004,096100,5.3
EA,2004,096200,1.48
EA,2004,096300,1.47
EA,2004,096900,0.5
EA,2004,097100,6.92
EA,2004,097200,9.68
EA,2004,097300,0.5
EA,2004,097400,2.0
EA,2004,098000,14.73
EA,2004,111100,70.42
EA,2004,111200,8.15
EA,2004,112000,18.14
EA,2004,121100,1.94
EA,2004,121200,4.37
EA,2004,121300,2.25
EA,2004,121400,7.68
EA,2004,121900,2.32
EA,2004,131100,0.79
EA,2004,131200,14.64
EA,2004,131300,11.22
EA,2004,132100,5.22
EA,2004,132200,0.0
EA,2004,132900,5.71
EA,2004,133000,6.6
EA,2004,139000,10.04
EA,2005,011100,23.44
EA,2005,011200,37.02
EA,2005,011300,11.1
EA,2005,011400,21.95
EA,2005,011500,5.43
EA,2005,011600,11.41
EA,2005,011700,14.57
EA,2005,011800,10.36
EA,2005,011900,7.55
EA,2005,012100,2.82
EA,2005,012200,2.7
EA,2005,012300,0.68
EA,2005,012400,0.06
EA,2005,012500,3.21
EA,2005,012600,2.46
EA,2005,012900,0.26
EA,2005,021100,2.96
EA,2005,021200,6.95
EA,2005,021300,5.37
EA,2005,021900,0.05
EA,2005,022000,0.0
EA,2005,023000,25.34
EA,2005,031100,0.35
EA,2005,031200,54.65
EA,2005,031300,2.16
EA,2005,031400,1.8
EA,2005,043100,7.96
EA,2005,043200,10.2
EA,2005,044100,7.57
EA,2005,044200,5.1
EA,2005,044300,4.69
EA,2005,044400,7.11
EA,2005,045100,20.31
EA,2005,045200,15.56
EA,2005,045300,9.23
EA,2005,045400,0.73
EA,2005,045500,0.99
EA,2005,051100,27.21
EA,2005,051200,0.79
EA,2005,053100,8.03
EA,2005,053200,2.16
EA,2005,053300,1.18
EA,2005,054000,5.88
EA,2005,056100,10.08
EA,2005,056200,8.5
EA,2005,061100,13.02
EA,2005,061200,0.83
EA,2005,061300,4.91
EA,2005,061400,0.0
EA,2005,062100,4.11
EA,2005,062200,7.03
EA,2005,062300,6.45
EA,2005,063100,4.3
EA,2005,063200,2.32
EA,2005,064100,0.63
EA,2005,064200,0.0
EA,2005,071100,44.31
EA,2005,071200,2.16
EA,2005,071300,1.44
EA,2005,072100,5.73
EA,2005,072200,39.04
EA,2005,072300,30.78
EA,2005,072400,8.6
EA,2005,073100,4.03
EA,2005,073200,4.72
EA,2005,073300,5.09
EA,2005,073400,0.94
EA,2005,073500,5.15
EA,2005,073600,0.04
EA,2005,074100,2.23
EA,2005,074900,1.54
EA,2005,081100,0.73
EA,2005,081200,1.53
EA,2005,081300,4.06
EA,2005,081400,5.29
EA,2005,081500,0.9
EA,2005,081900,0.06
EA,2005,082000,0.22
EA,2005,083100,6.04
EA,2005,083200,10.75
EA,2005,083300,1.95
EA,2005,083400,5.95
EA,2005,083500,0.99
EA,2005,083900,6.72
EA,2005,091100,1.76
EA,2005,091200,1.98
EA,2005,092100,4.44
EA,2005,092200,2.93
EA,2005,093100,6.11
EA,2005,093200,3.65
EA,2005,094100,0.0
EA,2005,094200,0.01
EA,2005,094300,0.01
EA,2005,094400,0.4
EA,2005,094500,1.19
EA,2005,094600,9.02
EA,2005,094700,0.0
EA,2005,095100,0.52
EA,2005,095200,2.46
EA,2005,096100,4.66
EA,2005,096200,1.46
EA,2005,096300,1.31
EA,2005,096900,0.47
EA,2005,097100,6.95
EA,2005,097200,10.0
EA,2005,097300,0.52
EA,2005,097400,2.21
EA,2005,098000,14.33
EA,2005,111100,68.51
EA,2005,111200,7.78
EA,2005,112000,17.32
EA,2005,121100,1.92
EA,2005,121200,4.53
EA,2005,121300,2.25
EA,2005,121400,7.58
EA,2005,121900,2.32
EA,2005,131100,0.36
EA,2005,131200,14.74
EA,2005,131300,11.17
EA,2005,132100,5.19
EA,2005,132200,0.0
EA,2005,132900,5.77
EA,2005,133000,7.09
EA,2005,139000,9.88
EA,2006,011100,23.02
EA,2006,011200,36.18
EA,2006,011300,11.19
EA,2006,011400,21.56
EA,2006,011500,5.51
EA,2006,011600,11.35
EA,2006,011700,14.38
EA,2006,011800,10.04
EA,2006,011900,7.48
EA,2006,012100,2.71
EA,2006,012200,2.87
EA,2006,012300,0.69
EA,2006,012400,0.06
EA,2006,012500,3.08
EA,2006,012600,2.46
EA,2006,012900,0.26
EA,2006,021100,2.85
EA,2006,021200,6.73
EA,2006,021300,5.31
EA,2006,021900,0.06
EA,2006,022000,0.0
EA,2006,023000,25.03
EA,2006,031100,0.3
EA,2006,031200,53.43
EA,2006,031300,2.15
EA,2006,031400,1.82
EA,2006,043100,7.8
EA,2006,043200,10.01
EA,2006,044100,7.46
EA,2006,044200,5.24
EA,2006,044300,4.64
EA,2006,044400,7.35
EA,2006,045100,20.46
EA,2006,045200,17.33
EA,2006,045300,10.61
EA,2006,045400,0.76
EA,2006,045500,1.03
EA,2006,051100,26.97
EA,2006,051200,0.76
EA,2006,053100,8.05
EA,2006,053200,2.21
EA,2006,053300,1.17
EA,2006,054000,5.91
EA,2006,056100,9.87
EA,2006,056200,8.27
EA,2006,061100,12.43
EA,2006,061200,0.86
EA,2006,061300,4.81
EA,2006,061400,0.0
EA,2006,062100,3.99
EA,2006,062200,7.15
EA,2006,062300,5.45
EA,2006,063100,4.35
EA,2006,063200,2.54
EA,2006,064100,0.62
EA,2006,064200,0.0
EA,2006,071100,45.08
EA,2006,071200,2.17
EA,2006,071300,1.47
EA,2006,072100,5.66
EA,2006,072200,41.66
EA,2006,072300,30.62
EA,2006,072400,8.73
EA,2006,073100,4.04
EA,2006,073200,4.74
EA,2006,073300,5.22
EA,2006,073400,0.93
EA,2006,073500,5.22
EA,2006,073600,0.05
EA,2006,074100,1.94
EA,2006,074900,1.52
EA,2006,081100,0.67
EA,2006,081200,1.74
EA,2006,081300,3.85
EA,2006,081400,5.46
EA,2006,081500,0.87
EA,2006,081900,0.06
EA,2006,082000,0.22
EA,2006,083100,5.95
EA,2006,083200,11.07
EA,2006,083300,1.97
EA,2006,083400,6.1
EA,2006,083500,0.92
EA,2006,083900,6.71
EA,2006,091100,1.89
EA,2006,091200,2.02
EA,2006,092100,4.4
EA,2006,092200,2.93
EA,2006,093100,6.21
EA,2006,093200,3.72
EA,2006,094100,0.0
EA,2006,094200,0.01
EA,2006,094300,0.01
EA,2006,094400,0.4
EA,2006,094500,1.24
EA,2006,094600,9.36
EA,2006,094700,0.0
EA,2006,095100,0.56
EA,2006,095200,2.37
EA,2006,096100,4.98
EA,2006,096200,1.36
EA,2006,096300,1.19
EA,2006,096900,0.45
EA,2006,097100,6.83
EA,2006,097200,9.73
EA,2006,097300,0.53
EA,2006,097400,2.35
EA,2006,098000,14.12
EA,2006,111100,68.28
EA,2006,111200,7.63
EA,2006,112000,16.74
EA,2006,121100,1.91
EA,2006,121200,4.57
EA,2006,121300,2.49
EA,2006,121400,7.86
EA,2006,121900,2.31
EA,2006,131100,0.36
EA,2006,131200,14.21
EA,2006,131300,11.34
EA,2006,132100,5.23
EA,2006,132200,0.0
EA,2006,132900,5.63
EA,2006,133000,7.41
EA,2006,139000,9.88
EA,2007,011100,23.58
EA,2007,011200,36.84
EA,2007,011300,11.31
EA,2007,011400,21.36
EA,2007,011500,5.54
EA,2007,011600,11.72
EA,2007,011700,15.22
EA,2007,011800,10.09
EA,2007,011900,7.7
EA,2007,012100,2.84
EA,2007,012200,2.8
EA,2007,012300,0.68
EA,2007,012400,0.06
EA,2007,012500,3.29
EA,2007,012600,2.57
EA,2007,012900,0.27
EA,2007,021100,2.85
EA,2007,021200,6.9
EA,2007,021300,5.27
EA,2007,021900,0.06
EA,2007,022000,0.0
EA,2007,023000,24.79
EA,2007,031100,0.25
EA,2007,031200,50.92
EA,2007,031300,2.19
EA,2007,031400,1.68
EA,2007,043100,7.83
EA,2007,043200,9.52
EA,2007,044100,7.48
EA,2007,044200,5.24
EA,2007,044300,4.55
EA,2007,044400,8.0
EA,2007,045100,21.37
EA,2007,045200,18.84
EA,2007,045300,10.17
EA,2007,045400,0.79
EA,2007,045500,1.12
EA,2007,051100,25.43
EA,2007,051200,0.59
EA,2007,053100,7.65
EA,2007,053200,2.13
EA,2007,053300,1.01
EA,2007,054000,5.48
EA,2007,056100,9.99
EA,2007,056200,8.35
EA,2007,061100,11.96
EA,2007,061200,0.84
EA,2007,061300,4.81
EA,2007,061400,0.0
EA,2007,062100,3.91
EA,2007,062200,7.09
EA,2007,062300,5.69
EA,2007,063100,5.01
EA,2007,063200,2.53
EA,2007,064100,0.64
EA,2007,064200,0.0
EA,2007,071100,43.7
EA,2007,071200,2.54
EA,2007,071300,1.6
EA,2007,072100,5.76
EA,2007,072200,43.75
EA,2007,072300,30.55
EA,2007,072400,8.64
EA,2007,073100,4.22
EA,2007,073200,4.65
EA,2007,073300,5.28
EA,2007,073400,0.94
EA,2007,073500,5.09
EA,2007,073600,0.05
EA,2007,074100,1.9
EA,2007,074900,1.43
EA,2007,081100,0.56
EA,2007,081200,1.31
EA,2007,081300,4.14
EA,2007,081400,5.36
EA,2007,081500,0.81
EA,2007,081900,0.1
EA,2007,082000,0.24
EA,2007,083100,6.05
EA,2007,083200,12.17
EA,2007,083300,2.28
EA,2007,083400,6.56
EA,2007,083500,0.88
EA,2007,083900,6.59
EA,2007,091100,1.95
EA,2007,091200,1.93
EA,2007,092100,4.62
EA,2007,092200,3.02
EA,2007,093100,6.62
EA,2007,093200,3.36
EA,2007,094100,0.0
EA,2007,094200,0.0
EA,2007,094300,0.01
EA,2007,094400,0.38
EA,2007,094500,1.27
EA,2007,094600,9.16
EA,2007,094700,0.0
EA,2007,095100,0.58
EA,2007,095200,2.23
EA,2007,096100,4.93
EA,2007,096200,1.66
EA,2007,096300,1.13
EA,2007,096900,0.42
EA,2007,097100,6.46
EA,2007,097200,9.52
EA,2007,097300,0.53
EA,2007,097400,2.25
EA,2007,098000,14.17
EA,2007,111100,67.82
EA,2007,111200,7.84
EA,2007,112000,16.67
EA,2007,121100,2.04
EA,2007,121200,5.1
EA,2007,121300,2.65
EA,2007,121400,7.92
EA,2007,121900,2.27
EA,2007,131100,0.39
EA,2007,131200,14.94
EA,2007,131300,11.57
EA,2007,132100,5.54
EA,2007,132200,0.0
EA,2007,132900,4.31
EA,2007,133000,7.4
EA,2007,139000,9.59
EA,2008,011100,24.17
EA,2008,011200,36.13
EA,2008,011300,11.08
EA,2008,011400,22.8
EA,2008,011500,5.49
EA,2008,011600,12.03
EA,2008,011700,15.35
EA,2008,011800,9.92
EA,2008,011900,7.46
EA,2008,012100,3.22
EA,2008,012200,2.65
EA,2008,012300,0.7
EA,2008,012400,0.06
EA,2008,012500,3.53
EA,2008,012600,2.56
EA,2008,012900,0.27
EA,2008,021100,2.71
EA,2008,021200,6.98
EA,2008,021300,4.77
EA,2008,021900,0.08
EA,2008,022000,0.0
EA,2008,023000,22.67
EA,2008,031100,0.17
EA,2008,031200,50.23
EA,2008,031300,1.91
EA,2008,031400,1.63
EA,2008,043100,7.64
EA,2008,043200,9.71
EA,2008,044100,7.45
EA,2008,044200,5.31
EA,2008,044300,4.37
EA,2008,044400,8.16
EA,2008,045100,22.18
EA,2008,045200,17.49
EA,2008,045300,10.68
EA,2008,045400,0.95
EA,2008,045500,1.06
EA,2008,051100,23.54
EA,2008,051200,0.6
EA,2008,053100,7.7
EA,2008,053200,1.75
EA,2008,053300,0.88
EA,2008,054000,5.25
EA,2008,056100,10.13
EA,2008,056200,8.73
EA,2008,061100,11.86
EA,2008,061200,1.02
EA,2008,061300,4.73
EA,2008,061400,0.0
EA,2008,062100,3.22
EA,2008,062200,7.22
EA,2008,062300,6.75
EA,2008,063100,4.84
EA,2008,063200,2.64
EA,2008,064100,0.66
EA,2008,064200,0.04
EA,2008,071100,44.17
EA,2008,071200,2.28
EA,2008,071300,1.53
EA,2008,072100,6.2
EA,2008,072200,45.71
EA,2008,072300,29.2
EA,2008,072400,7.47
EA,2008,073100,4.43
EA,2008,073200,4.49
EA,2008,073300,5.22
EA,2008,073400,0.76
EA,2008,073500,4.81
EA,2008,073600,0.05
EA,2008,074100,1.68
EA,2008,074900,1.38
EA,2008,081100,0.31
EA,2008,081200,1.83
EA,2008,081300,4.81
EA,2008,081400,5.36
EA,2008,081500,0.76
EA,2008,081900,0.1
EA,2008,082000,0.17
EA,2008,083100,6.47
EA,2008,083200,12.81
EA,2008,083300,2.41
EA,2008,083400,7.67
EA,2008,083500,0.92
EA,2008,083900,6.56
EA,2008,091100,2.1
EA,2008,091200,2.29
EA,2008,092100,5.53
EA,2008,092200,3.13
EA,2008,093100,6.49
EA,2008,093200,3.2
EA,2008,094100,0.0
EA,2008,094200,0.0
EA,2008,094300,0.01
EA,2008,094400,0.36
EA,2008,094500,1.54
EA,2008,094600,8.92
EA,2008,094700,0.0
EA,2008,095100,0.55
EA,2008,095200,2.15
EA,2008,096100,4.55
EA,2008,096200,1.94
EA,2008,096300,1.05
EA,2008,096900,0.4
EA,2008,097100,6.22
EA,2008,097200,8.81
EA,2008,097300,0.61
EA,2008,097400,2.27
EA,2008,098000,16.37
EA,2008,111100,68.2
EA,2008,111200,7.36
EA,2008,112000,17.83
EA,2008,121100,1.69
EA,2008,121200,5.18
EA,2008,121300,2.72
EA,2008,121400,8.85
EA,2008,121900,1.43
EA,2008,131100,0.49
EA,2008,131200,15.57
EA,2008,131300,11.74
EA,2008,132100,4.99
EA,2008,132200,0.0
EA,2008,132900,4.26
EA,2008,133000,7.6
EA,2008,139000,9.69
EA,2009,011100,24.46
EA,2009,011200,35.75
EA,2009,011300,10.68
EA,2009,011400,22.52
EA,2009,011500,5.37
EA,2009,011600,11.6
EA,2009,011700,15.26
EA,2009,011800,10.05
EA,2009,011900,7.67
EA,2009,012100,3.23
EA,2009,012200,2.66
EA,2009,012300,0.7
EA,2009,012400,0.07
EA,2009,012500,3.42
EA,2009,012600,2.49
EA,2009,012900,0.29
EA,2009,021100,2.72
EA,2009,021200,6.83
EA,2009,021300,4.86
EA,2009,021900,0.08
EA,2009,022000,0.0
EA,2009,023000,22.61
EA,2009,031100,0.17
EA,2009,031200,50.14
EA,2009,031300,1.91
EA,2009,031400,1.64
EA,2009,043100,7.63
EA,2009,043200,9.85
EA,2009,044100,7.49
EA,2009,044200,5.29
EA,2009,044300,4.35
EA,2009,044400,8.35
EA,2009,045100,23.11
EA,2009,045200,20.76
EA,2009,045300,9.26
EA,2009,045400,0.99
EA,2009,045500,1.53
EA,2009,051100,23.59
EA,2009,051200,0.57
EA,2009,053100,7.74
EA,2009,053200,1.73
EA,2009,053300,0.88
EA,2009,054000,5.29
EA,2009,056100,10.53
EA,2009,056200,9.24
EA,2009,061100,12.19
EA,2009,061200,1.02
EA,2009,061300,4.85
EA,2009,061400,0.0
EA,2009,062100,3.09
EA,2009,062200,7.78
EA,2009,062300,6.78
EA,2009,063100,4.92
EA,2009,063200,2.59
EA,2009,064100,0.67
EA,2009,064200,0.05
EA,2009,071100,42.67
EA,2009,071200,2.22
EA,2009,071300,1.54
EA,2009,072100,6.33
EA,2009,072200,39.95
EA,2009,072300,29.79
EA,2009,072400,7.81
EA,2009,073100,4.53
EA,2009,073200,4.73
EA,2009,073300,6.01
EA,2009,073400,0.78
EA,2009,073500,4.84
EA,2009,073600,0.06
EA,2009,074100,1.65
EA,2009,074900,1.41
EA,2009,081100,0.28
EA,2009,081200,1.56
EA,2009,081300,4.53
EA,2009,081400,4.95
EA,2009,081500,0.73
EA,2009,081900,0.11
EA,2009,082000,0.16
EA,2009,083100,6.13
EA,2009,083200,13.22
EA,2009,083300,1.98
EA,2009,083400,7.43
EA,2009,083500,0.92
EA,2009,083900,6.61
EA,2009,091100,1.86
EA,2009,091200,2.27
EA,2009,092100,5.54
EA,2009,092200,3.22
EA,2009,093100,6.42
EA,2009,093200,3.37
EA,2009,094100,0.0
EA,2009,094200,0.0
EA,2009,094300,0.01
EA,2009,094400,0.3
EA,2009,094500,1.65
EA,2009,094600,8.87
EA,2009,094700,0.0
EA,2009,095100,0.54
EA,2009,095200,1.91
EA,2009,096100,4.71
EA,2009,096200,2.06
EA,2009,096300,1.07
EA,2009,096900,0.41
EA,2009,097100,6.21
EA,2009,097200,8.9
EA,2009,097300,0.61
EA,2009,097400,2.34
EA,2009,098000,16.28
EA,2009,111100,69.44
EA,2009,111200,7.72
EA,2009,112000,17.83
EA,2009,121100,1.74
EA,2009,121200,5.04
EA,2009,121300,2.78
EA,2009,121400,8.91
EA,2009,121900,1.42
EA,2009,131100,0.5
EA,2009,131200,16.09
EA,2009,131300,12.19
EA,2009,132100,5.14
EA,2009,132200,0.0
EA,2009,132900,4.36
EA,2009,133000,7.8
EA,2009,139000,9.59
EA,2010,011100,24.2
EA,2010,011200,35.36
EA,2010,011300,10.35
EA,2010,011400,21.88
EA,2010,011500,5.11
EA,2010,011600,11.44
EA,2010,011700,14.5
EA,2010,011800,10.0
EA,2010,011900,7.81
EA,2010,012100,3.17
EA,2010,012200,2.66
EA,2010,012300,0.71
EA,2010,012400,0.07
EA,2010,012500,3.35
EA,2010,012600,2.47
EA,2010,012900,0.28
EA,2010,021100,2.75
EA,2010,021200,6.76
EA,2010,021300,4.92
EA,2010,021900,0.08
EA,2010,022000,0.0
EA,2010,023000,23.78
EA,2010,031100,0.16
EA,2010,031200,49.67
EA,2010,031300,1.89
EA,2010,031400,1.59
EA,2010,032100,13.29
EA,2010,032200,0.55
EA,2010,041100,59.06
EA,2010,041200,0.85
EA,2010,043100,7.27
EA,2010,043200,9.87
EA,2010,044100,7.67
EA,2010,044200,5.37
EA,2010,044300,4.41
EA,2010,044400,8.44
EA,2010,045100,23.92
EA,2010,045200,17.4
EA,2010,045300,9.3
EA,2010,045400,1.01
EA,2010,045500,1.5
EA,2010,051100,23.37
EA,2010,051200,0.52
EA,2010,052100,5.14
EA,2010,053100,7.52
EA,2010,053200,1.76
EA,2010,053300,0.87
EA,2010,054000,5.33
EA,2010,055100,1.38
EA,2010,055200,2.46
EA,2010,055300,0.12
EA,2010,056100,10.62
EA,2010,056200,9.4
EA,2010,061100,12.28
EA,2010,061200,1.07
EA,2010,061300,4.95
EA,2010,061400,0.0
EA,2010,062100,3.37
EA,2010,062200,7.92
EA,2010,062300,7.23
EA,2010,063100,4.67
EA,2010,063200,2.66
EA,2010,064100,0.72
EA,2010,064200,0.05
EA,2010,071100,38.92
EA,2010,071200,2.1
EA,2010,071300,1.52
EA,2010,072100,6.37
EA,2010,072200,42.36
EA,2010,072300,30.28
EA,2010,072400,10.14
EA,2010,073100,4.8
EA,2010,073200,4.91
EA,2010,073300,5.66
EA,2010,073400,0.79
EA,2010,073500,4.93
EA,2010,073600,0.06
EA,2010,074100,1.69
EA,2010,074900,1.38
EA,2010,081100,0.27
EA,2010,081200,1.59
EA,2010,081300,4.57
EA,2010,081400,4.81
EA,2010,081500,0.71
EA,2010,081900,0.1
EA,2010,082000,0.18
EA,2010,083100,6.32
EA,2010,083200,13.25
EA,2010,083300,2.03
EA,2010,083400,7.47
EA,2010,083500,0.92
EA,2010,083900,6.79
EA,2010,091100,1.83
EA,2010,091200,2.24
EA,2010,092100,5.56
EA,2010,092200,3.14
EA,2010,093100,6.46
EA,2010,093200,3.41
EA,2010,094100,0.0
EA,2010,094200,0.0
EA,2010,094300,0.01
EA,2010,094400,0.35
EA,2010,094500,1.68
EA,2010,094600,9.43
EA,2010,094700,0.0
EA,2010,095100,0.56
EA,2010,095200,1.76
EA,2010,096100,4.8
EA,2010,096200,2.2
EA,2010,096300,1.05
EA,2010,096900,0.43
EA,2010,097100,6.06
EA,2010,097200,8.9
EA,2010,097300,0.62
EA,2010,097400,2.34
EA,2010,098000,15.73
EA,2010,101000,2.22
EA,2010,102000,1.26
EA,2010,103000,0.35
EA,2010,104000,2.91
EA,2010,105000,4.33
EA,2010,111100,68.58
EA,2010,111200,7.97
EA,2010,112000,17.17
EA,2010,121100,1.77
EA,2010,121200,5.15
EA,2010,121300,2.81
EA,2010,121400,9.2
EA,2010,121900,1.41
EA,2010,122200,5.62
EA,2010,122900,0.41
EA,2010,131100,0.51
EA,2010,131200,16.37
EA,2010,131300,11.98
EA,2010,132100,5.12
EA,2010,132200,0.0
EA,2010,132900,4.42
EA,2010,133000,8.55
EA,2010,139000,10.07
EA,2011,011100,23.94
EA,2011,011200,34.98
EA,2011,011300,10.06
EA,2011,011400,21.69
EA,2011,011500,5.04
EA,2011,011600,11.66
EA,2011,011700,15.6
EA,2011,011800,10.04
EA,2011,011900,7.66
EA,2011,012100,3.27
EA,2011,012200,2.71
EA,2011,012300,0.72
EA,2011,012400,0.07
EA,2011,012500,3.34
EA,2011,012600,2.43
EA,2011,012900,0.28
EA,2011,021100,2.96
EA,2011,021200,6.76
EA,2011,021300,4.9
EA,2011,021900,0.1
EA,2011,022000,0.0
EA,2011,023000,24.79
EA,2011,031100,0.13
EA,2011,031200,49.42
EA,2011,031300,1.86
EA,2011,031400,1.57
EA,2011,032100,13.28
EA,2011,032200,0.51
EA,2011,041100,58.45
EA,2011,041200,0.86
EA,2011,043100,7.1
EA,2011,043200,9.74
EA,2011,044100,7.71
EA,2011,044200,5.55
EA,2011,044300,4.67
EA,2011,044400,8.41
EA,2011,045100,24.5
EA,2011,045200,18.68
EA,2011,045300,11.02
EA,2011,045400,1.02
EA,2011,045500,1.45
EA,2011,051100,22.53
EA,2011,051200,0.36
EA,2011,052100,4.93
EA,2011,053100,7.05
EA,2011,053200,1.93
EA,2011,053300,0.77
EA,2011,054000,5.06
EA,2011,055100,1.44
EA,2011,055200,2.36
EA,2011,055300,0.12
EA,2011,056100,10.51
EA,2011,056200,8.71
EA,2011,061100,12.52
EA,2011,061200,0.94
EA,2011,061300,5.03
EA,2011,061400,0.0
EA,2011,062100,3.2
EA,2011,062200,7.94
EA,2011,062300,7.04
EA,2011,063100,4.03
EA,2011,063200,2.46
EA,2011,064100,0.89
EA,2011,064200,0.05
EA,2011,071100,39.26
EA,2011,071200,2.06
EA,2011,071300,1.55
EA,2011,072100,6.23
EA,2011,072200,46.86
EA,2011,072300,28.99
EA,2011,072400,9.75
EA,2011,073100,4.91
EA,2011,073200,4.94
EA,2011,073300,5.76
EA,2011,073400,0.8
EA,2011,073500,4.78
EA,2011,073600,0.06
EA,2011,074100,1.66
EA,2011,074900,1.4
EA,2011,081100,0.29
EA,2011,081200,1.52
EA,2011,081300,4.15
EA,2011,081400,5.07
EA,2011,081500,1.21
EA,2011,081900,0.15
EA,2011,082000,0.19
EA,2011,083100,5.35
EA,2011,083200,13.25
EA,2011,083300,2.38
EA,2011,083400,7.36
EA,2011,083500,0.91
EA,2011,083900,6.68
EA,2011,091100,1.72
EA,2011,091200,2.06
EA,2011,092100,5.41
EA,2011,092200,2.86
EA,2011,093100,6.56
EA,2011,093200,3.41
EA,2011,094100,0.0
EA,2011,094200,0.0
EA,2011,094300,0.01
EA,2011,094400,0.38
EA,2011,094500,1.69
EA,2011,094600,9.62
EA,2011,094700,0.0
EA,2011,095100,0.56
EA,2011,095200,1.68
EA,2011,096100,4.67
EA,2011,096200,1.96
EA,2011,096300,1.03
EA,2011,096900,0.42
EA,2011,097100,6.12
EA,2011,097200,8.45
EA,2011,097300,0.63
EA,2011,097400,2.35
EA,2011,098000,15.13
EA,2011,101000,2.5
EA,2011,102000,2.11
EA,2011,103000,0.31
EA,2011,104000,3.83
EA,2011,105000,2.99
EA,2011,111100,70.11
EA,2011,111200,6.47
EA,2011,112000,16.62
EA,2011,121100,1.71
EA,2011,121200,5.24
EA,2011,121300,2.9
EA,2011,121400,9.22
EA,2011,121900,1.38
EA,2011,122200,5.27
EA,2011,122900,0.38
EA,2011,131100,0.5
EA,2011,131200,16.07
EA,2011,131300,11.81
EA,2011,132100,5.15
EA,2011,132200,0.01
EA,2011,132900,4.28
EA,2011,133000,8.09
EA,2011,139000,10.06
EA,2012,011100,23.82
EA,2012,011200,35.07
EA,2012,011300,10.26
EA,2012,011400,21.72
EA,2012,011500,4.85
EA,2012,011600,11.76
EA,2012,011700,13.89
EA,2012,011800,10.27
EA,2012,011900,7.7
EA,2012,012100,3.03
EA,2012,012200,3.02
EA,2012,012300,0.77
EA,2012,012400,0.04
EA,2012,012500,2.86
EA,2012,012600,3.06
EA,2012,012900,0.29
EA,2012,021100,2.93
EA,2012,021200,6.91
EA,2012,021300,4.98
EA,2012,021900,0.11
EA,2012,022000,0.0
EA,2012,023000,23.36
EA,2012,031100,0.13
EA,2012,031200,50.65
EA,2012,031300,1.77
EA,2012,031400,1.58
EA,2012,032100,13.18
EA,2012,032200,0.46
EA,2012,041100,59.28
EA,2012,041200,0.78
EA,2012,043100,6.86
EA,2012,043200,9.37
EA,2012,044100,7.69
EA,2012,044200,5.52
EA,2012,044300,4.79
EA,2012,044400,8.42
EA,2012,045100,26.4
EA,2012,045200,21.05
EA,2012,045300,11.03
EA,2012,045400,1.0
EA,2012,045500,1.72
EA,2012,051100,21.55
EA,2012,051200,0.33
EA,2012,052100,5.01
EA,2012,053100,6.99
EA,2012,053200,1.78
EA,2012,053300,0.7
EA,2012,054000,4.96
EA,2012,055100,1.45
EA,2012,055200,2.29
EA,2012,055300,0.12
EA,2012,056100,10.4
EA,2012,056200,8.75
EA,2012,061100,12.19
EA,2012,061200,1.09
EA,2012,061300,5.44
EA,2012,061400,0.0
EA,2012,062100,3.58
EA,2012,062200,8.19
EA,2012,062300,8.01
EA,2012,063100,4.88
EA,2012,063200,2.87
EA,2012,064100,0.87
EA,2012,064200,0.06
EA,2012,071100,36.21
EA,2012,071200,1.81
EA,2012,071300,1.27
EA,2012,072100,8.16
EA,2012,072200,48.55
EA,2012,072300,26.43
EA,2012,072400,9.21
EA,2012,073100,4.93
EA,2012,073200,4.84
EA,2012,073300,6.3
EA,2012,073400,0.98
EA,2012,073500,5.37
EA,2012,073600,0.07
EA,2012,074100,1.5
EA,2012,074900,1.25
EA,2012,081100,0.29
EA,2012,081200,1.68
EA,2012,081300,4.57
EA,2012,081400,5.09
EA,2012,081500,0.9
EA,2012,081900,0.18
EA,2012,082000,0.18
EA,2012,083100,4.35
EA,2012,083200,12.78
EA,2012,083300,3.08
EA,2012,083400,7.71
EA,2012,083500,0.87
EA,2012,083900,7.26
EA,2012,091100,1.54
EA,2012,091200,2.1
EA,2012,092100,5.57
EA,2012,092200,2.75
EA,2012,093100,6.07
EA,2012,093200,3.77
EA,2012,094100,0.0
EA,2012,094200,0.0
EA,2012,094300,0.01
EA,2012,094400,0.12
EA,2012,094500,1.71
EA,2012,094600,9.0
EA,2012,094700,0.0
EA,2012,095100,0.55
EA,2012,095200,1.65
EA,2012,096100,4.49
EA,2012,096200,1.76
EA,2012,096300,1.14
EA,2012,096900,0.47
EA,2012,097100,5.94
EA,2012,097200,7.67
EA,2012,097300,0.67
EA,2012,097400,2.19
EA,2012,098000,14.18
EA,2012,101000,2.93
EA,2012,102000,1.65
EA,2012,103000,0.29
EA,2012,104000,3.45
EA,2012,105000,2.41
EA,2012,111100,68.77
EA,2012,111200,6.6
EA,2012,112000,17.35
EA,2012,121100,1.62
EA,2012,121200,4.79
EA,2012,121300,2.76
EA,2012,121400,8.41
EA,2012,121900,1.29
EA,2012,122200,6.29
EA,2012,122900,0.38
EA,2012,131100,0.51
EA,2012,131200,16.51
EA,2012,131300,12.02
EA,2012,132100,5.75
EA,2012,132200,0.01
EA,2012,132900,4.23
EA,2012,133000,8.81
EA,2012,139000,10.09
EA,2013,011100,24.02
EA,2013,011200,35.07
EA,2013,011300,10.33
EA,2013,011400,21.37
EA,2013,011500,4.62
EA,2013,011600,11.81
EA,2013,011700,15.06
EA,2013,011800,10.37
EA,2013,011900,8.03
EA,2013,012100,2.92
EA,2013,012200,3.03
EA,2013,012300,0.77
EA,2013,012400,0.04
EA,2013,012500,2.74
EA,2013,012600,3.24
EA,2013,012900,0.31
EA,2013,021100,3.09
EA,2013,021200,7.26
EA,2013,021300,5.26
EA,2013,021900,0.14
EA,2013,022000,0.0
EA,2013,023000,24.21
EA,2013,031100,0.42
EA,2013,031200,49.1
EA,2013,031300,1.81
EA,2013,031400,1.56
EA,2013,032100,12.65
EA,2013,032200,0.36
EA,2013,041100,59.22
EA,2013,041200,0.91
EA,2013,043100,5.9
EA,2013,043200,9.13
EA,2013,044100,6.36
EA,2013,044200,5.75
EA,2013,044300,5.42
EA,2013,044400,8.77
EA,2013,045100,25.86
EA,2013,045200,20.32
EA,2013,045300,10.61
EA,2013,045400,1.21
EA,2013,045500,1.58
EA,2013,051100,21.14
EA,2013,051200,0.33
EA,2013,052100,4.96
EA,2013,053100,7.13
EA,2013,053200,2.29
EA,2013,053300,0.67
EA,2013,054000,5.02
EA,2013,055100,1.52
EA,2013,055200,2.25
EA,2013,055300,0.42
EA,2013,056100,10.61
EA,2013,056200,8.83
EA,2013,061100,11.52
EA,2013,061200,1.05
EA,2013,061300,5.72
EA,2013,061400,0.0
EA,2013,062100,3.44
EA,2013,062200,7.83
EA,2013,062300,7.75
EA,2013,063100,4.76
EA,2013,063200,2.19
EA,2013,064100,0.8
EA,2013,064200,0.07
EA,2013,071100,33.97
EA,2013,071200,1.74
EA,2013,071300,1.51
EA,2013,072100,5.89
EA,2013,072200,50.03
EA,2013,072300,28.99
EA,2013,072400,11.0
EA,2013,073100,5.39
EA,2013,073200,5.25
EA,2013,073300,6.54
EA,2013,073400,0.95
EA,2013,073500,5.73
EA,2013,073600,0.04
EA,2013,074100,1.62
EA,2013,074900,1.23
EA,2013,081100,0.31
EA,2013,081200,1.84
EA,2013,081300,4.5
EA,2013,081400,5.15
EA,2013,081500,0.83
EA,2013,081900,0.09
EA,2013,082000,0.24
EA,2013,083100,4.2
EA,2013,083200,12.39
EA,2013,083300,2.91
EA,2013,083400,7.87
EA,2013,083500,0.67
EA,2013,083900,7.05
EA,2013,091100,1.42
EA,2013,091200,2.37
EA,2013,092100,5.66
EA,2013,092200,2.32
EA,2013,093100,6.05
EA,2013,093200,4.14
EA,2013,094100,0.0
EA,2013,094200,0.0
EA,2013,094300,0.01
EA,2013,094400,0.13
EA,2013,094500,1.88
EA,2013,094600,8.94
EA,2013,094700,0.0
EA,2013,095100,0.63
EA,2013,095200,1.61
EA,2013,096100,4.48
EA,2013,096200,1.81
EA,2013,096300,1.08
EA,2013,096900,0.48
EA,2013,097100,5.95
EA,2013,097200,7.32
EA,2013,097300,0.62
EA,2013,097400,2.12
EA,2013,098000,16.07
EA,2013,101000,2.69
EA,2013,102000,1.84
EA,2013,103000,0.24
EA,2013,104000,3.89
EA,2013,105000,2.03
EA,2013,111100,69.7
EA,2013,111200,6.96
EA,2013,112000,16.31
EA,2013,121100,2.16
EA,2013,121200,4.58
EA,2013,121300,2.74
EA,2013,121400,7.63
EA,2013,121900,1.4
EA,2013,122200,5.45
EA,2013,122900,0.35
EA,2013,131100,0.49
EA,2013,131200,16.62
EA,2013,131300,12.06
EA,2013,132100,5.92
EA,2013,132200,0.01
EA,2013,132900,3.9
EA,2013,133000,8.94
EA,2013,139000,10.1
EA,2014,011100,24.42
EA,2014,011200,35.67
EA,2014,011300,10.37
EA,2014,011400,22.38
EA,2014,011500,4.94
EA,2014,011600,12.09
EA,2014,011700,15.51
EA,2014,011800,10.55
EA,2014,011900,8.21
EA,2014,012100,2.81
EA,2014,012200,2.99
EA,2014,012300,0.78
EA,2014,012400,0.04
EA,2014,012500,2.83
EA,2014,012600,3.19
EA,2014,012900,0.33
EA,2014,021100,3.19
EA,2014,021200,7.51
EA,2014,021300,5.65
EA,2014,021900,0.15
EA,2014,022000,0.0
EA,2014,023000,23.94
EA,2014,031100,0.34
EA,2014,031200,47.01
EA,2014,031300,1.73
EA,2014,031400,1.5
EA,2014,032100,12.22
EA,2014,032200,0.32
EA,2014,041100,61.04
EA,2014,041200,0.87
EA,2014,043100,5.77
EA,2014,043200,9.13
EA,2014,044100,6.48
EA,2014,044200,6.08
EA,2014,044300,5.44
EA,2014,044400,8.7
EA,2014,045100,27.21
EA,2014,045200,19.93
EA,2014,045300,10.27
EA,2014,045400,1.45
EA,2014,045500,1.68
EA,2014,051100,20.4
EA,2014,051200,0.33
EA,2014,052100,4.67
EA,2014,053100,7.13
EA,2014,053200,2.32
EA,2014,053300,0.63
EA,2014,054000,4.8
EA,2014,055100,1.49
EA,2014,055200,2.35
EA,2014,055300,0.44
EA,2014,056100,10.56
EA,2014,056200,9.18
EA,2014,061100,12.11
EA,2014,061200,1.14
EA,2014,061300,5.76
EA,2014,061400,0.0
EA,2014,062100,3.12
EA,2014,062200,7.8
EA,2014,062300,7.9
EA,2014,063100,4.88
EA,2014,063200,2.37
EA,2014,064100,0.83
EA,2014,064200,0.07
EA,2014,071100,31.31
EA,2014,071200,1.5
EA,2014,071300,1.49
EA,2014,072100,5.6
EA,2014,072200,47.51
EA,2014,072300,29.18
EA,2014,072400,10.97
EA,2014,073100,5.59
EA,2014,073200,5.44
EA,2014,073300,6.49
EA,2014,073400,0.94
EA,2014,073500,5.98
EA,2014,073600,0.04
EA,2014,074100,1.61
EA,2014,074900,1.2
EA,2014,081100,0.35
EA,2014,081200,1.95
EA,2014,081300,4.55
EA,2014,081400,4.99
EA,2014,081500,0.85
EA,2014,081900,0.1
EA,2014,082000,0.21
EA,2014,083100,3.97
EA,2014,083200,11.92
EA,2014,083300,2.62
EA,2014,083400,8.31
EA,2014,083500,0.65
EA,2014,083900,7.07
EA,2014,091100,1.39
EA,2014,091200,2.24
EA,2014,092100,5.6
EA,2014,092200,2.46
EA,2014,093100,6.07
EA,2014,093200,4.3
EA,2014,094100,0.0
EA,2014,094200,0.0
EA,2014,094300,0.03
EA,2014,094400,0.1
EA,2014,094500,1.96
EA,2014,094600,9.02
EA,2014,094700,0.0
EA,2014,095100,0.65
EA,2014,095200,1.53
EA,2014,096100,4.52
EA,2014,096200,1.81
EA,2014,096300,0.99
EA,2014,096900,0.5
EA,2014,097100,5.95
EA,2014,097200,7.09
EA,2014,097300,0.6
EA,2014,097400,2.13
EA,2014,098000,17.07
EA,2014,101000,2.88
EA,2014,102000,1.8
EA,2014,103000,0.23
EA,2014,104000,3.92
EA,2014,105000,2.07
EA,2014,111100,68.51
EA,2014,111200,7.21
EA,2014,112000,16.58
EA,2014,121100,2.25
EA,2014,121200,4.76
EA,2014,121300,3.04
EA,2014,121400,7.64
EA,2014,121900,1.55
EA,2014,122200,5.38
EA,2014,122900,0.34
EA,2014,131100,0.5
EA,2014,131200,16.63
EA,2014,131300,12.23
EA,2014,132100,5.21
EA,2014,132200,0.01
EA,2014,132900,4.0
EA,2014,133000,9.41
EA,2014,139000,10.42
EA,2015,011100,23.8
EA,2015,011200,35.23
EA,2015,011300,10.42
EA,2015,011400,22.19
EA,2015,011500,4.37
EA,2015,011600,11.74
EA,2015,011700,15.72
EA,2015,011800,9.75
EA,2015,011900,9.01
EA,2015,012100,2.78
EA,2015,012200,3.46
EA,2015,012300,0.86
EA,2015,012400,0.07
EA,2015,012500,3.02
EA,2015,012600,2.97
EA,2015,012900,0.31
EA,2015,021100,3.27
EA,2015,021200,7.89
EA,2015,021300,5.73
EA,2015,021900,0.3
EA,2015,022000,0.0
EA,2015,023000,23.75
EA,2015,031100,0.35
EA,2015,031200,45.13
EA,2015,031300,1.88
EA,2015,031400,1.69
EA,2015,032100,11.94
EA,2015,032200,0.32
EA,2015,041100,62.3
EA,2015,041200,0.88
EA,2015,043100,5.26
EA,2015,043200,8.44
EA,2015,044100,6.42
EA,2015,044200,5.84
EA,2015,044300,5.62
EA,2015,044400,9.41
EA,2015,045100,28.43
EA,2015,045200,20.79
EA,2015,045300,8.67
EA,2015,045400,1.57
EA,2015,045500,2.03
EA,2015,051100,20.24
EA,2015,051200,0.31
EA,2015,052100,4.46
EA,2015,053100,6.99
EA,2015,053200,2.24
EA,2015,053300,0.66
EA,2015,054000,4.61
EA,2015,055100,1.36
EA,2015,055200,2.53
EA,2015,055300,0.54
EA,2015,056100,10.22
EA,2015,056200,9.22
EA,2015,061100,12.83
EA,2015,061200,1.27
EA,2015,061300,6.13
EA,2015,061400,0.0
EA,2015,062100,2.98
EA,2015,062200,7.57
EA,2015,062300,8.06
EA,2015,063100,5.08
EA,2015,063200,2.92
EA,2015,064100,1.45
EA,2015,064200,0.07
EA,2015,071100,31.59
EA,2015,071200,1.33
EA,2015,071300,1.48
EA,2015,072100,5.97
EA,2015,072200,44.58
EA,2015,072300,28.01
EA,2015,072400,11.3
EA,2015,073100,6.07
EA,2015,073200,5.58
EA,2015,073300,6.91
EA,2015,073400,0.7
EA,2015,073500,6.07
EA,2015,073600,0.04
EA,2015,074100,1.61
EA,2015,074900,1.43
EA,2015,081100,0.23
EA,2015,081200,2.08
EA,2015,081300,4.26
EA,2015,081400,4.49
EA,2015,081500,0.92
EA,2015,081900,0.14
EA,2015,082000,0.31
EA,2015,083100,4.26
EA,2015,083200,12.95
EA,2015,083300,2.88
EA,2015,083400,7.63
EA,2015,083500,0.59
EA,2015,083900,6.92
EA,2015,091100,1.3
EA,2015,091200,2.27
EA,2015,092100,5.38
EA,2015,092200,2.58
EA,2015,093100,6.05
EA,2015,093200,4.62
EA,2015,094100,0.0
EA,2015,094200,0.06
EA,2015,094300,0.03
EA,2015,094400,0.08
EA,2015,094500,1.95
EA,2015,094600,8.88
EA,2015,094700,0.0
EA,2015,095100,0.67
EA,2015,095200,1.29
EA,2015,096100,4.65
EA,2015,096200,1.91
EA,2015,096300,0.85
EA,2015,096900,0.52
EA,2015,097100,5.61
EA,2015,097200,6.68
EA,2015,097300,0.66
EA,2015,097400,2.27
EA,2015,098000,17.28
EA,2015,101000,2.79
EA,2015,102000,2.1
EA,2015,103000,0.07
EA,2015,104000,3.96
EA,2015,105000,2.11
EA,2015,111100,68.27
EA,2015,111200,7.31
EA,2015,112000,17.7
EA,2015,121100,2.28
EA,2015,121200,5.07
EA,2015,121300,3.14
EA,2015,121400,8.13
EA,2015,121900,1.6
EA,2015,122200,5.28
EA,2015,122900,0.3
EA,2015,131100,0.54
EA,2015,131200,16.42
EA,2015,131300,12.24
EA,2015,132100,4.55
EA,2015,132200,0.0
EA,2015,132900,4.2
EA,2015,133000,9.52
EA,2015,139000,11.16
EA,2016,011100,24.03
EA,2016,011200,33.81
EA,2016,011300,10.1
EA,2016,011400,20.97
EA,2016,011500,4.21
EA,2016,011600,12.26
EA,2016,011700,16.43
EA,2016,011800,9.94
EA,2016,011900,9.24
EA,2016,012100,2.39
EA,2016,012200,3.3
EA,2016,012300,0.88
EA,2016,012400,0.03
EA,2016,012500,2.8
EA,2016,012600,3.26
EA,2016,012900,0.36
EA,2016,021100,3.66
EA,2016,021200,7.64
EA,2016,021300,5.86
EA,2016,021900,0.28
EA,2016,022000,0.0
EA,2016,023000,23.88
EA,2016,031100,0.34
EA,2016,031200,44.31
EA,2016,031300,2.22
EA,2016,031400,1.73
EA,2016,032100,11.9
EA,2016,032200,0.33
EA,2016,041100,63.57
EA,2016,041200,0.92
EA,2016,043100,5.19
EA,2016,043200,8.99
EA,2016,044100,6.39
EA,2016,044200,5.65
EA,2016,044300,5.5
EA,2016,044400,9.36
EA,2016,045100,27.38
EA,2016,045200,18.65
EA,2016,045300,6.34
EA,2016,045400,1.65
EA,2016,045500,1.82
EA,2016,051100,19.91
EA,2016,051200,0.51
EA,2016,052100,4.27
EA,2016,053100,6.69
EA,2016,053200,2.25
EA,2016,053300,0.71
EA,2016,054000,4.76
EA,2016,055100,1.17
EA,2016,055200,2.52
EA,2016,055300,0.55
EA,2016,056100,9.49
EA,2016,056200,9.04
EA,2016,061100,12.71
EA,2016,061200,1.44
EA,2016,061300,6.1
EA,2016,061400,0.0
EA,2016,062100,3.17
EA,2016,062200,7.75
EA,2016,062300,8.87
EA,2016,063100,5.4
EA,2016,063200,3.09
EA,2016,064100,1.65
EA,2016,064200,0.06
EA,2016,071100,34.73
EA,2016,071200,1.4
EA,2016,071300,1.46
EA,2016,072100,6.72
EA,2016,072200,41.56
EA,2016,072300,24.6
EA,2016,072400,11.87
EA,2016,073100,6.33
EA,2016,073200,5.67
EA,2016,073300,6.8
EA,2016,073400,0.73
EA,2016,073500,5.58
EA,2016,073600,0.04
EA,2016,074100,1.62
EA,2016,074900,1.45
EA,2016,081100,0.16
EA,2016,081200,3.13
EA,2016,081300,4.43
EA,2016,081400,4.34
EA,2016,081500,0.76
EA,2016,081900,0.16
EA,2016,082000,0.4
EA,2016,083100,3.65
EA,2016,083200,12.19
EA,2016,083300,2.13
EA,2016,083400,9.01
EA,2016,083500,0.99
EA,2016,083900,6.82
EA,2016,091100,1.32
EA,2016,091200,2.32
EA,2016,092100,5.76
EA,2016,092200,3.21
EA,2016,093100,5.76
EA,2016,093200,4.5
EA,2016,094100,0.0
EA,2016,094200,0.26
EA,2016,094300,0.04
EA,2016,094400,0.4
EA,2016,094500,2.02
EA,2016,094600,8.32
EA,2016,094700,0.0
EA,2016,095100,0.67
EA,2016,095200,1.45
EA,2016,096100,5.47
EA,2016,096200,1.37
EA,2016,096300,0.87
EA,2016,096900,0.38
EA,2016,097100,5.38
EA,2016,097200,6.53
EA,2016,097300,0.61
EA,2016,097400,2.33
EA,2016,098000,17.35
EA,2016,101000,2.9
EA,2016,102000,2.22
EA,2016,103000,0.08
EA,2016,104000,3.92
EA,2016,105000,2.04
EA,2016,111100,70.7
EA,2016,111200,6.9
EA,2016,112000,17.75
EA,2016,121100,2.33
EA,2016,121200,6.76
EA,2016,121300,3.1
EA,2016,121400,8.14
EA,2016,121900,1.78
EA,2016,122200,5.6
EA,2016,122900,0.18
EA,2016,131100,0.62
EA,2016,131200,16.47
EA,2016,131300,12.34
EA,2016,132100,4.52
EA,2016,132200,0.0
EA,2016,132900,4.34
EA,2016,133000,11.74
EA,2016,139000,10.82
EA,2017,011100,23.91
EA,2017,011200,34.01
EA,2017,011300,10.1
EA,2017,011400,20.74
EA,2017,011500,4.34
EA,2017,011600,12.77
EA,2017,011700,16.78
EA,2017,011800,9.85
EA,2017,011900,9.31
EA,2017,012100,2.58
EA,2017,012200,3.28
EA,2017,012300,0.92
EA,2017,012400,0.03
EA,2017,012500,2.93
EA,2017,012600,3.31
EA,2017,012900,0.35
EA,2017,021100,3.56
EA,2017,021200,7.47
EA,2017,021300,5.75
EA,2017,021900,0.22
EA,2017,022000,0.0
EA,2017,023000,23.69
EA,2017,031100,0.33
EA,2017,031200,43.62
EA,2017,031300,2.33
EA,2017,031400,1.75
EA,2017,032100,12.12
EA,2017,032200,0.34
EA,2017,041100,63.82
EA,2017,041200,0.86
EA,2017,043100,4.96
EA,2017,043200,8.7
EA,2017,044100,6.03
EA,2017,044200,5.73
EA,2017,044300,5.52
EA,2017,044400,9.19
EA,2017,045100,27.05
EA,2017,045200,17.49
EA,2017,045300,6.37
EA,2017,045400,1.59
EA,2017,045500,1.8
EA,2017,051100,19.69
EA,2017,051200,0.5
EA,2017,052100,4.38
EA,2017,053100,6.5
EA,2017,053200,2.37
EA,2017,053300,0.78
EA,2017,054000,4.72
EA,2017,055100,1.19
EA,2017,055200,2.47
EA,2017,055300,0.56
EA,2017,056100,8.99
EA,2017,056200,8.69
EA,2017,061100,12.41
EA,2017,061200,1.43
EA,2017,061300,6.3
EA,2017,061400,0.0
EA,2017,062100,3.19
EA,2017,062200,8.36
EA,2017,062300,8.78
EA,2017,063100,5.49
EA,2017,063200,3.38
EA,2017,064100,1.66
EA,2017,064200,0.07
EA,2017,071100,35.07
EA,2017,071200,1.45
EA,2017,071300,1.52
EA,2017,072100,6.76
EA,2017,072200,41.01
EA,2017,072300,25.87
EA,2017,072400,11.88
EA,2017,073100,6.37
EA,2017,073200,5.84
EA,2017,073300,7.32
EA,2017,073400,0.75
EA,2017,073500,5.94
EA,2017,073600,0.04
EA,2017,074100,1.65
EA,2017,074900,1.47
EA,2017,081100,0.13
EA,2017,081200,3.58
EA,2017,081300,4.49
EA,2017,081400,4.17
EA,2017,081500,0.65
EA,2017,081900,0.14
EA,2017,082000,0.34
EA,2017,083100,3.28
EA,2017,083200,11.3
EA,2017,083300,2.4
EA,2017,083400,9.94
EA,2017,083500,1.04
EA,2017,083900,6.07
EA,2017,091100,1.26
EA,2017,091200,2.32
EA,2017,092100,5.57
EA,2017,092200,3.29
EA,2017,093100,5.76
EA,2017,093200,4.43
EA,2017,094100,0.0
EA,2017,094200,0.26
EA,2017,094300,0.04
EA,2017,094400,0.49
EA,2017,094500,2.04
EA,2017,094600,8.18
EA,2017,094700,0.0
EA,2017,095100,0.63
EA,2017,095200,1.35
EA,2017,096100,5.43
EA,2017,096200,1.39
EA,2017,096300,0.81
EA,2017,096900,0.37
EA,2017,097100,5.09
EA,2017,097200,6.18
EA,2017,097300,0.58
EA,2017,097400,2.2
EA,2017,098000,17.33
EA,2017,101000,2.96
EA,2017,102000,2.14
EA,2017,103000,0.04
EA,2017,104000,4.01
EA,2017,105000,2.05
EA,2017,111100,69.93
EA,2017,111200,6.9
EA,2017,112000,19.17
EA,2017,121100,2.33
EA,2017,121200,6.64
EA,2017,121300,3.36
EA,2017,121400,8.07
EA,2017,121900,1.69
EA,2017,122200,5.44
EA,2017,122900,0.19
EA,2017,131100,0.63
EA,2017,131200,16.45
EA,2017,131300,12.13
EA,2017,132100,4.7
EA,2017,132200,0.0
EA,2017,132900,4.56
EA,2017,133000,12.89
EA,2017,139000,10.85
EA,2018,011100,23.71
EA,2018,011200,33.6
EA,2018,011300,10.11
EA,2018,011400,21.19
EA,2018,011500,4.57
EA,2018,011600,13.09
EA,2018,011700,16.48
EA,2018,011800,9.76
EA,2018,011900,9.28
EA,2018,012100,2.57
EA,2018,012200,3.42
EA,2018,012300,0.93
EA,2018,012400,0.03
EA,2018,012500,2.98
EA,2018,012600,3.32
EA,2018,012900,0.34
EA,2018,021100,3.48
EA,2018,021200,7.47
EA,2018,021300,5.87
EA,2018,021900,0.24
EA,2018,022000,0.0
EA,2018,023000,23.28
EA,2018,031100,0.26
EA,2018,031200,42.46
EA,2018,031300,2.18
EA,2018,031400,1.65
EA,2018,032100,11.9
EA,2018,032200,0.31
EA,2018,041100,63.01
EA,2018,041200,0.88
EA,2018,043100,4.91
EA,2018,043200,8.64
EA,2018,044100,5.99
EA,2018,044200,5.73
EA,2018,044300,5.6
EA,2018,044400,9.03
EA,2018,045100,27.15
EA,2018,045200,17.71
EA,2018,045300,6.7
EA,2018,045400,1.59
EA,2018,045500,1.73
EA,2018,051100,19.83
EA,2018,051200,0.49
EA,2018,052100,4.47
EA,2018,053100,6.38
EA,2018,053200,2.41
EA,2018,053300,0.72
EA,2018,054000,4.75
EA,2018,055100,1.13
EA,2018,055200,2.4
EA,2018,055300,0.45
EA,2018,056100,8.95
EA,2018,056200,8.59
EA,2018,061100,12.31
EA,2018,061200,1.34
EA,2018,061300,6.4
EA,2018,061400,0.0
EA,2018,062100,3.12
EA,2018,062200,8.36
EA,2018,062300,8.41
EA,2018,063100,5.36
EA,2018,063200,3.14
EA,2018,064100,1.67
EA,2018,064200,0.07
EA,2018,071100,37.52
EA,2018,071200,1.57
EA,2018,071300,1.62
EA,2018,072100,6.54
EA,2018,072200,42.13
EA,2018,072300,25.28
EA,2018,072400,11.72
EA,2018,073100,6.46
EA,2018,073200,5.85
EA,2018,073300,7.6
EA,2018,073400,0.79
EA,2018,073500,6.08
EA,2018,073600,0.04
EA,2018,074100,1.63
EA,2018,074900,1.48
EA,2018,081100,0.12
EA,2018,081200,3.55
EA,2018,081300,4.53
EA,2018,081400,4.11
EA,2018,081500,0.69
EA,2018,081900,0.15
EA,2018,082000,0.35
EA,2018,083100,3.25
EA,2018,083200,11.08
EA,2018,083300,2.2
EA,2018,083400,9.97
EA,2018,083500,0.84
EA,2018,083900,5.1
EA,2018,091100,1.2
EA,2018,091200,2.34
EA,2018,092100,5.78
EA,2018,092200,3.35
EA,2018,093100,5.81
EA,2018,093200,4.45
EA,2018,094100,0.0
EA,2018,094200,0.27
EA,2018,094300,0.04
EA,2018,094400,0.43
EA,2018,094500,2.12
EA,2018,094600,8.65
EA,2018,094700,0.0
EA,2018,095100,0.66
EA,2018,095200,1.26
EA,2018,096100,5.29
EA,2018,096200,1.44
EA,2018,096300,0.74
EA,2018,096900,0.37
EA,2018,097100,4.93
EA,2018,097200,5.98
EA,2018,097300,0.58
EA,2018,097400,2.15
EA,2018,098000,18.35
EA,2018,101000,2.97
EA,2018,102000,2.14
EA,2018,103000,0.04
EA,2018,104000,3.61
EA,2018,105000,2.05
EA,2018,111100,71.34
EA,2018,111200,6.89
EA,2018,112000,19.7
EA,2018,121100,2.34
EA,2018,121200,6.51
EA,2018,121300,3.31
EA,2018,121400,7.75
EA,2018,121900,1.69
EA,2018,122200,5.2
EA,2018,122900,0.19
EA,2018,131100,0.63
EA,2018,131200,16.05
EA,2018,131300,11.94
EA,2018,132100,4.89
EA,2018,132200,0.01
EA,2018,132900,4.5
EA,2018,133000,12.85
EA,2018,139000,11.09
EA,2019,011100,22.78
EA,2019,011200,32.02
EA,2019,011300,9.72
EA,2019,011400,20.29
EA,2019,011500,4.24
EA,2019,011600,12.67
EA,2019,011700,16.79
EA,2019,011800,9.47
EA,2019,011900,9.25
EA,2019,012100,2.38
EA,2019,012200,3.41
EA,2019,012300,0.87
EA,2019,012400,0.03
EA,2019,012500,2.93
EA,2019,012600,3.29
EA,2019,012900,0.31
EA,2019,021100,3.83
EA,2019,021200,7.99
EA,2019,021300,5.04
EA,2019,021900,0.18
EA,2019,022000,0.0
EA,2019,023000,22.65
EA,2019,031100,0.35
EA,2019,031200,43.47
EA,2019,031300,2.23
EA,2019,031400,1.58
EA,2019,032100,12.09
EA,2019,032200,0.28
EA,2019,041100,61.04
EA,2019,041200,4.08
EA,2019,043100,5.47
EA,2019,043200,9.6
EA,2019,044100,5.79
EA,2019,044200,5.4
EA,2019,044300,4.37
EA,2019,044400,12.39
EA,2019,045100,26.93
EA,2019,045200,20.04
EA,2019,045300,7.38
EA,2019,045400,1.77
EA,2019,045500,2.96
EA,2019,051100,19.22
EA,2019,051200,0.42
EA,2019,052100,4.51
EA,2019,053100,6.36
EA,2019,053200,2.51
EA,2019,053300,0.7
EA,2019,054000,4.73
EA,2019,055100,1.23
EA,2019,055200,2.7
EA,2019,055300,0.48
EA,2019,056100,8.72
EA,2019,056200,8.55
EA,2019,061100,11.42
EA,2019,061200,1.42
EA,2019,061300,5.82
EA,2019,061400,0.0
EA,2019,062100,3.43
EA,2019,062200,8.96
EA,2019,062300,9.02
EA,2019,063100,5.37
EA,2019,063200,3.79
EA,2019,064100,1.01
EA,2019,064200,0.06
EA,2019,071100,37.96
EA,2019,071200,1.5
EA,2019,071300,1.48
EA,2019,072100,6.39
EA,2019,072200,43.01
EA,2019,072300,25.15
EA,2019,072400,11.86
EA,2019,073100,5.42
EA,2019,073200,5.76
EA,2019,073300,8.02
EA,2019,073400,0.64
EA,2019,073500,5.99
EA,2019,073600,0.02
EA,2019,074100,1.34
EA,2019,074900,1.42
EA,2019,081100,0.26
EA,2019,081200,3.64
EA,2019,081300,4.9
EA,2019,081400,3.9
EA,2019,081500,0.55
EA,2019,081900,0.17
EA,2019,082000,0.38
EA,2019,083100,2.35
EA,2019,083200,10.33
EA,2019,083300,2.24
EA,2019,083400,9.77
EA,2019,083500,0.78
EA,2019,083900,5.19
EA,2019,091100,0.86
EA,2019,091200,2.4
EA,2019,092100,5.07
EA,2019,092200,3.56
EA,2019,093100,5.57
EA,2019,093200,4.72
EA,2019,094100,0.0
EA,2019,094200,0.27
EA,2019,094300,0.04
EA,2019,094400,0.46
EA,2019,094500,2.1
EA,2019,094600,9.26
EA,2019,094700,0.0
EA,2019,095100,0.5
EA,2019,095200,1.18
EA,2019,096100,5.45
EA,2019,096200,1.56
EA,2019,096300,0.94
EA,2019,096900,0.87
EA,2019,097100,4.4
EA,2019,097200,5.49
EA,2019,097300,1.22
EA,2019,097400,2.17
EA,2019,098000,14.05
EA,2019,101000,2.77
EA,2019,102000,2.11
EA,2019,103000,0.05
EA,2019,104000,3.15
EA,2019,105000,2.01
EA,2019,111100,72.8
EA,2019,111200,6.93
EA,2019,112000,19.88
EA,2019,121100,1.99
EA,2019,121200,6.56
EA,2019,121300,3.25
EA,2019,121400,8.49
EA,2019,121900,1.69
EA,2019,122200,5.71
EA,2019,122900,0.19
EA,2019,131100,0.63
EA,2019,131200,16.26
EA,2019,131300,12.22
EA,2019,132100,4.44
EA,2019,132200,0.01
EA,2019,132900,4.63
EA,2019,133000,12.84
EA,2019,139000,11.07
EA,2020,011100,23.09
EA,2020,011200,32.35
EA,2020,011300,9.72
EA,2020,011400,19.93
EA,2020,011500,4.09
EA,2020,011600,12.62
EA,2020,011700,16.66
EA,2020,011800,9.4
EA,2020,011900,9.69
EA,2020,012100,2.29
EA,2020,012200,3.43
EA,2020,012300,0.89
EA,2020,012400,0.03
EA,2020,012500,3.06
EA,2020,012600,3.26
EA,2020,012900,0.36
EA,2020,021100,3.84
EA,2020,021200,7.89
EA,2020,021300,5.11
EA,2020,021900,0.18
EA,2020,022000,0.0
EA,2020,023000,22.83
EA,2020,031100,0.34
EA,2020,031200,42.46
EA,2020,031300,2.18
EA,2020,031400,1.56
EA,2020,032100,11.82
EA,2020,032200,0.27
EA,2020,041100,61.52
EA,2020,041200,4.01
EA,2020,043100,5.17
EA,2020,043200,9.44
EA,2020,044100,5.52
EA,2020,044200,5.21
EA,2020,044300,4.39
EA,2020,044400,12.16
EA,2020,045100,26.33
EA,2020,045200,17.85
EA,2020,045300,6.79
EA,2020,045400,1.67
EA,2020,045500,2.8
EA,2020,051100,18.93
EA,2020,051200,0.4
EA,2020,052100,4.46
EA,2020,053100,6.43
EA,2020,053200,2.46
EA,2020,053300,0.69
EA,2020,054000,4.65
EA,2020,055100,1.25
EA,2020,055200,2.69
EA,2020,055300,0.49
EA,2020,056100,8.86
EA,2020,056200,8.12
EA,2020,061100,11.49
EA,2020,061200,1.38
EA,2020,061300,6.16
EA,2020,061400,0.0
EA,2020,062100,3.55
EA,2020,062200,9.01
EA,2020,062300,9.41
EA,2020,063100,5.36
EA,2020,063200,3.92
EA,2020,064100,1.05
EA,2020,064200,0.07
EA,2020,071100,37.98
EA,2020,071200,1.53
EA,2020,071300,1.56
EA,2020,072100,6.44
EA,2020,072200,43.88
EA,2020,072300,25.22
EA,2020,072400,12.38
EA,2020,073100,5.44
EA,2020,073200,5.81
EA,2020,073300,8.55
EA,2020,073400,0.65
EA,2020,073500,6.04
EA,2020,073600,0.03
EA,2020,074100,1.41
EA,2020,074900,1.49
EA,2020,081100,0.2
EA,2020,081200,3.48
EA,2020,081300,4.89
EA,2020,081400,3.63
EA,2020,081500,0.47
EA,2020,081900,0.21
EA,2020,082000,0.39
EA,2020,083100,2.12
EA,2020,083200,10.14
EA,2020,083300,2.11
EA,2020,083400,10.15
EA,2020,083500,0.82
EA,2020,083900,3.31
EA,2020,091100,0.82
EA,2020,091200,2.6
EA,2020,092100,5.16
EA,2020,092200,3.41
EA,2020,093100,5.68
EA,2020,093200,4.97
EA,2020,094100,0.0
EA,2020,094200,0.28
EA,2020,094300,0.04
EA,2020,094400,0.46
EA,2020,094500,2.15
EA,2020,094600,9.24
EA,2020,094700,0.0
EA,2020,095100,0.53
EA,2020,095200,1.16
EA,2020,096100,5.55
EA,2020,096200,1.66
EA,2020,096300,0.94
EA,2020,096900,0.91
EA,2020,097100,4.47
EA,2020,097200,5.33
EA,2020,097300,1.24
EA,2020,097400,2.03
EA,2020,098000,15.59
EA,2020,101000,2.78
EA,2020,102000,2.12
EA,2020,103000,0.05
EA,2020,104000,3.38
EA,2020,105000,2.02
EA,2020,111100,73.66
EA,2020,111200,6.92
EA,2020,112000,20.38
EA,2020,121100,1.98
EA,2020,121200,6.72
EA,2020,121300,3.22
EA,2020,121400,8.92
EA,2020,121900,1.63
EA,2020,122200,5.71
EA,2020,122900,0.2
EA,2020,131100,0.6
EA,2020,131200,16.09
EA,2020,131300,12.41
EA,2020,132100,4.52
EA,2020,132200,0.0
EA,2020,132900,4.7
EA,2020,133000,13.06
EA,2020,139000,11.29
EA,2021,011100,26.62
EA,2021,011200,36.31
EA,2021,011300,10.86
EA,2021,011400,23.07
EA,2021,011500,4.73
EA,2021,011600,15.07
EA,2021,011700,18.84
EA,2021,011800,10.96
EA,2021,011900,11.16
EA,2021,012100,2.47
EA,2021,012200,4.01
EA,2021,012300,0.99
EA,2021,012400,0.04
EA,2021,012500,3.44
EA,2021,012600,3.62
EA,2021,012900,0.42
EA,2021,021100,4.39
EA,2021,021200,9.04
EA,2021,021300,5.9
EA,2021,021900,0.19
EA,2021,022000,0.0
EA,2021,023000,25.48
EA,2021,031100,0.3
EA,2021,031200,38.54
EA,2021,031300,1.87
EA,2021,031400,1.24
EA,2021,032100,10.52
EA,2021,032200,0.22
EA,2021,041100,70.05
EA,2021,041200,4.64
EA,2021,043100,5.76
EA,2021,043200,9.72
EA,2021,044100,6.17
EA,2021,044200,5.93
EA,2021,044300,5.02
EA,2021,044400,13.46
EA,2021,045100,28.75
EA,2021,045200,19.13
EA,2021,045300,5.99
EA,2021,045400,1.72
EA,2021,045500,3.32
EA,2021,051100,20.68
EA,2021,051200,0.37
EA,2021,052100,4.66
EA,2021,053100,7.39
EA,2021,053200,2.87
EA,2021,053300,0.68
EA,2021,054000,5.13
EA,2021,055100,1.52
EA,2021,055200,3.02
EA,2021,055300,0.54
EA,2021,056100,10.03
EA,2021,056200,8.39
EA,2021,061100,12.48
EA,2021,061200,1.57
EA,2021,061300,6.55
EA,2021,061400,0.0
EA,2021,062100,3.84
EA,2021,062200,8.99
EA,2021,062300,9.57
EA,2021,063100,5.8
EA,2021,063200,4.43
EA,2021,064100,1.06
EA,2021,064200,0.07
EA,2021,071100,35.81
EA,2021,071200,1.62
EA,2021,071300,1.97
EA,2021,072100,6.45
EA,2021,072200,36.67
EA,2021,072300,25.24
EA,2021,072400,11.92
EA,2021,073100,3.79
EA,2021,073200,4.06
EA,2021,073300,3.75
EA,2021,073400,0.58
EA,2021,073500,4.73
EA,2021,073600,0.02
EA,2021,074100,1.52
EA,2021,074900,1.83
EA,2021,081100,0.23
EA,2021,081200,4.22
EA,2021,081300,6.09
EA,2021,081400,4.4
EA,2021,081500,0.51
EA,2021,081900,0.21
EA,2021,082000,0.42
EA,2021,083100,1.97
EA,2021,083200,10.72
EA,2021,083300,2.66
EA,2021,083400,10.57
EA,2021,083500,0.82
EA,2021,083900,3.5
EA,2021,091100,0.88
EA,2021,091200,2.92
EA,2021,092100,5.44
EA,2021,092200,3.77
EA,2021,093100,6.39
EA,2021,093200,5.59
EA,2021,094100,0.0
EA,2021,094200,0.22
EA,2021,094300,0.03
EA,2021,094400,0.38
EA,2021,094500,2.45
EA,2021,094600,7.67
EA,2021,094700,0.0
EA,2021,095100,0.59
EA,2021,095200,1.06
EA,2021,096100,3.8
EA,2021,096200,1.28
EA,2021,096300,0.85
EA,2021,096900,0.86
EA,2021,097100,4.61
EA,2021,097200,5.22
EA,2021,097300,1.34
EA,2021,097400,2.18
EA,2021,098000,6.16
EA,2021,101000,3.03
EA,2021,102000,2.26
EA,2021,103000,0.04
EA,2021,104000,3.42
EA,2021,105000,2.05
EA,2021,111100,57.31
EA,2021,111200,5.19
EA,2021,112000,12.58
EA,2021,121100,2.13
EA,2021,121200,7.47
EA,2021,121300,3.5
EA,2021,121400,9.57
EA,2021,121900,1.89
EA,2021,122200,6.27
EA,2021,122900,0.23
EA,2021,131100,0.68
EA,2021,131200,16.49
EA,2021,131300,12.0
EA,2021,132100,4.61
EA,2021,132200,0.0
EA,2021,132900,4.88
EA,2021,133000,14.0
EA,2021,139000,10.78
EA,2022,011100,25.16
EA,2022,011200,35.35
EA,2022,011300,10.65
EA,2022,011400,22.19
EA,2022,011500,4.7
EA,2022,011600,14.5
EA,2022,011700,18.46
EA,2022,011800,10.22
EA,2022,011900,10.5
EA,2022,012100,2.31
EA,2022,012200,4.01
EA,2022,012300,0.97
EA,2022,012400,0.04
EA,2022,012500,3.25
EA,2022,012600,3.33
EA,2022,012900,0.51
EA,2022,021100,4.13
EA,2022,021200,8.32
EA,2022,021300,5.86
EA,2022,021900,0.19
EA,2022,022000,0.0
EA,2022,023000,24.2
EA,2022,031100,0.29
EA,2022,031200,38.33
EA,2022,031300,1.85
EA,2022,031400,1.17
EA,2022,032100,10.57
EA,2022,032200,0.2
EA,2022,041100,66.27
EA,2022,041200,4.36
EA,2022,043100,5.57
EA,2022,043200,9.81
EA,2022,044100,5.88
EA,2022,044200,5.55
EA,2022,044300,4.74
EA,2022,044400,12.7
EA,2022,045100,31.2
EA,2022,045200,21.99
EA,2022,045300,7.27
EA,2022,045400,1.75
EA,2022,045500,3.67
EA,2022,051100,20.86
EA,2022,051200,0.39
EA,2022,052100,4.41
EA,2022,053100,7.34
EA,2022,053200,2.79
EA,2022,053300,0.65
EA,2022,054000,5.11
EA,2022,055100,1.44
EA,2022,055200,3.02
EA,2022,055300,0.53
EA,2022,056100,9.89
EA,2022,056200,8.1
EA,2022,061100,12.24
EA,2022,061200,2.08
EA,2022,061300,6.63
EA,2022,061400,0.0
EA,2022,062100,3.72
EA,2022,062200,9.31
EA,2022,062300,10.03
EA,2022,063100,5.51
EA,2022,063200,4.38
EA,2022,064100,1.09
EA,2022,064200,0.08
EA,2022,071100,35.37
EA,2022,071200,1.7
EA,2022,071300,2.04
EA,2022,072100,6.73
EA,2022,072200,43.95
EA,2022,072300,25.1
EA,2022,072400,12.61
EA,2022,073100,3.98
EA,2022,073200,4.17
EA,2022,073300,4.48
EA,2022,073400,0.5
EA,2022,073500,4.64
EA,2022,073600,0.03
EA,2022,074100,1.52
EA,2022,074900,1.39
EA,2022,081100,0.22
EA,2022,081200,4.23
EA,2022,081300,5.77
EA,2022,081400,4.29
EA,2022,081500,0.48
EA,2022,081900,0.25
EA,2022,082000,0.36
EA,2022,083100,1.75
EA,2022,083200,10.05
EA,2022,083300,2.54
EA,2022,083400,10.49
EA,2022,083500,0.83
EA,2022,083900,3.72
EA,2022,091100,0.73
EA,2022,091200,2.96
EA,2022,092100,5.5
EA,2022,092200,3.62
EA,2022,093100,6.14
EA,2022,093200,5.59
EA,2022,094100,0.0
EA,2022,094200,0.25
EA,2022,094300,0.04
EA,2022,094400,0.29
EA,2022,094500,2.53
EA,2022,094600,7.41
EA,2022,094700,0.0
EA,2022,095100,0.58
EA,2022,095200,0.92
EA,2022,096100,3.85
EA,2022,096200,1.19
EA,2022,096300,0.88
EA,2022,096900,0.83
EA,2022,097100,4.52
EA,2022,097200,4.64
EA,2022,097300,1.22
EA,2022,097400,2.23
EA,2022,098000,6.96
EA,2022,101000,2.88
EA,2022,102000,1.99
EA,2022,103000,0.03
EA,2022,104000,3.25
EA,2022,105000,2.0
EA,2022,111100,60.12
EA,2022,111200,5.25
EA,2022,112000,14.98
EA,2022,121100,2.12
EA,2022,121200,7.29
EA,2022,121300,3.17
EA,2022,121400,9.43
EA,2022,121900,1.88
EA,2022,122200,5.78
EA,2022,122900,0.22
EA,2022,131100,0.68
EA,2022,131200,15.93
EA,2022,131300,11.88
EA,2022,132100,4.12
EA,2022,132200,0.0
EA,2022,132900,4.57
EA,2022,133000,13.53
EA,2022,139000,11.18
EA,2023,011100,25.09
EA,2023,011200,32.86
EA,2023,011300,9.62
EA,2023,011400,22.31
EA,2023,011500,5.01
EA,2023,011600,13.54
EA,2023,011700,17.55
EA,2023,011800,9.81
EA,2023,011900,11.29
EA,2023,012100,2.19
EA,2023,012200,3.91
EA,2023,012300,0.89
EA,2023,012400,0.04
EA,2023,012500,3.26
EA,2023,012600,3.37
EA,2023,012900,0.61
EA,2023,021100,3.97
EA,2023,021200,7.3
EA,2023,021300,5.53
EA,2023,021900,0.2
EA,2023,022000,0.0
EA,2023,023000,21.38
EA,2023,031100,0.16
EA,2023,031200,39.28
EA,2023,031300,1.81
EA,2023,031400,1.22
EA,2023,032100,9.43
EA,2023,032200,0.16
EA,2023,041100,53.39
EA,2023,041200,2.72
EA,2023,043100,4.95
EA,2023,043200,8.38
EA,2023,044100,4.51
EA,2023,044200,4.39
EA,2023,044300,4.12
EA,2023,044400,9.96
EA,2023,045100,31.36
EA,2023,045200,18.98
EA,2023,045300,5.93
EA,2023,045400,1.95
EA,2023,045500,2.95
EA,2023,051100,21.87
EA,2023,051200,0.43
EA,2023,052100,4.84
EA,2023,053100,6.64
EA,2023,053200,2.84
EA,2023,053300,0.54
EA,2023,054000,5.66
EA,2023,055100,1.31
EA,2023,055200,2.77
EA,2023,055300,0.42
EA,2023,056100,9.86
EA,2023,056200,8.49
EA,2023,061100,10.65
EA,2023,061200,3.06
EA,2023,061300,5.36
EA,2023,061400,0.0
EA,2023,062100,3.2
EA,2023,062200,8.89
EA,2023,062300,11.12
EA,2023,063100,6.15
EA,2023,063200,5.2
EA,2023,064100,1.03
EA,2023,064200,0.07
EA,2023,071100,32.47
EA,2023,071200,1.92
EA,2023,071300,2.6
EA,2023,072100,7.91
EA,2023,072200,41.69
EA,2023,072300,27.29
EA,2023,072400,12.73
EA,2023,073100,5.74
EA,2023,073200,5.04
EA,2023,073300,7.32
EA,2023,073400,0.8
EA,2023,073500,4.46
EA,2023,073600,0.03
EA,2023,074100,1.25
EA,2023,074900,1.49
EA,2023,081100,0.16
EA,2023,081200,3.94
EA,2023,081300,5.68
EA,2023,081400,4.19
EA,2023,081500,0.4
EA,2023,081900,1.05
EA,2023,082000,0.45
EA,2023,083100,1.36
EA,2023,083200,8.35
EA,2023,083300,2.09
EA,2023,083400,9.17
EA,2023,083500,0.81
EA,2023,083900,3.56
EA,2023,091100,1.02
EA,2023,091200,2.67
EA,2023,092100,5.18
EA,2023,092200,4.0
EA,2023,093100,6.32
EA,2023,093200,6.54
EA,2023,094100,0.0
EA,2023,094200,0.21
EA,2023,094300,0.05
EA,2023,094400,0.26
EA,2023,094500,3.08
EA,2023,094600,8.62
EA,2023,094700,0.0
EA,2023,095100,0.8
EA,2023,095200,0.72
EA,2023,096100,3.69
EA,2023,096200,1.28
EA,2023,096300,0.78
EA,2023,096900,0.85
EA,2023,097100,3.95
EA,2023,097200,4.39
EA,2023,097300,1.22
EA,2023,097400,2.36
EA,2023,098000,15.07
EA,2023,101000,2.89
EA,2023,102000,2.17
EA,2023,103000,0.04
EA,2023,104000,3.01
EA,2023,105000,2.13
EA,2023,111100,76.86
EA,2023,111200,6.6
EA,2023,112000,21.24
EA,2023,121100,1.48
EA,2023,121200,6.64
EA,2023,121300,2.92
EA,2023,121400,8.69
EA,2023,121900,1.52
EA,2023,122200,8.36
EA,2023,122900,0.17
EA,2023,131100,0.59
EA,2023,131200,16.05
EA,2023,131300,11.28
EA,2023,132100,4.51
EA,2023,132200,0.0
EA,2023,132900,4.83
EA,2023,133000,12.67
EA,2023,139000,12.59
EA,2024,011100,24.73
EA,2024,011200,31.23
EA,2024,011300,9.06
EA,2024,011400,20.9
EA,2024,011500,5.06
EA,2024,011600,13.43
EA,2024,011700,17.41
EA,2024,011800,9.64
EA,2024,011900,11.47
EA,2024,012100,2.23
EA,2024,012200,3.93
EA,2024,012300,0.89
EA,2024,012400,0.04
EA,2024,012500,3.23
EA,2024,012600,3.42
EA,2024,012900,0.67
EA,2024,021100,3.52
EA,2024,021200,7.38
EA,2024,021300,5.36
EA,2024,021900,0.19
EA,2024,022000,0.0
EA,2024,023000,20.85
EA,2024,031100,0.15
EA,2024,031200,37.98
EA,2024,031300,1.55
EA,2024,031400,1.08
EA,2024,032100,9.28
EA,2024,032200,0.13
EA,2024,041100,53.62
EA,2024,041200,2.77
EA,2024,043100,4.68
EA,2024,043200,8.91
EA,2024,044100,4.44
EA,2024,044200,4.35
EA,2024,044300,4.12
EA,2024,044400,10.05
EA,2024,045100,30.41
EA,2024,045200,17.07
EA,2024,045300,3.65
EA,2024,045400,1.94
EA,2024,045500,3.24
EA,2024,051100,20.74
EA,2024,051200,0.32
EA,2024,052100,4.13
EA,2024,053100,6.64
EA,2024,053200,2.66
EA,2024,053300,0.52
EA,2024,054000,4.79
EA,2024,055100,1.29
EA,2024,055200,2.71
EA,2024,055300,0.45
EA,2024,056100,9.62
EA,2024,056200,7.98
EA,2024,061100,10.71
EA,2024,061200,3.0
EA,2024,061300,5.53
EA,2024,061400,0.0
EA,2024,062100,3.31
EA,2024,062200,9.3
EA,2024,062300,11.36
EA,2024,063100,6.23
EA,2024,063200,5.21
EA,2024,064100,1.06
EA,2024,064200,0.07
EA,2024,071100,31.74
EA,2024,071200,2.03
EA,2024,071300,2.83
EA,2024,072100,7.97
EA,2024,072200,43.41
EA,2024,072300,26.37
EA,2024,072400,12.83
EA,2024,073100,6.17
EA,2024,073200,4.92
EA,2024,073300,8.16
EA,2024,073400,0.91
EA,2024,073500,4.82
EA,2024,073600,0.0
EA,2024,074100,1.24
EA,2024,074900,1.77
EA,2024,081100,0.15
EA,2024,081200,3.92
EA,2024,081300,5.57
EA,2024,081400,4.3
EA,2024,081500,0.5
EA,2024,081900,1.1
EA,2024,082000,0.42
EA,2024,083100,1.18
EA,2024,083200,8.26
EA,2024,083300,2.11
EA,2024,083400,9.4
EA,2024,083500,1.19
EA,2024,083900,3.99
EA,2024,091100,1.02
EA,2024,091200,2.51
EA,2024,092100,5.68
EA,2024,092200,4.19
EA,2024,093100,6.15
EA,2024,093200,6.87
EA,2024,094100,0.0
EA,2024,094200,0.21
EA,2024,094300,0.05
EA,2024,094400,0.37
EA,2024,094500,3.05
EA,2024,094600,9.92
EA,2024,094700,0.0
EA,2024,095100,0.77
EA,2024,095200,0.7
EA,2024,096100,3.88
EA,2024,096200,1.67
EA,2024,096300,0.78
EA,2024,096900,0.85
EA,2024,097100,3.84
EA,2024,097200,3.91
EA,2024,097300,1.14
EA,2024,097400,2.19
EA,2024,098000,15.08
EA,2024,101000,2.84
EA,2024,102000,2.25
EA,2024,103000,0.06
EA,2024,104000,3.2
EA,2024,105000,2.13
EA,2024,111100,82.48
EA,2024,111200,6.13
EA,2024,112000,23.59
EA,2024,121100,1.49
EA,2024,121200,6.34
EA,2024,121300,3.25
EA,2024,121400,8.87
EA,2024,121900,1.57
EA,2024,122200,8.46
EA,2024,122900,0.17
EA,2024,131100,0.56
EA,2024,131200,15.69
EA,2024,131300,12.37
EA,2024,132100,4.7
EA,2024,132200,0.0
EA,2024,132900,5.05
EA,2024,133000,12.25
EA,2024,139000,12.73
EA,2025,011100,24.6
EA,2025,011200,30.55
EA,2025,011300,8.77
EA,2025,011400,20.84
EA,2025,011500,5.04
EA,2025,011600,13.26
EA,2025,011700,16.94
EA,2025,011800,9.73
EA,2025,011900,11.54
EA,2025,012100,2.23
EA,2025,012200,3.88
EA,2025,012300,0.83
EA,2025,012400,0.03
EA,2025,012500,3.18
EA,2025,012600,3.35
EA,2025,012900,0.64
EA,2025,021100,3.49
EA,2025,021200,7.24
EA,2025,021300,5.36
EA,2025,021900,0.22
EA,2025,022000,0.0
EA,2025,023000,21.47
EA,2025,031100,0.13
EA,2025,031200,36.47
EA,2025,031300,1.41
EA,2025,031400,1.01
EA,2025,032100,8.76
EA,2025,032200,0.1
EA,2025,041100,55.95
EA,2025,041200,2.96
EA,2025,043100,4.54
EA,2025,043200,8.62
EA,2025,044100,4.47
EA,2025,044200,4.46
EA,2025,044300,4.13
EA,2025,044400,10.11
EA,2025,045100,29.61
EA,2025,045200,16.56
EA,2025,045300,3.21
EA,2025,045400,1.6
EA,2025,045500,3.01
EA,2025,051100,19.67
EA,2025,051200,0.3
EA,2025,052100,3.93
EA,2025,053100,6.49
EA,2025,053200,2.61
EA,2025,053300,0.53
EA,2025,054000,4.64
EA,2025,055100,1.22
EA,2025,055200,2.65
EA,2025,055300,0.47
EA,2025,056100,8.89
EA,2025,056200,7.71
EA,2025,061100,10.98
EA,2025,061200,3.13
EA,2025,061300,6.03
EA,2025,061400,0.0
EA,2025,062100,3.4
EA,2025,062200,9.63
EA,2025,062300,12.16
EA,2025,063100,6.55
EA,2025,063200,6.56
EA,2025,064100,0.97
EA,2025,064200,0.08
EA,2025,071100,37.32
EA,2025,071200,2.24
EA,2025,071300,3.15
EA,2025,072100,7.35
EA,2025,072200,40.55
EA,2025,072300,24.86
EA,2025,072400,12.22
EA,2025,073100,5.79
EA,2025,073200,4.95
EA,2025,073300,9.33
EA,2025,073400,0.96
EA,2025,073500,4.44
EA,2025,073600,0.0
EA,2025,074100,1.18
EA,2025,074900,1.73
EA,2025,081100,0.13
EA,2025,081200,3.65
EA,2025,081300,4.87
EA,2025,081400,4.0
EA,2025,081500,0.42
EA,2025,081900,1.25
EA,2025,082000,0.5
EA,2025,083100,1.02
EA,2025,083200,7.74
EA,2025,083300,1.97
EA,2025,083400,9.44
EA,2025,083500,1.15
EA,2025,083900,4.67
EA,2025,091100,1.04
EA,2025,091200,2.58
EA,2025,092100,5.63
EA,2025,092200,4.02
EA,2025,093100,6.04
EA,2025,093200,6.64
EA,2025,094100,0.0
EA,2025,094200,0.29
EA,2025,094300,0.11
EA,2025,094400,0.42
EA,2025,094500,3.16
EA,2025,094600,10.93
EA,2025,094700,0.0
EA,2025,095100,0.75
EA,2025,095200,0.68
EA,2025,096100,4.49
EA,2025,096200,1.84
EA,2025,096300,0.82
EA,2025,096900,1.03
EA,2025,097100,3.75
EA,2025,097200,3.68
EA,2025,097300,1.2
EA,2025,097400,2.06
EA,2025,098000,13.31
EA,2025,101000,2.87
EA,2025,102000,2.25
EA,2025,103000,0.11
EA,2025,104000,3.34
EA,2025,105000,2.29
EA,2025,111100,83.21
EA,2025,111200,6.24
EA,2025,112000,23.51
EA,2025,121100,1.89
EA,2025,121200,7.14
EA,2025,121300,2.79
EA,2025,121400,9.07
EA,2025,121900,1.75
EA,2025,122200,8.32
EA,2025,122900,0.37
EA,2025,131100,0.57
EA,2025,131200,15.09
EA,2025,131300,12.29
EA,2025,132100,4.66
EA,2025,132200,0.0
EA,2025,132900,4.9
EA,2025,133000,13.31
EA,2025,139000,13.64
EA,2026,011100,24.26
EA,2026,011200,30.61
EA,2026,011300,8.43
EA,2026,011400,20.39
EA,2026,011500,4.57
EA,2026,011600,12.73
EA,2026,011700,17.05
EA,2026,011800,9.84
EA,2026,011900,11.51
EA,2026,012100,2.07
EA,2026,012200,4.31
EA,2026,012300,0.83
EA,2026,012400,0.03
EA,2026,012500,3.08
EA,2026,012600,3.29
EA,2026,012900,0.73
EA,2026,021100,3.27
EA,2026,021200,6.7
EA,2026,021300,5.05
EA,2026,021900,0.37
EA,2026,022000,0.0
EA,2026,023000,20.24
EA,2026,031100,0.14
EA,2026,031200,36.84
EA,2026,031300,1.43
EA,2026,031400,0.94
EA,2026,032100,8.41
EA,2026,032200,0.11
EA,2026,041100,55.64
EA,2026,041200,2.85
EA,2026,043100,4.41
EA,2026,043200,8.29
EA,2026,044100,4.34
EA,2026,044200,4.28
EA,2026,044300,4.14
EA,2026,044400,9.88
EA,2026,045100,28.89
EA,2026,045200,16.3
EA,2026,045300,2.58
EA,2026,045400,1.81
EA,2026,045500,2.91
EA,2026,051100,18.87
EA,2026,051200,0.4
EA,2026,052100,3.84
EA,2026,053100,6.47
EA,2026,053200,2.65
EA,2026,053300,0.45
EA,2026,054000,4.48
EA,2026,055100,1.17
EA,2026,055200,2.58
EA,2026,055300,0.22
EA,2026,056100,8.85
EA,2026,056200,7.64
EA,2026,061100,10.87
EA,2026,061200,3.23
EA,2026,061300,6.34
EA,2026,061400,0.08
EA,2026,062100,3.76
EA,2026,062200,9.91
EA,2026,062300,10.28
EA,2026,063100,6.18
EA,2026,063200,6.55
EA,2026,064100,1.59
EA,2026,064200,0.07
EA,2026,071100,36.51
EA,2026,071200,2.16
EA,2026,071300,2.71
EA,2026,072100,11.29
EA,2026,072200,38.26
EA,2026,072300,19.35
EA,2026,072400,12.38
EA,2026,073100,5.98
EA,2026,073200,5.17
EA,2026,073300,9.33
EA,2026,073400,0.96
EA,2026,073500,4.81
EA,2026,073600,0.0
EA,2026,074100,1.2
EA,2026,074900,2.05
EA,2026,081100,0.09
EA,2026,081200,3.27
EA,2026,081300,4.7
EA,2026,081400,3.57
EA,2026,081500,0.29
EA,2026,081900,1.13
EA,2026,082000,0.42
EA,2026,083100,0.76
EA,2026,083200,7.18
EA,2026,083300,2.73
EA,2026,083400,8.8
EA,2026,083500,0.29
EA,2026,083900,4.64
EA,2026,091100,1.16
EA,2026,091200,3.12
EA,2026,092100,5.35
EA,2026,092200,3.69
EA,2026,093100,5.43
EA,2026,093200,6.36
EA,2026,094100,0.0
EA,2026,094200,0.52
EA,2026,094300,0.1
EA,2026,094400,0.5
EA,2026,094500,3.17
EA,2026,094600,12.13
EA,2026,094700,12.82
EA,2026,095100,0.6
EA,2026,095200,0.51
EA,2026,096100,5.53
EA,2026,096200,1.53
EA,2026,096300,0.91
EA,2026,096900,1.4
EA,2026,097100,3.72
EA,2026,097200,3.44
EA,2026,097300,1.12
EA,2026,097400,1.92
EA,2026,098000,13.03
EA,2026,101000,2.82
EA,2026,102000,1.64
EA,2026,103000,0.24
EA,2026,104000,3.36
EA,2026,105000,3.13
EA,2026,111100,85.38
EA,2026,111200,5.93
EA,2026,112000,24.31
EA,2026,121100,1.65
EA,2026,121200,5.77
EA,2026,121300,2.68
EA,2026,121400,8.15
EA,2026,121900,2.0
EA,2026,122200,9.18
EA,2026,122900,0.89
EA,2026,131100,0.55
EA,2026,131200,14.86
EA,2026,131300,12.58
EA,2026,132100,4.97
EA,2026,132200,0.01
EA,2026,132900,4.43
EA,2026,133000,12.42
EA,2026,139000,14.93
ES,2000,011100,28.92
ES,2000,011200,65.78
ES,2000,011300,35.91
ES,2000,011400,29.6
ES,2000,011500,11.42
ES,2000,011600,22.8
ES,2000,011700,24.27
ES,2000,011800,8.27
ES,2000,011900,6.66
ES,2000,012100,1.32
ES,2000,012200,3.63
ES,2000,012300,0.69
ES,2000,012500,1.2
ES,2000,012600,3.23
ES,2000,012900,0.0
ES,2000,021100,2.04
ES,2000,021200,6.3
ES,2000,021300,2.81
ES,2000,021900,0.0
ES,2000,023000,22.96
ES,2000,031200,78.21
ES,2000,032100,20.67
ES,2000,041100,12.85
ES,2000,041200,1.8
ES,2000,043100,25.2
ES,2000,043200,13.01
ES,2000,044100,7.07
ES,2000,044200,1.26
ES,2000,044300,0.37
ES,2000,044400,15.59
ES,2000,045100,15.93
ES,2000,045200,6.94
ES,2000,045300,4.65
ES,2000,051100,14.52
ES,2000,052100,5.05
ES,2000,053100,7.42
ES,2000,053200,0.54
ES,2000,053300,1.38
ES,2000,054000,3.66
ES,2000,055200,1.47
ES,2000,056100,14.08
ES,2000,056200,9.73
ES,2000,061100,5.26
ES,2000,061200,0.31
ES,2000,061300,3.18
ES,2000,062100,0.0
ES,2000,062200,9.11
ES,2000,062300,4.99
ES,2000,063100,0.0
ES,2000,063200,0.0
ES,2000,064100,0.0
ES,2000,071100,49.15
ES,2000,071200,2.64
ES,2000,071300,0.47
ES,2000,072100,3.77
ES,2000,072200,42.66
ES,2000,072300,17.36
ES,2000,072400,4.98
ES,2000,073100,1.88
ES,2000,073200,12.08
ES,2000,073300,1.57
ES,2000,073400,0.19
ES,2000,073500,0.0
ES,2000,074900,0.0
ES,2000,081200,0.41
ES,2000,081300,5.29
ES,2000,081400,3.6
ES,2000,081900,0.0
ES,2000,083100,0.93
ES,2000,083200,2.37
ES,2000,083400,9.89
ES,2000,083900,1.24
ES,2000,091200,0.0
ES,2000,092100,4.64
ES,2000,092200,0.7
ES,2000,093100,1.1
ES,2000,093200,0.83
ES,2000,094200,0.0
ES,2000,094500,0.23
ES,2000,094600,10.23
ES,2000,094700,0.0
ES,2000,096100,3.2
ES,2000,096200,1.07
ES,2000,096300,0.48
ES,2000,096900,0.0
ES,2000,097100,8.83
ES,2000,097200,6.33
ES,2000,097400,2.08
ES,2000,098000,9.28
ES,2000,101000,4.69
ES,2000,102000,1.6
ES,2000,104000,5.39
ES,2000,105000,4.09
ES,2000,111100,139.7
ES,2000,111200,3.69
ES,2000,112000,8.2
ES,2000,121100,0.0
ES,2000,121200,1.83
ES,2000,121400,2.51
ES,2000,122200,0.16
ES,2000,122900,0.0
ES,2000,131100,0.32
ES,2000,131200,15.69
ES,2000,131300,9.96
ES,2000,132100,3.67
ES,2000,132900,2.95
ES,2000,133000,0.52
ES,2000,139000,8.26
ES,2001,011100,29.32
ES,2001,011200,53.48
ES,2001,011300,31.39
ES,2001,011400,28.52
ES,2001,011500,8.05
ES,2001,011600,16.79
ES,2001,011700,16.96
ES,2001,011800,7.82
ES,2001,011900,7.53
ES,2001,012100,1.82
ES,2001,012200,2.74
ES,2001,012300,0.52
ES,2001,012500,1.66
ES,2001,012600,4.48
ES,2001,012900,0.0
ES,2001,021100,1.73
ES,2001,021200,4.5
ES,2001,021300,2.76
ES,2001,021900,0.0
ES,2001,023000,22.62
ES,2001,031200,77.9
ES,2001,032100,19.8
ES,2001,041100,18.66
ES,2001,041200,2.62
ES,2001,043100,3.26
ES,2001,043200,13.2
ES,2001,044100,8.51
ES,2001,044200,1.5
ES,2001,044300,0.45
ES,2001,044400,18.45
ES,2001,045100,26.13
ES,2001,045200,10.29
ES,2001,045300,4.9
ES,2001,051100,18.98
ES,2001,052100,5.68
ES,2001,053100,9.16
ES,2001,053200,0.67
ES,2001,053300,0.82
ES,2001,054000,1.93
ES,2001,055200,1.46
ES,2001,056100,15.37
ES,2001,056200,7.79
ES,2001,061100,10.25
ES,2001,061200,0.52
ES,2001,061300,5.33
ES,2001,062100,0.0
ES,2001,062200,6.4
ES,2001,062300,4.3
ES,2001,063100,0.98
ES,2001,063200,0.0
ES,2001,064100,0.0
ES,2001,071100,65.97
ES,2001,071200,2.11
ES,2001,071300,0.38
ES,2001,072100,1.39
ES,2001,072200,56.29
ES,2001,072300,14.96
ES,2001,072400,3.13
ES,2001,073100,1.55
ES,2001,073200,5.7
ES,2001,073300,1.87
ES,2001,073400,0.18
ES,2001,073500,1.44
ES,2001,074900,0.0
ES,2001,081200,0.75
ES,2001,081300,5.39
ES,2001,081400,4.89
ES,2001,081900,0.0
ES,2001,083100,1.73
ES,2001,083200,4.41
ES,2001,083400,18.43
ES,2001,083900,1.81
ES,2001,091200,0.0
ES,2001,092100,5.51
ES,2001,092200,0.69
ES,2001,093100,1.5
ES,2001,093200,2.11
ES,2001,094200,0.0
ES,2001,094500,0.59
ES,2001,094600,5.61
ES,2001,094700,0.0
ES,2001,096100,4.67
ES,2001,096200,1.56
ES,2001,096300,0.69
ES,2001,096900,0.0
ES,2001,097100,6.98
ES,2001,097200,7.82
ES,2001,097400,1.54
ES,2001,098000,11.32
ES,2001,101000,5.03
ES,2001,102000,1.72
ES,2001,104000,5.78
ES,2001,105000,4.39
ES,2001,111100,135.74
ES,2001,111200,2.8
ES,2001,112000,8.22
ES,2001,121100,2.32
ES,2001,121200,1.36
ES,2001,121400,5.08
ES,2001,122200,0.32
ES,2001,122900,0.0
ES,2001,131100,0.25
ES,2001,131200,12.18
ES,2001,131300,10.83
ES,2001,132100,3.56
ES,2001,132900,2.7
ES,2001,133000,2.45
ES,2001,139000,4.35
ES,2002,011100,30.0
ES,2002,011200,55.33
ES,2002,011300,31.26
ES,2002,011400,29.67
ES,2002,011500,8.51
ES,2002,011600,17.89
ES,2002,011700,17.17
ES,2002,011800,7.8
ES,2002,011900,7.63
ES,2002,012100,1.81
ES,2002,012200,2.63
ES,2002,012300,0.5
ES,2002,012500,1.65
ES,2002,012600,4.44
ES,2002,012900,0.0
ES,2002,021100,1.72
ES,2002,021200,4.28
ES,2002,021300,2.72
ES,2002,021900,0.0
ES,2002,023000,23.3
ES,2002,031200,80.87
ES,2002,032100,20.38
ES,2002,041100,18.96
ES,2002,041200,2.66
ES,2002,043100,3.29
ES,2002,043200,13.5
ES,2002,044100,8.43
ES,2002,044200,1.52
ES,2002,044300,0.44
ES,2002,044400,18.86
ES,2002,045100,24.49
ES,2002,045200,10.9
ES,2002,045300,3.48
ES,2002,051100,19.08
ES,2002,052100,5.55
ES,2002,053100,8.9
ES,2002,053200,0.65
ES,2002,053300,0.83
ES,2002,054000,1.92
ES,2002,055200,1.47
ES,2002,056100,15.16
ES,2002,056200,7.89
ES,2002,061100,10.13
ES,2002,061200,0.52
ES,2002,061300,5.33
ES,2002,062100,0.0
ES,2002,062200,6.42
ES,2002,062300,4.3
ES,2002,063100,1.01
ES,2002,063200,0.0
ES,2002,064100,0.0
ES,2002,071100,65.53
ES,2002,071200,2.01
ES,2002,071300,0.36
ES,2002,072100,1.36
ES,2002,072200,47.65
ES,2002,072300,15.15
ES,2002,072400,3.18
ES,2002,073100,1.55
ES,2002,073200,5.89
ES,2002,073300,2.02
ES,2002,073400,0.18
ES,2002,073500,1.4
ES,2002,074900,0.0
ES,2002,081200,0.74
ES,2002,081300,4.88
ES,2002,081400,4.59
ES,2002,081900,0.0
ES,2002,083100,1.65
ES,2002,083200,4.2
ES,2002,083400,17.57
ES,2002,083900,1.82
ES,2002,091200,0.0
ES,2002,092100,5.34
ES,2002,092200,0.67
ES,2002,093100,1.55
ES,2002,093200,2.13
ES,2002,094200,0.0
ES,2002,094500,0.6
ES,2002,094600,5.74
ES,2002,094700,0.0
ES,2002,096100,4.72
ES,2002,096200,1.57
ES,2002,096300,0.7
ES,2002,096900,0.0
ES,2002,097100,7.17
ES,2002,097200,7.77
ES,2002,097400,1.54
ES,2002,098000,12.05
ES,2002,101000,5.07
ES,2002,102000,1.73
ES,2002,104000,5.83
ES,2002,105000,4.43
ES,2002,111100,137.93
ES,2002,111200,2.88
ES,2002,112000,8.18
ES,2002,121100,2.26
ES,2002,121200,1.35
ES,2002,121400,5.2
ES,2002,122200,0.27
ES,2002,122900,0.0
ES,2002,131100,0.25
ES,2002,131200,12.18
ES,2002,131300,10.92
ES,2002,132100,3.56
ES,2002,132900,2.64
ES,2002,133000,2.49
ES,2002,139000,4.38
ES,2003,011100,30.0
ES,2003,011200,54.88
ES,2003,011300,30.98
ES,2003,011400,30.1
ES,2003,011500,7.31
ES,2003,011600,17.67
ES,2003,011700,17.63
ES,2003,011800,7.93
ES,2003,011900,7.67
ES,2003,012100,1.84
ES,2003,012200,2.71
ES,2003,012300,0.51
ES,2003,012500,1.68
ES,2003,012600,4.52
ES,2003,012900,0.0
ES,2003,021100,1.72
ES,2003,021200,4.35
ES,2003,021300,2.74
ES,2003,021900,0.0
ES,2003,023000,22.67
ES,2003,031200,75.42
ES,2003,032100,19.6
ES,2003,041100,18.19
ES,2003,041200,2.55
ES,2003,043100,3.17
ES,2003,043200,12.95
ES,2003,044100,8.2
ES,2003,044200,1.46
ES,2003,044300,0.43
ES,2003,044400,18.1
ES,2003,045100,23.54
ES,2003,045200,12.04
ES,2003,045300,3.89
ES,2003,051100,18.99
ES,2003,052100,5.47
ES,2003,053100,9.0
ES,2003,053200,0.66
ES,2003,053300,0.83
ES,2003,054000,1.92
ES,2003,055200,1.46
ES,2003,056100,15.29
ES,2003,056200,8.72
ES,2003,061100,10.17
ES,2003,061200,0.49
ES,2003,061300,5.02
ES,2003,062100,0.0
ES,2003,062200,6.43
ES,2003,062300,4.3
ES,2003,063100,1.01
ES,2003,063200,0.0
ES,2003,064100,0.0
ES,2003,071100,65.04
ES,2003,071200,2.06
ES,2003,071300,0.37
ES,2003,072100,1.35
ES,2003,072200,51.98
ES,2003,072300,14.94
ES,2003,072400,3.13
ES,2003,073100,1.55
ES,2003,073200,5.82
ES,2003,073300,1.89
ES,2003,073400,0.18
ES,2003,073500,1.4
ES,2003,074900,0.0
ES,2003,081200,0.79
ES,2003,081300,4.41
ES,2003,081400,4.8
ES,2003,081900,0.0
ES,2003,083100,1.8
ES,2003,083200,4.58
ES,2003,083400,19.15
ES,2003,083900,1.95
ES,2003,091200,0.0
ES,2003,092100,5.56
ES,2003,092200,0.69
ES,2003,093100,1.67
ES,2003,093200,2.31
ES,2003,094200,0.0
ES,2003,094500,0.65
ES,2003,094600,5.81
ES,2003,094700,0.0
ES,2003,096100,5.06
ES,2003,096200,1.69
ES,2003,096300,0.75
ES,2003,096900,0.0
ES,2003,097100,7.22
ES,2003,097200,7.93
ES,2003,097400,1.57
ES,2003,098000,11.71
ES,2003,101000,4.84
ES,2003,102000,1.65
ES,2003,104000,5.56
ES,2003,105000,4.23
ES,2003,111100,137.42
ES,2003,111200,2.82
ES,2003,112000,8.57
ES,2003,121100,2.4
ES,2003,121200,1.43
ES,2003,121400,5.48
ES,2003,122200,0.31
ES,2003,122900,0.0
ES,2003,131100,0.28
ES,2003,131200,13.88
ES,2003,131300,11.58
ES,2003,132100,3.28
ES,2003,132900,2.79
ES,2003,133000,2.59
ES,2003,139000,4.81
ES,2004,011100,30.64
ES,2004,011200,56.44
ES,2004,011300,31.65
ES,2004,011400,30.92
ES,2004,011500,7.46
ES,2004,011600,18.21
ES,2004,011700,19.03
ES,2004,011800,7.96
ES,2004,011900,7.84
ES,2004,012100,1.88
ES,2004,012200,2.61
ES,2004,012300,0.5
ES,2004,012500,1.72
ES,2004,012600,4.62
ES,2004,012900,0.0
ES,2004,021100,1.7
ES,2004,021200,4.31
ES,2004,021300,2.71
ES,2004,021900,0.0
ES,2004,023000,22.47
ES,2004,031200,74.1
ES,2004,032100,19.38
ES,2004,041100,19.83
ES,2004,041200,2.78
ES,2004,043100,2.52
ES,2004,043200,10.53
ES,2004,044100,8.66
ES,2004,044200,1.58
ES,2004,044300,0.45
ES,2004,044400,19.06
ES,2004,045100,24.16
ES,2004,045200,12.36
ES,2004,045300,3.99
ES,2004,051100,17.89
ES,2004,052100,5.63
ES,2004,053100,8.72
ES,2004,053200,0.69
ES,2004,053300,0.86
ES,2004,054000,1.71
ES,2004,055200,1.5
ES,2004,056100,15.75
ES,2004,056200,9.27
ES,2004,061100,9.71
ES,2004,061200,0.47
ES,2004,061300,4.8
ES,2004,062100,0.0
ES,2004,062200,6.57
ES,2004,062300,4.1
ES,2004,063100,0.96
ES,2004,063200,0.0
ES,2004,064100,0.0
ES,2004,071100,57.03
ES,2004,071200,1.99
ES,2004,071300,0.35
ES,2004,072100,1.33
ES,2004,072200,50.01
ES,2004,072300,15.39
ES,2004,072400,3.01
ES,2004,073100,1.58
ES,2004,073200,5.72
ES,2004,073300,1.97
ES,2004,073400,0.19
ES,2004,073500,1.49
ES,2004,074900,0.0
ES,2004,081200,0.86
ES,2004,081300,4.18
ES,2004,081400,4.54
ES,2004,081900,0.0
ES,2004,083100,1.94
ES,2004,083200,4.94
ES,2004,083400,20.64
ES,2004,083900,1.95
ES,2004,091200,0.0
ES,2004,092100,5.86
ES,2004,092200,0.69
ES,2004,093100,1.66
ES,2004,093200,2.3
ES,2004,094200,0.0
ES,2004,094500,0.65
ES,2004,094600,6.23
ES,2004,094700,0.0
ES,2004,096100,5.04
ES,2004,096200,1.68
ES,2004,096300,0.75
ES,2004,096900,0.0
ES,2004,097100,7.2
ES,2004,097200,7.9
ES,2004,097400,1.73
ES,2004,098000,11.67
ES,2004,101000,4.89
ES,2004,102000,1.67
ES,2004,104000,5.61
ES,2004,105000,4.27
ES,2004,111100,138.83
ES,2004,111200,2.85
ES,2004,112000,8.66
ES,2004,121100,2.47
ES,2004,121200,1.48
ES,2004,121400,5.65
ES,2004,122200,0.28
ES,2004,122900,0.0
ES,2004,131100,0.29
ES,2004,131200,14.32
ES,2004,131300,11.95
ES,2004,132100,2.93
ES,2004,132900,2.97
ES,2004,133000,2.67
ES,2004,139000,4.96
ES,2005,011100,31.01
ES,2005,011200,56.95
ES,2005,011300,31.44
ES,2005,011400,30.79
ES,2005,011500,7.92
ES,2005,011600,18.51
ES,2005,011700,18.36
ES,2005,011800,7.89
ES,2005,011900,7.87
ES,2005,012100,1.88
ES,2005,012200,2.51
ES,2005,012300,0.48
ES,2005,012500,1.71
ES,2005,012600,4.61
ES,2005,012900,0.0
ES,2005,021100,1.67
ES,2005,021200,4.18
ES,2005,021300,2.71
ES,2005,021900,0.0
ES,2005,023000,22.18
ES,2005,031200,73.44
ES,2005,032100,19.28
ES,2005,041100,20.04
ES,2005,041200,2.81
ES,2005,043100,2.52
ES,2005,043200,10.29
ES,2005,044100,8.81
ES,2005,044200,1.62
ES,2005,044300,0.49
ES,2005,044400,19.43
ES,2005,045100,23.81
ES,2005,045200,12.02
ES,2005,045300,4.13
ES,2005,051100,17.91
ES,2005,052100,5.67
ES,2005,053100,8.42
ES,2005,053200,0.67
ES,2005,053300,0.86
ES,2005,054000,1.69
ES,2005,055200,1.49
ES,2005,056100,15.22
ES,2005,056200,9.37
ES,2005,061100,9.76
ES,2005,061200,0.46
ES,2005,061300,4.72
ES,2005,062100,0.0
ES,2005,062200,6.54
ES,2005,062300,4.11
ES,2005,063100,0.97
ES,2005,063200,0.0
ES,2005,064100,0.0
ES,2005,071100,56.58
ES,2005,071200,1.95
ES,2005,071300,0.35
ES,2005,072100,1.34
ES,2005,072200,50.22
ES,2005,072300,15.08
ES,2005,072400,3.04
ES,2005,073100,1.58
ES,2005,073200,5.83
ES,2005,073300,2.21
ES,2005,073400,0.2
ES,2005,073500,1.49
ES,2005,074900,0.0
ES,2005,081200,0.91
ES,2005,081300,4.12
ES,2005,081400,4.55
ES,2005,081900,0.0
ES,2005,083100,1.99
ES,2005,083200,5.07
ES,2005,083400,21.2
ES,2005,083900,1.9
ES,2005,091200,0.0
ES,2005,092100,5.57
ES,2005,092200,0.67
ES,2005,093100,1.67
ES,2005,093200,2.27
ES,2005,094200,0.0
ES,2005,094500,0.64
ES,2005,094600,6.1
ES,2005,094700,0.0
ES,2005,096100,4.92
ES,2005,096200,1.64
ES,2005,096300,0.73
ES,2005,096900,0.0
ES,2005,097100,7.26
ES,2005,097200,7.82
ES,2005,097400,1.72
ES,2005,098000,11.82
ES,2005,101000,4.94
ES,2005,102000,1.69
ES,2005,104000,5.68
ES,2005,105000,4.32
ES,2005,111100,140.58
ES,2005,111200,2.86
ES,2005,112000,8.57
ES,2005,121100,2.54
ES,2005,121200,1.49
ES,2005,121400,5.63
ES,2005,122200,0.31
ES,2005,122900,0.0
ES,2005,131100,0.29
ES,2005,131200,13.99
ES,2005,131300,12.03
ES,2005,132100,2.92
ES,2005,132900,2.91
ES,2005,133000,2.71
ES,2005,139000,4.93
ES,2006,011100,31.17
ES,2006,011200,55.01
ES,2006,011300,30.82
ES,2006,011400,30.34
ES,2006,011500,8.42
ES,2006,011600,18.54
ES,2006,011700,17.95
ES,2006,011800,8.17
ES,2006,011900,8.01
ES,2006,012100,1.89
ES,2006,012200,2.43
ES,2006,012300,0.46
ES,2006,012500,1.72
ES,2006,012600,4.63
ES,2006,012900,0.0
ES,2006,021100,1.7
ES,2006,021200,4.07
ES,2006,021300,2.75
ES,2006,021900,0.0
ES,2006,023000,21.95
ES,2006,031200,70.24
ES,2006,032100,19.05
ES,2006,041100,20.44
ES,2006,041200,2.87
ES,2006,043100,2.64
ES,2006,043200,10.52
ES,2006,044100,9.07
ES,2006,044200,1.66
ES,2006,044300,0.52
ES,2006,044400,19.65
ES,2006,045100,24.07
ES,2006,045200,12.18
ES,2006,045300,4.33
ES,2006,051100,17.07
ES,2006,052100,5.6
ES,2006,053100,8.45
ES,2006,053200,0.66
ES,2006,053300,0.83
ES,2006,054000,1.64
ES,2006,055200,1.49
ES,2006,056100,14.65
ES,2006,056200,9.5
ES,2006,061100,9.82
ES,2006,061200,0.47
ES,2006,061300,4.83
ES,2006,062100,0.0
ES,2006,062200,6.83
ES,2006,062300,4.16
ES,2006,063100,1.0
ES,2006,063200,0.0
ES,2006,064100,0.0
ES,2006,071100,58.94
ES,2006,071200,2.01
ES,2006,071300,0.36
ES,2006,072100,1.38
ES,2006,072200,53.0
ES,2006,072300,15.39
ES,2006,072400,3.1
ES,2006,073100,1.52
ES,2006,073200,5.7
ES,2006,073300,2.33
ES,2006,073400,0.21
ES,2006,073500,1.56
ES,2006,074900,0.0
ES,2006,081200,0.98
ES,2006,081300,4.3
ES,2006,081400,4.86
ES,2006,081900,0.0
ES,2006,083100,2.14
ES,2006,083200,5.44
ES,2006,083400,22.72
ES,2006,083900,1.87
ES,2006,091200,0.0
ES,2006,092100,5.73
ES,2006,092200,0.69
ES,2006,093100,1.69
ES,2006,093200,2.25
ES,2006,094200,0.0
ES,2006,094500,0.63
ES,2006,094600,6.44
ES,2006,094700,0.0
ES,2006,096100,4.83
ES,2006,096200,1.61
ES,2006,096300,0.72
ES,2006,096900,0.0
ES,2006,097100,7.19
ES,2006,097200,7.71
ES,2006,097400,1.69
ES,2006,098000,12.2
ES,2006,101000,5.07
ES,2006,102000,1.71
ES,2006,104000,5.54
ES,2006,105000,4.25
ES,2006,111100,136.8
ES,2006,111200,2.79
ES,2006,112000,8.19
ES,2006,121100,2.53
ES,2006,121200,1.5
ES,2006,121400,5.63
ES,2006,122200,0.31
ES,2006,122900,0.0
ES,2006,131100,0.28
ES,2006,131200,13.81
ES,2006,131300,12.48
ES,2006,132100,3.01
ES,2006,132900,2.93
ES,2006,133000,2.75
ES,2006,139000,5.09
ES,2007,011100,29.88
ES,2007,011200,54.98
ES,2007,011300,30.6
ES,2007,011400,29.2
ES,2007,011500,8.54
ES,2007,011600,18.99
ES,2007,011700,19.34
ES,2007,011800,7.9
ES,2007,011900,8.25
ES,2007,012100,2.06
ES,2007,012200,2.35
ES,2007,012300,0.45
ES,2007,012500,1.88
ES,2007,012600,5.05
ES,2007,012900,0.0
ES,2007,021100,1.63
ES,2007,021200,3.83
ES,2007,021300,2.95
ES,2007,021900,0.0
ES,2007,023000,19.91
ES,2007,031200,68.67
ES,2007,032100,19.48
ES,2007,041100,20.48
ES,2007,041200,2.79
ES,2007,043100,2.21
ES,2007,043200,9.74
ES,2007,044100,8.57
ES,2007,044200,1.41
ES,2007,044300,0.42
ES,2007,044400,17.9
ES,2007,045100,24.39
ES,2007,045200,12.72
ES,2007,045300,4.54
ES,2007,051100,16.42
ES,2007,052100,5.4
ES,2007,053100,8.59
ES,2007,053200,0.74
ES,2007,053300,0.71
ES,2007,054000,1.82
ES,2007,055200,1.62
ES,2007,056100,14.59
ES,2007,056200,10.56
ES,2007,061100,10.09
ES,2007,061200,0.53
ES,2007,061300,5.12
ES,2007,062100,0.0
ES,2007,062200,7.75
ES,2007,062300,3.93
ES,2007,063100,0.96
ES,2007,063200,0.0
ES,2007,064100,0.0
ES,2007,071100,52.41
ES,2007,071200,1.93
ES,2007,071300,0.48
ES,2007,072100,1.3
ES,2007,072200,55.34
ES,2007,072300,16.0
ES,2007,072400,3.0
ES,2007,073100,1.5
ES,2007,073200,5.48
ES,2007,073300,2.62
ES,2007,073400,0.22
ES,2007,073500,1.64
ES,2007,074900,0.0
ES,2007,081200,0.86
ES,2007,081300,4.9
ES,2007,081400,4.73
ES,2007,081900,0.0
ES,2007,083100,2.39
ES,2007,083200,6.09
ES,2007,083400,25.44
ES,2007,083900,1.94
ES,2007,091200,0.76
ES,2007,092100,5.92
ES,2007,092200,0.73
ES,2007,093100,1.82
ES,2007,093200,2.27
ES,2007,094200,0.0
ES,2007,094500,0.76
ES,2007,094600,7.3
ES,2007,094700,0.0
ES,2007,096100,5.01
ES,2007,096200,1.67
ES,2007,096300,0.74
ES,2007,096900,0.0
ES,2007,097100,7.43
ES,2007,097200,7.22
ES,2007,097400,1.52
ES,2007,098000,13.56
ES,2007,101000,3.31
ES,2007,102000,3.14
ES,2007,104000,5.46
ES,2007,105000,4.1
ES,2007,111100,132.19
ES,2007,111200,2.82
ES,2007,112000,8.76
ES,2007,121100,3.93
ES,2007,121200,1.61
ES,2007,121400,7.8
ES,2007,122200,0.34
ES,2007,122900,0.0
ES,2007,131100,0.28
ES,2007,131200,13.76
ES,2007,131300,14.15
ES,2007,132100,3.24
ES,2007,132900,3.05
ES,2007,133000,2.97
ES,2007,139000,4.75
ES,2008,011100,28.19
ES,2008,011200,50.48
ES,2008,011300,27.92
ES,2008,011400,28.42
ES,2008,011500,7.44
ES,2008,011600,17.23
ES,2008,011700,17.63
ES,2008,011800,7.19
ES,2008,011900,7.68
ES,2008,012100,1.87
ES,2008,012200,2.16
ES,2008,012300,0.41
ES,2008,012500,1.71
ES,2008,012600,4.6
ES,2008,012900,0.0
ES,2008,021100,1.5
ES,2008,021200,3.53
ES,2008,021300,2.75
ES,2008,021900,0.0
ES,2008,023000,19.1
ES,2008,031200,67.08
ES,2008,032100,19.08
ES,2008,041100,20.36
ES,2008,041200,2.78
ES,2008,043100,2.2
ES,2008,043200,9.6
ES,2008,044100,8.78
ES,2008,044200,1.4
ES,2008,044300,0.41
ES,2008,044400,17.64
ES,2008,045100,24.22
ES,2008,045200,12.44
ES,2008,045300,4.49
ES,2008,051100,17.96
ES,2008,052100,5.88
ES,2008,053100,9.18
ES,2008,053200,0.79
ES,2008,053300,0.78
ES,2008,054000,1.98
ES,2008,055200,1.78
ES,2008,056100,15.81
ES,2008,056200,11.53
ES,2008,061100,9.85
ES,2008,061200,0.52
ES,2008,061300,5.75
ES,2008,062100,0.0
ES,2008,062200,8.84
ES,2008,062300,4.45
ES,2008,063100,1.1
ES,2008,063200,0.0
ES,2008,064100,0.0
ES,2008,071100,51.19
ES,2008,071200,2.07
ES,2008,071300,0.52
ES,2008,072100,1.41
ES,2008,072200,57.6
ES,2008,072300,17.24
ES,2008,072400,3.25
ES,2008,073100,1.63
ES,2008,073200,5.85
ES,2008,073300,2.81
ES,2008,073400,0.24
ES,2008,073500,1.76
ES,2008,074900,0.0
ES,2008,081200,0.89
ES,2008,081300,5.21
ES,2008,081400,5.01
ES,2008,081900,0.0
ES,2008,083100,2.47
ES,2008,083200,6.28
ES,2008,083400,26.24
ES,2008,083900,2.08
ES,2008,091200,0.81
ES,2008,092100,5.83
ES,2008,092200,0.78
ES,2008,093100,1.93
ES,2008,093200,2.41
ES,2008,094200,0.0
ES,2008,094500,0.8
ES,2008,094600,7.77
ES,2008,094700,0.0
ES,2008,096100,5.37
ES,2008,096200,1.79
ES,2008,096300,0.8
ES,2008,096900,0.0
ES,2008,097100,7.57
ES,2008,097200,7.58
ES,2008,097400,1.61
ES,2008,098000,14.39
ES,2008,101000,3.25
ES,2008,102000,2.84
ES,2008,104000,5.07
ES,2008,105000,3.58
ES,2008,111100,133.07
ES,2008,111200,2.83
ES,2008,112000,8.98
ES,2008,121100,3.92
ES,2008,121200,1.67
ES,2008,121400,7.75
ES,2008,122200,0.38
ES,2008,122900,0.0
ES,2008,131100,0.32
ES,2008,131200,15.36
ES,2008,131300,15.87
ES,2008,132100,3.64
ES,2008,132900,3.42
ES,2008,133000,3.32
ES,2008,139000,5.3
ES,2009,011100,25.28
ES,2009,011200,45.34
ES,2009,011300,24.94
ES,2009,011400,25.44
ES,2009,011500,6.35
ES,2009,011600,15.34
ES,2009,011700,15.78
ES,2009,011800,6.46
ES,2009,011900,6.87
ES,2009,012100,1.67
ES,2009,012200,1.92
ES,2009,012300,0.36
ES,2009,012500,1.52
ES,2009,012600,4.09
ES,2009,012900,0.0
ES,2009,021100,1.46
ES,2009,021200,3.38
ES,2009,021300,2.65
ES,2009,021900,0.0
ES,2009,023000,18.18
ES,2009,031200,67.1
ES,2009,032100,19.1
ES,2009,041100,21.02
ES,2009,041200,2.87
ES,2009,043100,2.29
ES,2009,043200,9.92
ES,2009,044100,9.11
ES,2009,044200,1.52
ES,2009,044300,0.43
ES,2009,044400,18.26
ES,2009,045100,25.5
ES,2009,045200,13.28
ES,2009,045300,4.91
ES,2009,051100,19.41
ES,2009,052100,6.28
ES,2009,053100,9.91
ES,2009,053200,0.85
ES,2009,053300,0.84
ES,2009,054000,2.14
ES,2009,055200,1.92
ES,2009,056100,17.04
ES,2009,056200,12.46
ES,2009,061100,9.07
ES,2009,061200,0.48
ES,2009,061300,6.25
ES,2009,062100,0.0
ES,2009,062200,9.53
ES,2009,062300,4.84
ES,2009,063100,1.19
ES,2009,063200,0.0
ES,2009,064100,0.0
ES,2009,071100,47.65
ES,2009,071200,1.86
ES,2009,071300,0.47
ES,2009,072100,1.5
ES,2009,072200,60.24
ES,2009,072300,18.23
ES,2009,072400,3.43
ES,2009,073100,1.74
ES,2009,073200,6.15
ES,2009,073300,3.23
ES,2009,073400,0.25
ES,2009,073500,1.86
ES,2009,074900,0.0
ES,2009,081200,0.83
ES,2009,081300,5.17
ES,2009,081400,4.97
ES,2009,081900,0.0
ES,2009,083100,2.5
ES,2009,083200,6.37
ES,2009,083400,26.6
ES,2009,083900,2.26
ES,2009,091200,0.88
ES,2009,092100,6.3
ES,2009,092200,0.83
ES,2009,093100,2.11
ES,2009,093200,2.66
ES,2009,094200,0.0
ES,2009,094500,0.89
ES,2009,094600,8.37
ES,2009,094700,0.0
ES,2009,096100,5.84
ES,2009,096200,1.95
ES,2009,096300,0.87
ES,2009,096900,0.0
ES,2009,097100,7.5
ES,2009,097200,8.25
ES,2009,097400,1.75
ES,2009,098000,14.39
ES,2009,101000,3.1
ES,2009,102000,2.53
ES,2009,104000,4.49
ES,2009,105000,3.18
ES,2009,111100,136.42
ES,2009,111200,2.9
ES,2009,112000,9.22
ES,2009,121100,4.08
ES,2009,121200,1.76
ES,2009,121400,7.3
ES,2009,122200,0.43
ES,2009,122900,0.0
ES,2009,131100,0.35
ES,2009,131200,16.98
ES,2009,131300,17.62
ES,2009,132100,4.03
ES,2009,132900,3.8
ES,2009,133000,3.69
ES,2009,139000,5.85
ES,2010,011100,26.35
ES,2010,011200,46.3
ES,2010,011300,24.08
ES,2010,011400,25.76
ES,2010,011500,5.77
ES,2010,011600,15.75
ES,2010,011700,15.84
ES,2010,011800,6.55
ES,2010,011900,7.95
ES,2010,012100,1.78
ES,2010,012200,2.04
ES,2010,012300,0.39
ES,2010,012500,1.63
ES,2010,012600,4.37
ES,2010,012900,0.0
ES,2010,021100,1.49
ES,2010,021200,3.22
ES,2010,021300,2.82
ES,2010,021900,0.0
ES,2010,023000,20.16
ES,2010,031200,66.35
ES,2010,032100,18.72
ES,2010,041100,24.54
ES,2010,041200,3.14
ES,2010,043100,2.3
ES,2010,043200,9.94
ES,2010,044100,9.66
ES,2010,044200,1.78
ES,2010,044300,0.48
ES,2010,044400,18.87
ES,2010,045100,27.35
ES,2010,045200,12.19
ES,2010,045300,4.52
ES,2010,051100,17.93
ES,2010,052100,6.28
ES,2010,053100,9.0
ES,2010,053200,0.86
ES,2010,053300,0.9
ES,2010,054000,2.05
ES,2010,055200,1.96
ES,2010,056100,17.27
ES,2010,056200,12.67
ES,2010,061100,8.87
ES,2010,061200,0.47
ES,2010,061300,6.57
ES,2010,062100,0.0
ES,2010,062200,10.36
ES,2010,062300,5.01
ES,2010,063100,1.2
ES,2010,063200,0.0
ES,2010,064100,0.0
ES,2010,071100,39.9
ES,2010,071200,1.76
ES,2010,071300,0.44
ES,2010,072100,1.52
ES,2010,072200,58.28
ES,2010,072300,19.28
ES,2010,072400,3.5
ES,2010,073100,1.89
ES,2010,073200,6.65
ES,2010,073300,3.34
ES,2010,073400,0.27
ES,2010,073500,2.05
ES,2010,074900,0.0
ES,2010,081200,0.68
ES,2010,081300,5.15
ES,2010,081400,5.0
ES,2010,081900,0.0
ES,2010,083100,2.64
ES,2010,083200,6.73
ES,2010,083400,28.12
ES,2010,083900,2.23
ES,2010,091200,0.81
ES,2010,092100,6.14
ES,2010,092200,0.85
ES,2010,093100,2.03
ES,2010,093200,2.95
ES,2010,094200,0.0
ES,2010,094500,0.98
ES,2010,094600,8.68
ES,2010,094700,0.0
ES,2010,096100,5.77
ES,2010,096200,1.92
ES,2010,096300,0.86
ES,2010,096900,0.0
ES,2010,097100,7.53
ES,2010,097200,8.13
ES,2010,097400,1.8
ES,2010,098000,14.96
ES,2010,101000,3.29
ES,2010,102000,2.56
ES,2010,104000,4.83
ES,2010,105000,2.97
ES,2010,111100,133.38
ES,2010,111200,2.92
ES,2010,112000,7.59
ES,2010,121100,4.17
ES,2010,121200,1.71
ES,2010,121400,6.88
ES,2010,122200,0.44
ES,2010,122900,0.0
ES,2010,131100,0.37
ES,2010,131200,18.04
ES,2010,131300,17.16
ES,2010,132100,4.03
ES,2010,132900,3.9
ES,2010,133000,3.95
ES,2010,139000,5.99
ES,2011,011100,26.09
ES,2011,011200,46.1
ES,2011,011300,24.45
ES,2011,011400,24.94
ES,2011,011500,5.6
ES,2011,011600,15.3
ES,2011,011700,15.95
ES,2011,011800,6.61
ES,2011,011900,7.85
ES,2011,012100,1.79
ES,2011,012200,2.03
ES,2011,012300,0.38
ES,2011,012500,1.64
ES,2011,012600,4.4
ES,2011,012900,0.0
ES,2011,021100,1.52
ES,2011,021200,3.27
ES,2011,021300,2.96
ES,2011,021900,0.0
ES,2011,023000,21.48
ES,2011,031200,65.66
ES,2011,032100,18.73
ES,2011,041100,25.44
ES,2011,041200,3.27
ES,2011,043100,2.63
ES,2011,043200,10.38
ES,2011,044100,9.99
ES,2011,044200,1.86
ES,2011,044300,0.5
ES,2011,044400,19.17
ES,2011,045100,29.23
ES,2011,045200,13.18
ES,2011,045300,5.05
ES,2011,051100,16.71
ES,2011,052100,6.21
ES,2011,053100,8.59
ES,2011,053200,0.89
ES,2011,053300,0.93
ES,2011,054000,2.07
ES,2011,055200,2.11
ES,2011,056100,17.03
ES,2011,056200,13.28
ES,2011,061100,8.55
ES,2011,061200,0.45
ES,2011,061300,6.69
ES,2011,062100,0.0
ES,2011,062200,10.35
ES,2011,062300,4.98
ES,2011,063100,1.25
ES,2011,063200,0.0
ES,2011,064100,0.0
ES,2011,071100,36.87
ES,2011,071200,1.73
ES,2011,071300,0.43
ES,2011,072100,1.64
ES,2011,072200,60.36
ES,2011,072300,21.01
ES,2011,072400,3.44
ES,2011,073100,1.96
ES,2011,073200,6.66
ES,2011,073300,3.31
ES,2011,073400,0.29
ES,2011,073500,2.21
ES,2011,074900,0.0
ES,2011,081200,0.61
ES,2011,081300,4.92
ES,2011,081400,5.07
ES,2011,081900,0.0
ES,2011,083100,2.72
ES,2011,083200,6.92
ES,2011,083400,28.89
ES,2011,083900,2.24
ES,2011,091200,0.81
ES,2011,092100,6.37
ES,2011,092200,0.91
ES,2011,093100,2.05
ES,2011,093200,2.99
ES,2011,094200,0.0
ES,2011,094500,1.0
ES,2011,094600,8.02
ES,2011,094700,0.0
ES,2011,096100,5.78
ES,2011,096200,1.93
ES,2011,096300,0.86
ES,2011,096900,0.0
ES,2011,097100,7.6
ES,2011,097200,7.73
ES,2011,097400,1.81
ES,2011,098000,14.15
ES,2011,101000,3.31
ES,2011,102000,2.55
ES,2011,104000,4.92
ES,2011,105000,3.16
ES,2011,111100,127.49
ES,2011,111200,3.15
ES,2011,112000,7.52
ES,2011,121100,4.51
ES,2011,121200,1.66
ES,2011,121400,7.14
ES,2011,122200,0.46
ES,2011,122900,0.0
ES,2011,131100,0.36
ES,2011,131200,17.76
ES,2011,131300,17.45
ES,2011,132100,3.56
ES,2011,132900,4.12
ES,2011,133000,4.12
ES,2011,139000,6.17
ES,2012,011100,25.84
ES,2012,011200,45.86
ES,2012,011300,24.22
ES,2012,011400,25.01
ES,2012,011500,5.4
ES,2012,011600,16.13
ES,2012,011700,16.52
ES,2012,011800,6.88
ES,2012,011900,8.05
ES,2012,012100,1.78
ES,2012,012200,2.21
ES,2012,012300,0.42
ES,2012,012500,1.63
ES,2012,012600,4.38
ES,2012,012900,0.0
ES,2012,021100,1.5
ES,2012,021200,3.38
ES,2012,021300,2.98
ES,2012,021900,0.0
ES,2012,023000,21.61
ES,2012,031200,63.75
ES,2012,032100,18.26
ES,2012,041100,25.55
ES,2012,041200,2.7
ES,2012,043100,2.6
ES,2012,043200,10.22
ES,2012,044100,9.95
ES,2012,044200,1.91
ES,2012,044300,0.53
ES,2012,044400,19.51
ES,2012,045100,32.01
ES,2012,045200,13.53
ES,2012,045300,5.22
ES,2012,051100,16.13
ES,2012,052100,6.04
ES,2012,053100,8.34
ES,2012,053200,0.89
ES,2012,053300,0.94
ES,2012,054000,2.04
ES,2012,055200,2.07
ES,2012,056100,16.54
ES,2012,056200,13.23
ES,2012,061100,8.2
ES,2012,061200,0.43
ES,2012,061300,6.53
ES,2012,062100,0.0
ES,2012,062200,10.29
ES,2012,062300,4.89
ES,2012,063100,1.25
ES,2012,063200,0.0
ES,2012,064100,0.0
ES,2012,071100,36.19
ES,2012,071200,1.7
ES,2012,071300,0.43
ES,2012,072100,1.65
ES,2012,072200,65.26
ES,2012,072300,21.45
ES,2012,072400,3.36
ES,2012,073100,1.95
ES,2012,073200,6.54
ES,2012,073300,3.39
ES,2012,073400,0.31
ES,2012,073500,2.35
ES,2012,074900,0.0
ES,2012,081200,0.59
ES,2012,081300,4.68
ES,2012,081400,5.74
ES,2012,081900,0.0
ES,2012,083100,2.63
ES,2012,083200,6.69
ES,2012,083400,27.95
ES,2012,083900,2.19
ES,2012,091200,0.83
ES,2012,092100,6.22
ES,2012,092200,0.96
ES,2012,093100,2.03
ES,2012,093200,3.0
ES,2012,094200,0.0
ES,2012,094500,1.0
ES,2012,094600,7.95
ES,2012,094700,0.0
ES,2012,096100,5.67
ES,2012,096200,1.89
ES,2012,096300,0.84
ES,2012,096900,0.0
ES,2012,097100,7.29
ES,2012,097200,7.16
ES,2012,097400,1.71
ES,2012,098000,14.53
ES,2012,101000,3.42
ES,2012,102000,2.55
ES,2012,104000,5.25
ES,2012,105000,3.12
ES,2012,111100,127.28
ES,2012,111200,3.18
ES,2012,112000,7.73
ES,2012,121100,4.36
ES,2012,121200,1.39
ES,2012,121400,6.04
ES,2012,122200,0.48
ES,2012,122900,0.0
ES,2012,131100,0.64
ES,2012,131200,17.39
ES,2012,131300,16.87
ES,2012,132100,3.31
ES,2012,132900,4.04
ES,2012,133000,4.08
ES,2012,139000,6.15
ES,2013,011100,25.72
ES,2013,011200,45.9
ES,2013,011300,24.14
ES,2013,011400,24.83
ES,2013,011500,5.5
ES,2013,011600,15.89
ES,2013,011700,16.23
ES,2013,011800,7.02
ES,2013,011900,8.04
ES,2013,012100,1.79
ES,2013,012200,2.29
ES,2013,012300,0.43
ES,2013,012500,1.63
ES,2013,012600,4.38
ES,2013,012900,0.0
ES,2013,021100,1.43
ES,2013,021200,3.4
ES,2013,021300,3.07
ES,2013,021900,0.0
ES,2013,023000,20.88
ES,2013,031200,61.37
ES,2013,032100,17.88
ES,2013,041100,25.94
ES,2013,041200,2.74
ES,2013,043100,2.62
ES,2013,043200,10.01
ES,2013,044100,10.16
ES,2013,044200,2.01
ES,2013,044300,0.56
ES,2013,044400,19.79
ES,2013,045100,33.9
ES,2013,045200,14.64
ES,2013,045300,5.5
ES,2013,051100,15.41
ES,2013,052100,5.85
ES,2013,053100,7.99
ES,2013,053200,0.87
ES,2013,053300,1.03
ES,2013,054000,1.98
ES,2013,055200,2.03
ES,2013,056100,16.39
ES,2013,056200,13.05
ES,2013,061100,8.91
ES,2013,061200,0.47
ES,2013,061300,6.47
ES,2013,062100,0.0
ES,2013,062200,10.1
ES,2013,062300,4.8
ES,2013,063100,1.21
ES,2013,063200,0.0
ES,2013,064100,0.0
ES,2013,071100,32.68
ES,2013,071200,1.65
ES,2013,071300,0.41
ES,2013,072100,1.55
ES,2013,072200,69.8
ES,2013,072300,21.29
ES,2013,072400,3.35
ES,2013,073100,2.06
ES,2013,073200,6.72
ES,2013,073300,3.49
ES,2013,073400,0.32
ES,2013,073500,2.48
ES,2013,074900,0.0
ES,2013,081200,0.6
ES,2013,081300,4.59
ES,2013,081400,5.15
ES,2013,081900,0.0
ES,2013,083100,2.59
ES,2013,083200,6.6
ES,2013,083400,27.59
ES,2013,083900,2.16
ES,2013,091200,0.84
ES,2013,092100,6.1
ES,2013,092200,0.93
ES,2013,093100,1.96
ES,2013,093200,3.12
ES,2013,094200,0.0
ES,2013,094500,1.04
ES,2013,094600,8.4
ES,2013,094700,0.0
ES,2013,096100,5.58
ES,2013,096200,1.86
ES,2013,096300,0.83
ES,2013,096900,0.0
ES,2013,097100,7.18
ES,2013,097200,6.89
ES,2013,097400,1.69
ES,2013,098000,14.37
ES,2013,101000,3.49
ES,2013,102000,2.54
ES,2013,104000,5.62
ES,2013,105000,3.05
ES,2013,111100,127.71
ES,2013,111200,3.25
ES,2013,112000,7.84
ES,2013,121100,4.52
ES,2013,121200,1.58
ES,2013,121400,5.76
ES,2013,122200,0.48
ES,2013,122900,0.0
ES,2013,131100,0.66
ES,2013,131200,17.71
ES,2013,131300,17.0
ES,2013,132100,3.46
ES,2013,132900,3.97
ES,2013,133000,4.04
ES,2013,139000,6.27
ES,2014,011100,26.14
ES,2014,011200,47.43
ES,2014,011300,24.67
ES,2014,011400,25.27
ES,2014,011500,6.01
ES,2014,011600,17.27
ES,2014,011700,17.01
ES,2014,011800,7.17
ES,2014,011900,8.3
ES,2014,012100,1.85
ES,2014,012200,2.46
ES,2014,012300,0.47
ES,2014,012500,1.69
ES,2014,012600,4.53
ES,2014,012900,0.0
ES,2014,021100,1.46
ES,2014,021200,3.53
ES,2014,021300,3.22
ES,2014,021900,0.0
ES,2014,023000,20.48
ES,2014,031200,57.79
ES,2014,032100,16.83
ES,2014,041100,26.24
ES,2014,041200,2.78
ES,2014,043100,2.37
ES,2014,043200,9.47
ES,2014,044100,11.05
ES,2014,044200,2.1
ES,2014,044300,0.59
ES,2014,044400,20.12
ES,2014,045100,32.63
ES,2014,045200,15.27
ES,2014,045300,5.37
ES,2014,051100,14.23
ES,2014,052100,5.6
ES,2014,053100,7.6
ES,2014,053200,0.81
ES,2014,053300,1.05
ES,2014,054000,1.96
ES,2014,055200,2.04
ES,2014,056100,16.61
ES,2014,056200,12.87
ES,2014,061100,9.23
ES,2014,061200,0.49
ES,2014,061300,6.3
ES,2014,062100,0.0
ES,2014,062200,10.5
ES,2014,062300,4.97
ES,2014,063100,1.19
ES,2014,063200,0.0
ES,2014,064100,0.0
ES,2014,071100,33.14
ES,2014,071200,1.53
ES,2014,071300,0.38
ES,2014,072100,1.59
ES,2014,072200,69.72
ES,2014,072300,21.3
ES,2014,072400,3.36
ES,2014,073100,2.08
ES,2014,073200,6.9
ES,2014,073300,3.58
ES,2014,073400,0.34
ES,2014,073500,2.63
ES,2014,074900,0.0
ES,2014,081200,0.64
ES,2014,081300,4.43
ES,2014,081400,4.73
ES,2014,081900,0.0
ES,2014,083100,2.53
ES,2014,083200,6.43
ES,2014,083400,26.87
ES,2014,083900,2.12
ES,2014,091200,0.86
ES,2014,092100,5.55
ES,2014,092200,0.92
ES,2014,093100,1.95
ES,2014,093200,3.23
ES,2014,094200,0.0
ES,2014,094500,1.08
ES,2014,094600,8.14
ES,2014,094700,0.0
ES,2014,096100,5.49
ES,2014,096200,1.83
ES,2014,096300,0.82
ES,2014,096900,0.0
ES,2014,097100,7.2
ES,2014,097200,6.83
ES,2014,097400,1.71
ES,2014,098000,14.08
ES,2014,101000,3.68
ES,2014,102000,2.68
ES,2014,104000,6.02
ES,2014,105000,3.18
ES,2014,111100,127.36
ES,2014,111200,3.38
ES,2014,112000,7.63
ES,2014,121100,4.77
ES,2014,121200,1.77
ES,2014,121400,5.73
ES,2014,122200,0.48
ES,2014,122900,0.0
ES,2014,131100,0.64
ES,2014,131200,17.34
ES,2014,131300,16.55
ES,2014,132100,3.31
ES,2014,132900,3.89
ES,2014,133000,4.17
ES,2014,139000,6.93
ES,2015,011100,27.18
ES,2015,011200,46.57
ES,2015,011300,25.02
ES,2015,011400,26.22
ES,2015,011500,5.73
ES,2015,011600,16.06
ES,2015,011700,18.1
ES,2015,011800,7.63
ES,2015,011900,8.47
ES,2015,012100,1.5
ES,2015,012200,2.42
ES,2015,012300,0.29
ES,2015,012500,1.61
ES,2015,012600,5.03
ES,2015,012900,0.0
ES,2015,021100,1.46
ES,2015,021200,3.48
ES,2015,021300,3.24
ES,2015,021900,0.0
ES,2015,023000,20.44
ES,2015,031200,58.18
ES,2015,032100,16.9
ES,2015,041100,25.16
ES,2015,041200,2.8
ES,2015,043100,2.38
ES,2015,043200,9.46
ES,2015,044100,11.44
ES,2015,044200,2.13
ES,2015,044300,0.62
ES,2015,044400,20.55
ES,2015,045100,33.95
ES,2015,045200,15.76
ES,2015,045300,5.2
ES,2015,051100,14.98
ES,2015,052100,4.07
ES,2015,053100,7.44
ES,2015,053200,0.82
ES,2015,053300,1.07
ES,2015,054000,1.98
ES,2015,055200,2.08
ES,2015,056100,16.74
ES,2015,056200,12.61
ES,2015,061100,9.89
ES,2015,061200,0.52
ES,2015,061300,6.42
ES,2015,062100,0.0
ES,2015,062200,10.58
ES,2015,062300,5.8
ES,2015,063100,1.16
ES,2015,063200,0.0
ES,2015,064100,0.0
ES,2015,071100,35.42
ES,2015,071200,1.6
ES,2015,071300,0.4
ES,2015,072100,1.67
ES,2015,072200,68.83
ES,2015,072300,19.78
ES,2015,072400,4.16
ES,2015,073100,2.08
ES,2015,073200,7.09
ES,2015,073300,3.68
ES,2015,073400,0.34
ES,2015,073500,2.68
ES,2015,074900,0.0
ES,2015,081200,0.74
ES,2015,081300,3.83
ES,2015,081400,4.27
ES,2015,081900,0.0
ES,2015,083100,4.4
ES,2015,083200,11.25
ES,2015,083400,18.03
ES,2015,083900,3.42
ES,2015,091200,0.79
ES,2015,092100,5.51
ES,2015,092200,0.93
ES,2015,093100,1.98
ES,2015,093200,3.29
ES,2015,094200,0.0
ES,2015,094500,1.1
ES,2015,094600,8.25
ES,2015,094700,0.0
ES,2015,096100,4.12
ES,2015,096200,1.57
ES,2015,096300,1.04
ES,2015,096900,0.0
ES,2015,097100,6.93
ES,2015,097200,6.32
ES,2015,097400,2.03
ES,2015,098000,14.29
ES,2015,101000,3.76
ES,2015,102000,2.75
ES,2015,104000,6.14
ES,2015,105000,3.23
ES,2015,111100,124.93
ES,2015,111200,3.33
ES,2015,112000,8.86
ES,2015,121100,4.87
ES,2015,121200,1.81
ES,2015,121400,5.75
ES,2015,122200,0.4
ES,2015,122900,0.0
ES,2015,131100,0.65
ES,2015,131200,17.52
ES,2015,131300,16.12
ES,2015,132100,3.27
ES,2015,132900,3.9
ES,2015,133000,3.45
ES,2015,139000,7.01
ES,2016,011100,26.74
ES,2016,011200,45.71
ES,2016,011300,24.63
ES,2016,011400,25.75
ES,2016,011500,5.87
ES,2016,011600,15.55
ES,2016,011700,18.28
ES,2016,011800,7.69
ES,2016,011900,8.57
ES,2016,012100,1.51
ES,2016,012200,2.46
ES,2016,012300,0.3
ES,2016,012500,1.63
ES,2016,012600,5.08
ES,2016,012900,0.0
ES,2016,021100,1.44
ES,2016,021200,3.39
ES,2016,021300,3.32
ES,2016,021900,0.0
ES,2016,023000,20.32
ES,2016,031200,58.19
ES,2016,032100,17.05
ES,2016,041100,25.31
ES,2016,041200,2.81
ES,2016,043100,2.63
ES,2016,043200,9.01
ES,2016,044100,11.61
ES,2016,044200,2.15
ES,2016,044300,0.63
ES,2016,044400,20.71
ES,2016,045100,33.61
ES,2016,045200,14.61
ES,2016,045300,4.78
ES,2016,051100,14.95
ES,2016,052100,4.13
ES,2016,053100,7.5
ES,2016,053200,0.87
ES,2016,053300,0.89
ES,2016,054000,1.96
ES,2016,055200,1.77
ES,2016,056100,16.27
ES,2016,056200,12.82
ES,2016,061100,9.89
ES,2016,061200,0.52
ES,2016,061300,6.64
ES,2016,062100,0.0
ES,2016,062200,10.98
ES,2016,062300,5.84
ES,2016,063100,1.24
ES,2016,063200,0.0
ES,2016,064100,0.0
ES,2016,071100,40.24
ES,2016,071200,1.64
ES,2016,071300,0.41
ES,2016,072100,1.68
ES,2016,072200,63.54
ES,2016,072300,20.45
ES,2016,072400,4.21
ES,2016,073100,2.17
ES,2016,073200,6.95
ES,2016,073300,3.61
ES,2016,073400,0.35
ES,2016,073500,2.79
ES,2016,074900,0.0
ES,2016,081200,0.84
ES,2016,081300,3.91
ES,2016,081400,4.17
ES,2016,081900,0.0
ES,2016,083100,4.32
ES,2016,083200,11.04
ES,2016,083400,17.7
ES,2016,083900,3.46
ES,2016,091200,0.79
ES,2016,092100,5.69
ES,2016,092200,0.97
ES,2016,093100,1.96
ES,2016,093200,3.29
ES,2016,094200,0.0
ES,2016,094500,1.1
ES,2016,094600,7.3
ES,2016,094700,0.0
ES,2016,096100,4.17
ES,2016,096200,1.59
ES,2016,096300,1.05
ES,2016,096900,0.0
ES,2016,097100,6.85
ES,2016,097200,5.77
ES,2016,097400,1.96
ES,2016,098000,14.97
ES,2016,101000,3.85
ES,2016,102000,2.82
ES,2016,104000,6.27
ES,2016,105000,3.23
ES,2016,111100,128.12
ES,2016,111200,3.27
ES,2016,112000,9.4
ES,2016,121100,4.91
ES,2016,121200,1.91
ES,2016,121400,5.86
ES,2016,122200,0.41
ES,2016,122900,0.0
ES,2016,131100,0.66
ES,2016,131200,17.67
ES,2016,131300,16.31
ES,2016,132100,2.98
ES,2016,132900,4.08
ES,2016,133000,3.48
ES,2016,139000,7.15
ES,2017,011100,26.48
ES,2017,011200,46.75
ES,2017,011300,23.28
ES,2017,011400,23.77
ES,2017,011500,5.44
ES,2017,011600,17.89
ES,2017,011700,18.47
ES,2017,011800,7.78
ES,2017,011900,9.4
ES,2017,012100,2.12
ES,2017,012200,2.67
ES,2017,012300,0.51
ES,2017,012500,1.93
ES,2017,012600,5.2
ES,2017,012900,0.0
ES,2017,021100,1.49
ES,2017,021200,3.38
ES,2017,021300,3.33
ES,2017,021900,0.0
ES,2017,023000,21.02
ES,2017,031200,47.51
ES,2017,032100,15.99
ES,2017,041100,28.81
ES,2017,041200,2.34
ES,2017,043100,2.74
ES,2017,043200,8.36
ES,2017,044100,9.5
ES,2017,044200,4.36
ES,2017,044300,1.61
ES,2017,044400,19.73
ES,2017,045100,34.02
ES,2017,045200,14.32
ES,2017,045300,4.95
ES,2017,051100,12.51
ES,2017,052100,5.27
ES,2017,053100,6.32
ES,2017,053200,1.42
ES,2017,053300,1.67
ES,2017,054000,2.1
ES,2017,055200,1.84
ES,2017,056100,13.4
ES,2017,056200,12.26
ES,2017,061100,10.12
ES,2017,061200,0.53
ES,2017,061300,8.52
ES,2017,062100,0.0
ES,2017,062200,13.71
ES,2017,062300,4.01
ES,2017,063100,1.51
ES,2017,063200,0.0
ES,2017,064100,0.0
ES,2017,071100,32.89
ES,2017,071200,1.28
ES,2017,071300,0.71
ES,2017,072100,1.86
ES,2017,072200,56.03
ES,2017,072300,28.81
ES,2017,072400,3.67
ES,2017,073100,2.94
ES,2017,073200,8.51
ES,2017,073300,5.53
ES,2017,073400,0.61
ES,2017,073500,4.14
ES,2017,074900,0.13
ES,2017,081200,2.92
ES,2017,081300,4.39
ES,2017,081400,4.12
ES,2017,081900,0.11
ES,2017,083100,2.22
ES,2017,083200,5.66
ES,2017,083400,23.66
ES,2017,083900,2.41
ES,2017,091200,0.65
ES,2017,092100,5.38
ES,2017,092200,1.47
ES,2017,093100,1.9
ES,2017,093200,3.19
ES,2017,094200,0.0
ES,2017,094500,1.06
ES,2017,094600,8.18
ES,2017,094700,0.0
ES,2017,096100,5.28
ES,2017,096200,1.76
ES,2017,096300,0.78
ES,2017,096900,0.0
ES,2017,097100,6.2
ES,2017,097200,5.11
ES,2017,097400,1.5
ES,2017,098000,15.85
ES,2017,101000,4.54
ES,2017,102000,2.18
ES,2017,104000,6.37
ES,2017,105000,2.91
ES,2017,111100,117.23
ES,2017,111200,4.07
ES,2017,112000,18.88
ES,2017,121100,4.09
ES,2017,121200,1.78
ES,2017,121400,5.85
ES,2017,122200,0.98
ES,2017,122900,0.0
ES,2017,131100,0.58
ES,2017,131200,17.32
ES,2017,131300,12.82
ES,2017,132100,3.26
ES,2017,132900,4.72
ES,2017,133000,15.59
ES,2017,139000,7.12
ES,2018,011100,25.85
ES,2018,011200,45.34
ES,2018,011300,23.09
ES,2018,011400,22.92
ES,2018,011500,5.74
ES,2018,011600,17.76
ES,2018,011700,18.22
ES,2018,011800,7.74
ES,2018,011900,9.41
ES,2018,012100,2.03
ES,2018,012200,2.7
ES,2018,012300,0.5
ES,2018,012500,1.88
ES,2018,012600,5.0
ES,2018,012900,0.0
ES,2018,021100,1.44
ES,2018,021200,3.47
ES,2018,021300,3.28
ES,2018,021900,0.0
ES,2018,023000,20.59
ES,2018,031200,46.78
ES,2018,032100,15.94
ES,2018,041100,29.33
ES,2018,041200,2.34
ES,2018,043100,2.6
ES,2018,043200,8.43
ES,2018,044100,9.29
ES,2018,044200,4.27
ES,2018,044300,1.62
ES,2018,044400,19.63
ES,2018,045100,34.72
ES,2018,045200,14.41
ES,2018,045300,4.78
ES,2018,051100,12.34
ES,2018,052100,5.19
ES,2018,053100,6.21
ES,2018,053200,1.53
ES,2018,053300,1.48
ES,2018,054000,2.26
ES,2018,055200,1.84
ES,2018,056100,13.23
ES,2018,056200,12.37
ES,2018,061100,10.14
ES,2018,061200,0.54
ES,2018,061300,8.47
ES,2018,062100,0.0
ES,2018,062200,13.54
ES,2018,062300,4.08
ES,2018,063100,1.51
ES,2018,063200,0.0
ES,2018,064100,0.0
ES,2018,071100,34.49
ES,2018,071200,1.4
ES,2018,071300,0.68
ES,2018,072100,1.88
ES,2018,072200,57.8
ES,2018,072300,25.45
ES,2018,072400,3.94
ES,2018,073100,3.04
ES,2018,073200,8.65
ES,2018,073300,5.71
ES,2018,073400,0.6
ES,2018,073500,4.07
ES,2018,074900,0.13
ES,2018,081200,2.89
ES,2018,081300,4.41
ES,2018,081400,4.03
ES,2018,081900,0.11
ES,2018,083100,2.27
ES,2018,083200,5.65
ES,2018,083400,24.02
ES,2018,083900,2.4
ES,2018,091200,0.68
ES,2018,092100,5.53
ES,2018,092200,1.39
ES,2018,093100,1.91
ES,2018,093200,3.28
ES,2018,094200,0.0
ES,2018,094500,1.11
ES,2018,094600,8.37
ES,2018,094700,0.0
ES,2018,096100,5.29
ES,2018,096200,1.73
ES,2018,096300,0.79
ES,2018,096900,0.0
ES,2018,097100,6.24
ES,2018,097200,4.68
ES,2018,097400,1.56
ES,2018,098000,16.64
ES,2018,101000,4.43
ES,2018,102000,2.18
ES,2018,104000,6.31
ES,2018,105000,2.92
ES,2018,111100,119.32
ES,2018,111200,4.1
ES,2018,112000,19.55
ES,2018,121100,4.13
ES,2018,121200,1.92
ES,2018,121400,5.57
ES,2018,122200,1.02
ES,2018,122900,0.0
ES,2018,131100,0.58
ES,2018,131200,17.67
ES,2018,131300,12.87
ES,2018,132100,3.24
ES,2018,132900,4.67
ES,2018,133000,15.38
ES,2018,139000,7.01
ES,2019,011100,24.14
ES,2019,011200,43.73
ES,2019,011300,21.93
ES,2019,011400,22.53
ES,2019,011500,5.37
ES,2019,011600,18.73
ES,2019,011700,17.83
ES,2019,011800,7.45
ES,2019,011900,9.23
ES,2019,012100,2.1
ES,2019,012200,2.54
ES,2019,012300,0.45
ES,2019,012500,1.95
ES,2019,012600,4.91
ES,2019,012900,0.0
ES,2019,021100,1.49
ES,2019,021200,3.62
ES,2019,021300,3.2
ES,2019,021900,0.0
ES,2019,023000,19.7
ES,2019,031200,48.14
ES,2019,032100,15.18
ES,2019,041100,28.02
ES,2019,041200,3.79
ES,2019,043100,2.62
ES,2019,043200,8.42
ES,2019,044100,9.34
ES,2019,044200,3.98
ES,2019,044300,1.48
ES,2019,044400,19.0
ES,2019,045100,34.81
ES,2019,045200,14.37
ES,2019,045300,5.28
ES,2019,051100,13.11
ES,2019,052100,4.96
ES,2019,053100,6.18
ES,2019,053200,1.46
ES,2019,053300,1.47
ES,2019,054000,2.27
ES,2019,055200,1.85
ES,2019,056100,13.24
ES,2019,056200,11.88
ES,2019,061100,9.74
ES,2019,061200,0.5
ES,2019,061300,8.07
ES,2019,062100,0.0
ES,2019,062200,12.86
ES,2019,062300,4.25
ES,2019,063100,1.5
ES,2019,063200,0.0
ES,2019,064100,0.0
ES,2019,071100,34.43
ES,2019,071200,1.24
ES,2019,071300,0.63
ES,2019,072100,1.8
ES,2019,072200,61.87
ES,2019,072300,29.17
ES,2019,072400,3.59
ES,2019,073100,2.95
ES,2019,073200,8.48
ES,2019,073300,5.6
ES,2019,073400,0.58
ES,2019,073500,4.26
ES,2019,074900,0.13
ES,2019,081200,3.02
ES,2019,081300,4.16
ES,2019,081400,3.92
ES,2019,081900,0.11
ES,2019,083100,2.18
ES,2019,083200,5.22
ES,2019,083400,25.27
ES,2019,083900,2.28
ES,2019,091200,0.69
ES,2019,092100,5.39
ES,2019,092200,1.37
ES,2019,093100,2.04
ES,2019,093200,2.98
ES,2019,094200,0.0
ES,2019,094500,1.12
ES,2019,094600,8.48
ES,2019,094700,0.0
ES,2019,096100,4.87
ES,2019,096200,1.64
ES,2019,096300,0.73
ES,2019,096900,0.0
ES,2019,097100,5.89
ES,2019,097200,4.39
ES,2019,097400,1.42
ES,2019,098000,16.46
ES,2019,101000,4.36
ES,2019,102000,2.21
ES,2019,104000,6.06
ES,2019,105000,2.97
ES,2019,111100,120.5
ES,2019,111200,3.93
ES,2019,112000,20.57
ES,2019,121100,4.1
ES,2019,121200,1.98
ES,2019,121400,5.8
ES,2019,122200,1.06
ES,2019,122900,0.0
ES,2019,131100,0.62
ES,2019,131200,17.03
ES,2019,131300,13.27
ES,2019,132100,3.2
ES,2019,132900,4.72
ES,2019,133000,15.07
ES,2019,139000,6.97
ES,2020,011100,26.25
ES,2020,011200,46.13
ES,2020,011300,22.94
ES,2020,011400,22.18
ES,2020,011500,5.03
ES,2020,011600,18.14
ES,2020,011700,18.68
ES,2020,011800,7.54
ES,2020,011900,9.29
ES,2020,012100,2.1
ES,2020,012200,2.76
ES,2020,012300,0.49
ES,2020,012500,2.03
ES,2020,012600,4.89
ES,2020,012900,0.06
ES,2020,021100,1.43
ES,2020,021200,3.5
ES,2020,021300,3.37
ES,2020,021900,0.0
ES,2020,023000,19.33
ES,2020,031200,46.43
ES,2020,032100,14.7
ES,2020,041100,27.79
ES,2020,041200,3.53
ES,2020,043100,2.6
ES,2020,043200,8.46
ES,2020,044100,8.85
ES,2020,044200,4.19
ES,2020,044300,1.52
ES,2020,044400,19.66
ES,2020,045100,33.44
ES,2020,045200,14.79
ES,2020,045300,5.26
ES,2020,051100,12.52
ES,2020,052100,5.09
ES,2020,053100,6.49
ES,2020,053200,1.53
ES,2020,053300,1.4
ES,2020,054000,2.24
ES,2020,055200,1.84
ES,2020,056100,13.34
ES,2020,056200,12.58
ES,2020,061100,10.21
ES,2020,061200,0.5
ES,2020,061300,8.34
ES,2020,062100,0.0
ES,2020,062200,13.17
ES,2020,062300,4.24
ES,2020,063100,1.52
ES,2020,063200,0.0
ES,2020,064100,0.0
ES,2020,071100,33.81
ES,2020,071200,1.36
ES,2020,071300,0.69
ES,2020,072100,1.9
ES,2020,072200,62.49
ES,2020,072300,28.31
ES,2020,072400,3.99
ES,2020,073100,3.0
ES,2020,073200,9.04
ES,2020,073300,5.98
ES,2020,073400,0.58
ES,2020,073500,4.4
ES,2020,074900,0.14
ES,2020,081200,3.19
ES,2020,081300,4.03
ES,2020,081400,3.7
ES,2020,081900,0.11
ES,2020,083100,2.06
ES,2020,083200,5.12
ES,2020,083400,26.32
ES,2020,083900,2.41
ES,2020,091200,0.63
ES,2020,092100,5.55
ES,2020,092200,1.44
ES,2020,093100,1.91
ES,2020,093200,3.2
ES,2020,094200,0.0
ES,2020,094500,1.17
ES,2020,094600,8.02
ES,2020,094700,0.0
ES,2020,096100,5.03
ES,2020,096200,1.52
ES,2020,096300,0.74
ES,2020,096900,0.0
ES,2020,097100,6.1
ES,2020,097200,4.5
ES,2020,097400,1.44
ES,2020,098000,16.59
ES,2020,101000,4.34
ES,2020,102000,2.23
ES,2020,104000,6.1
ES,2020,105000,2.93
ES,2020,111100,113.34
ES,2020,111200,4.17
ES,2020,112000,20.18
ES,2020,121100,4.28
ES,2020,121200,2.07
ES,2020,121400,5.87
ES,2020,122200,1.0
ES,2020,122900,0.0
ES,2020,131100,0.62
ES,2020,131200,17.68
ES,2020,131300,12.78
ES,2020,132100,3.2
ES,2020,132900,4.73
ES,2020,133000,15.88
ES,2020,139000,7.18
ES,2021,011100,31.14
ES,2021,011200,55.02
ES,2021,011300,27.24
ES,2021,011400,28.07
ES,2021,011500,5.59
ES,2021,011600,22.9
ES,2021,011700,22.83
ES,2021,011800,9.22
ES,2021,011900,12.04
ES,2021,012100,2.25
ES,2021,012200,3.06
ES,2021,012300,0.56
ES,2021,012500,2.31
ES,2021,012600,5.88
ES,2021,012900,0.09
ES,2021,021100,1.98
ES,2021,021200,5.4
ES,2021,021300,4.41
ES,2021,021900,0.0
ES,2021,023000,19.23
ES,2021,031200,45.93
ES,2021,032100,14.69
ES,2021,041100,28.58
ES,2021,041200,3.74
ES,2021,043100,2.79
ES,2021,043200,8.52
ES,2021,044100,9.24
ES,2021,044200,4.26
ES,2021,044300,1.49
ES,2021,044400,19.6
ES,2021,045100,34.6
ES,2021,045200,14.24
ES,2021,045300,5.3
ES,2021,051100,12.07
ES,2021,052100,4.49
ES,2021,053100,6.22
ES,2021,053200,1.41
ES,2021,053300,1.28
ES,2021,054000,2.22
ES,2021,055200,1.97
ES,2021,056100,17.42
ES,2021,056200,11.72
ES,2021,061100,9.92
ES,2021,061200,0.51
ES,2021,061300,8.78
ES,2021,062100,0.0
ES,2021,062200,13.2
ES,2021,062300,4.44
ES,2021,063100,1.59
ES,2021,063200,0.0
ES,2021,064100,0.0
ES,2021,071100,25.42
ES,2021,071200,1.38
ES,2021,071300,0.61
ES,2021,072100,1.79
ES,2021,072200,51.88
ES,2021,072300,30.77
ES,2021,072400,3.77
ES,2021,073100,1.97
ES,2021,073200,5.45
ES,2021,073300,2.52
ES,2021,073400,0.35
ES,2021,073500,2.6
ES,2021,074900,0.13
ES,2021,081200,2.72
ES,2021,081300,3.64
ES,2021,081400,3.48
ES,2021,081900,0.11
ES,2021,083100,1.62
ES,2021,083200,4.83
ES,2021,083400,26.87
ES,2021,083900,2.27
ES,2021,091200,0.71
ES,2021,092100,4.95
ES,2021,092200,1.49
ES,2021,093100,2.0
ES,2021,093200,3.03
ES,2021,094200,0.0
ES,2021,094500,1.08
ES,2021,094600,5.47
ES,2021,094700,0.0
ES,2021,096100,3.57
ES,2021,096200,1.6
ES,2021,096300,0.66
ES,2021,096900,0.0
ES,2021,097100,5.68
ES,2021,097200,4.19
ES,2021,097400,1.57
ES,2021,098000,7.99
ES,2021,101000,4.42
ES,2021,102000,2.32
ES,2021,104000,6.03
ES,2021,105000,2.99
ES,2021,111100,113.41
ES,2021,111200,3.93
ES,2021,112000,13.96
ES,2021,121100,4.31
ES,2021,121200,2.15
ES,2021,121400,5.67
ES,2021,122200,1.0
ES,2021,122900,0.0
ES,2021,131100,0.61
ES,2021,131200,19.2
ES,2021,131300,13.75
ES,2021,132100,3.21
ES,2021,132900,4.7
ES,2021,133000,14.9
ES,2021,139000,7.39
ES,2022,011100,28.47
ES,2022,011200,54.59
ES,2022,011300,27.35
ES,2022,011400,26.82
ES,2022,011500,5.69
ES,2022,011600,21.73
ES,2022,011700,23.29
ES,2022,011800,8.62
ES,2022,011900,10.05
ES,2022,012100,2.13
ES,2022,012200,3.4
ES,2022,012300,0.66
ES,2022,012500,2.28
ES,2022,012600,4.64
ES,2022,012900,1.02
ES,2022,021100,1.85
ES,2022,021200,4.97
ES,2022,021300,4.95
ES,2022,021900,0.0
ES,2022,023000,18.61
ES,2022,031200,44.04
ES,2022,032100,14.1
ES,2022,041100,29.91
ES,2022,041200,3.7
ES,2022,043100,2.48
ES,2022,043200,6.96
ES,2022,044100,9.1
ES,2022,044200,4.2
ES,2022,044300,1.49
ES,2022,044400,19.46
ES,2022,045100,40.6
ES,2022,045200,15.44
ES,2022,045300,6.08
ES,2022,051100,11.81
ES,2022,052100,4.58
ES,2022,053100,6.69
ES,2022,053200,1.02
ES,2022,053300,1.29
ES,2022,054000,2.07
ES,2022,055200,1.82
ES,2022,056100,14.83
ES,2022,056200,12.6
ES,2022,061100,11.45
ES,2022,061200,3.94
ES,2022,061300,8.33
ES,2022,062100,0.0
ES,2022,062200,12.9
ES,2022,062300,5.25
ES,2022,063100,0.8
ES,2022,063200,0.0
ES,2022,064100,0.0
ES,2022,071100,27.46
ES,2022,071200,1.42
ES,2022,071300,0.64
ES,2022,072100,2.15
ES,2022,072200,55.36
ES,2022,072300,26.95
ES,2022,072400,3.23
ES,2022,073100,2.15
ES,2022,073200,6.09
ES,2022,073300,2.87
ES,2022,073400,0.41
ES,2022,073500,2.9
ES,2022,074900,0.0
ES,2022,081200,3.13
ES,2022,081300,3.06
ES,2022,081400,2.98
ES,2022,081900,0.11
ES,2022,083100,1.58
ES,2022,083200,4.49
ES,2022,083400,25.49
ES,2022,083900,3.37
ES,2022,091200,0.0
ES,2022,092100,5.4
ES,2022,092200,0.7
ES,2022,093100,1.56
ES,2022,093200,3.51
ES,2022,094200,0.0
ES,2022,094500,1.38
ES,2022,094600,6.39
ES,2022,094700,0.0
ES,2022,096100,2.54
ES,2022,096200,1.55
ES,2022,096300,0.68
ES,2022,096900,0.0
ES,2022,097100,5.93
ES,2022,097200,1.66
ES,2022,097400,2.06
ES,2022,098000,8.32
ES,2022,101000,4.04
ES,2022,102000,2.28
ES,2022,104000,6.17
ES,2022,105000,3.07
ES,2022,111100,117.46
ES,2022,111200,3.4
ES,2022,112000,23.31
ES,2022,121100,4.28
ES,2022,121200,2.16
ES,2022,121400,5.42
ES,2022,122200,1.27
ES,2022,122900,0.0
ES,2022,131100,0.65
ES,2022,131200,16.16
ES,2022,131300,12.81
ES,2022,132100,2.18
ES,2022,132900,5.24
ES,2022,133000,16.29
ES,2022,139000,7.21
ES,2023,011100,25.37
ES,2023,011200,44.3
ES,2023,011300,21.41
ES,2023,011400,20.66
ES,2023,011500,6.59
ES,2023,011600,18.52
ES,2023,011700,18.76
ES,2023,011800,7.67
ES,2023,011900,16.47
ES,2023,012100,1.86
ES,2023,012200,4.16
ES,2023,012300,0.68
ES,2023,012500,3.37
ES,2023,012600,4.41
ES,2023,012900,0.99
ES,2023,021100,4.36
ES,2023,021200,5.55
ES,2023,021300,6.95
ES,2023,021900,0.0
ES,2023,023000,22.89
ES,2023,031200,28.96
ES,2023,032100,9.89
ES,2023,041100,31.28
ES,2023,041200,4.64
ES,2023,043100,3.22
ES,2023,043200,7.76
ES,2023,044100,6.59
ES,2023,044200,3.22
ES,2023,044300,2.47
ES,2023,044400,16.99
ES,2023,045100,35.18
ES,2023,045200,12.34
ES,2023,045300,2.91
ES,2023,051100,14.37
ES,2023,052100,3.93
ES,2023,053100,6.03
ES,2023,053200,2.04
ES,2023,053300,0.78
ES,2023,054000,2.58
ES,2023,055200,4.0
ES,2023,056100,10.23
ES,2023,056200,14.94
ES,2023,061100,8.6
ES,2023,061200,2.82
ES,2023,061300,7.58
ES,2023,062100,0.0
ES,2023,062200,14.62
ES,2023,062300,21.75
ES,2023,063100,4.04
ES,2023,063200,0.0
ES,2023,064100,0.0
ES,2023,071100,29.61
ES,2023,071200,1.61
ES,2023,071300,0.75
ES,2023,072100,5.7
ES,2023,072200,47.61
ES,2023,072300,32.69
ES,2023,072400,7.13
ES,2023,073100,3.24
ES,2023,073200,6.69
ES,2023,073300,3.41
ES,2023,073400,0.45
ES,2023,073500,2.62
ES,2023,074900,0.0
ES,2023,081200,3.04
ES,2023,081300,4.43
ES,2023,081400,2.73
ES,2023,081900,0.75
ES,2023,083100,1.15
ES,2023,083200,1.51
ES,2023,083400,26.71
ES,2023,083900,3.12
ES,2023,091200,0.0
ES,2023,092100,4.43
ES,2023,092200,1.32
ES,2023,093100,2.38
ES,2023,093200,4.84
ES,2023,094200,0.0
ES,2023,094500,3.88
ES,2023,094600,10.07
ES,2023,094700,0.0
ES,2023,096100,3.28
ES,2023,096200,1.29
ES,2023,096300,0.59
ES,2023,096900,0.0
ES,2023,097100,4.25
ES,2023,097200,1.14
ES,2023,097400,1.79
ES,2023,098000,15.34
ES,2023,101000,3.45
ES,2023,102000,3.44
ES,2023,104000,6.31
ES,2023,105000,6.6
ES,2023,111100,122.91
ES,2023,111200,3.88
ES,2023,112000,15.56
ES,2023,121100,2.29
ES,2023,121200,3.75
ES,2023,121400,6.91
ES,2023,122200,9.81
ES,2023,122900,0.0
ES,2023,131100,0.56
ES,2023,131200,16.63
ES,2023,131300,10.85
ES,2023,132100,2.3
ES,2023,132900,5.06
ES,2023,133000,12.96
ES,2023,139000,7.72
ES,2024,011100,24.31
ES,2024,011200,41.85
ES,2024,011300,19.32
ES,2024,011400,19.95
ES,2024,011500,7.55
ES,2024,011600,17.19
ES,2024,011700,17.63
ES,2024,011800,8.1
ES,2024,011900,16.56
ES,2024,012100,1.91
ES,2024,012200,3.86
ES,2024,012300,0.59
ES,2024,012500,3.7
ES,2024,012600,4.68
ES,2024,012900,1.06
ES,2024,021100,4.19
ES,2024,021200,4.94
ES,2024,021300,6.91
ES,2024,021900,0.0
ES,2024,023000,21.42
ES,2024,031200,30.45
ES,2024,032100,10.02
ES,2024,041100,31.07
ES,2024,041200,4.68
ES,2024,043100,2.79
ES,2024,043200,5.72
ES,2024,044100,5.91
ES,2024,044200,3.02
ES,2024,044300,2.25
ES,2024,044400,16.67
ES,2024,045100,31.86
ES,2024,045200,11.31
ES,2024,045300,3.01
ES,2024,051100,13.72
ES,2024,052100,3.15
ES,2024,053100,5.59
ES,2024,053200,2.03
ES,2024,053300,0.73
ES,2024,054000,2.02
ES,2024,055200,3.44
ES,2024,056100,10.1
ES,2024,056200,13.33
ES,2024,061100,8.41
ES,2024,061200,1.89
ES,2024,061300,7.24
ES,2024,062100,0.0
ES,2024,062200,14.82
ES,2024,062300,20.01
ES,2024,063100,4.12
ES,2024,063200,0.0
ES,2024,064100,0.0
ES,2024,071100,31.64
ES,2024,071200,1.69
ES,2024,071300,0.67
ES,2024,072100,5.53
ES,2024,072200,47.8
ES,2024,072300,33.82
ES,2024,072400,6.9
ES,2024,073100,4.15
ES,2024,073200,7.82
ES,2024,073300,5.79
ES,2024,073400,0.6
ES,2024,073500,2.37
ES,2024,074900,0.0
ES,2024,081200,3.08
ES,2024,081300,4.79
ES,2024,081400,2.74
ES,2024,081900,0.7
ES,2024,083100,1.15
ES,2024,083200,1.55
ES,2024,083400,27.79
ES,2024,083900,3.72
ES,2024,091200,0.0
ES,2024,092100,4.31
ES,2024,092200,1.44
ES,2024,093100,1.83
ES,2024,093200,4.92
ES,2024,094200,0.0
ES,2024,094500,3.95
ES,2024,094600,15.83
ES,2024,094700,0.0
ES,2024,096100,3.42
ES,2024,096200,1.57
ES,2024,096300,0.74
ES,2024,096900,0.0
ES,2024,097100,4.14
ES,2024,097200,0.94
ES,2024,097400,1.87
ES,2024,098000,17.37
ES,2024,101000,3.0
ES,2024,102000,3.1
ES,2024,104000,5.47
ES,2024,105000,6.45
ES,2024,111100,129.57
ES,2024,111200,4.01
ES,2024,112000,17.89
ES,2024,121100,2.2
ES,2024,121200,3.46
ES,2024,121400,6.61
ES,2024,122200,9.73
ES,2024,122900,0.0
ES,2024,131100,0.56
ES,2024,131200,16.48
ES,2024,131300,10.95
ES,2024,132100,2.67
ES,2024,132900,5.37
ES,2024,133000,12.58
ES,2024,139000,7.45
ES,2025,011100,23.14
ES,2025,011200,40.46
ES,2025,011300,18.56
ES,2025,011400,18.96
ES,2025,011500,7.71
ES,2025,011600,16.86
ES,2025,011700,16.8
ES,2025,011800,7.62
ES,2025,011900,15.68
ES,2025,012100,1.74
ES,2025,012200,3.61
ES,2025,012300,0.57
ES,2025,012500,3.56
ES,2025,012600,4.23
ES,2025,012900,0.97
ES,2025,021100,4.15
ES,2025,021200,4.87
ES,2025,021300,6.62
ES,2025,021900,0.0
ES,2025,023000,20.67
ES,2025,031200,32.21
ES,2025,032100,10.28
ES,2025,041100,31.43
ES,2025,041200,5.02
ES,2025,043100,3.02
ES,2025,043200,6.24
ES,2025,044100,5.96
ES,2025,044200,2.96
ES,2025,044300,2.28
ES,2025,044400,16.09
ES,2025,045100,33.2
ES,2025,045200,10.22
ES,2025,045300,3.02
ES,2025,051100,13.69
ES,2025,052100,3.13
ES,2025,053100,5.56
ES,2025,053200,1.87
ES,2025,053300,0.73
ES,2025,054000,1.96
ES,2025,055200,3.33
ES,2025,056100,9.51
ES,2025,056200,13.67
ES,2025,061100,8.07
ES,2025,061200,1.78
ES,2025,061300,8.09
ES,2025,062100,0.0
ES,2025,062200,14.4
ES,2025,062300,19.29
ES,2025,063100,3.67
ES,2025,063200,0.0
ES,2025,064100,0.0
ES,2025,071100,33.38
ES,2025,071200,1.68
ES,2025,071300,0.61
ES,2025,072100,5.12
ES,2025,072200,47.19
ES,2025,072300,32.01
ES,2025,072400,7.14
ES,2025,073100,3.59
ES,2025,073200,8.04
ES,2025,073300,5.95
ES,2025,073400,0.65
ES,2025,073500,3.11
ES,2025,074900,0.0
ES,2025,081200,3.12
ES,2025,081300,4.05
ES,2025,081400,2.63
ES,2025,081900,0.72
ES,2025,083100,0.32
ES,2025,083200,1.51
ES,2025,083400,27.67
ES,2025,083900,3.79
ES,2025,091200,0.0
ES,2025,092100,4.15
ES,2025,092200,1.43
ES,2025,093100,1.89
ES,2025,093200,4.79
ES,2025,094200,0.0
ES,2025,094500,4.17
ES,2025,094600,16.44
ES,2025,094700,0.0
ES,2025,096100,3.43
ES,2025,096200,1.58
ES,2025,096300,0.75
ES,2025,096900,0.0
ES,2025,097100,3.61
ES,2025,097200,0.83
ES,2025,097400,1.54
ES,2025,098000,19.61
ES,2025,101000,2.93
ES,2025,102000,3.11
ES,2025,104000,5.32
ES,2025,105000,6.35
ES,2025,111100,136.58
ES,2025,111200,4.62
ES,2025,112000,19.43
ES,2025,121100,2.11
ES,2025,121200,3.61
ES,2025,121400,6.56
ES,2025,122200,9.6
ES,2025,122900,0.0
ES,2025,131100,0.58
ES,2025,131200,16.19
ES,2025,131300,11.43
ES,2025,132100,2.83
ES,2025,132900,5.16
ES,2025,133000,11.88
ES,2025,139000,7.01
ES,2026,011100,20.64
ES,2026,011200,40.41
ES,2026,011300,17.54
ES,2026,011400,16.88
ES,2026,011500,6.7
ES,2026,011600,15.43
ES,2026,011700,17.15
ES,2026,011800,7.88
ES,2026,011900,12.49
ES,2026,012100,1.24
ES,2026,012200,4.41
ES,2026,012300,0.83
ES,2026,012500,2.91
ES,2026,012600,4.4
ES,2026,012900,0.57
ES,2026,021100,3.44
ES,2026,021200,4.12
ES,2026,021300,5.84
ES,2026,021900,0.43
ES,2026,023000,18.9
ES,2026,031200,28.64
ES,2026,032100,9.9
ES,2026,041100,30.18
ES,2026,041200,4.92
ES,2026,043100,4.34
ES,2026,043200,6.19
ES,2026,044100,4.98
ES,2026,044200,3.2
ES,2026,044300,1.9
ES,2026,044400,15.22
ES,2026,045100,32.44
ES,2026,045200,10.31
ES,2026,045300,2.95
ES,2026,051100,12.88
ES,2026,052100,3.11
ES,2026,053100,4.75
ES,2026,053200,1.9
ES,2026,053300,0.6
ES,2026,054000,1.36
ES,2026,055200,1.91
ES,2026,056100,8.25
ES,2026,056200,13.08
ES,2026,061100,7.83
ES,2026,061200,1.52
ES,2026,061300,10.2
ES,2026,062100,1.43
ES,2026,062200,15.21
ES,2026,062300,7.97
ES,2026,063100,1.73
ES,2026,063200,2.66
ES,2026,064100,0.49
ES,2026,071100,38.51
ES,2026,071200,1.2
ES,2026,071300,1.12
ES,2026,072100,4.83
ES,2026,072200,42.68
ES,2026,072300,26.34
ES,2026,072400,8.96
ES,2026,073100,3.78
ES,2026,073200,9.0
ES,2026,073300,5.91
ES,2026,073400,0.95
ES,2026,073500,2.36
ES,2026,074900,2.06
ES,2026,081200,2.47
ES,2026,081300,3.36
ES,2026,081400,2.91
ES,2026,081900,1.86
ES,2026,083100,0.33
ES,2026,083200,2.4
ES,2026,083400,20.96
ES,2026,083900,1.71
ES,2026,091200,1.0
ES,2026,092100,3.67
ES,2026,092200,1.25
ES,2026,093100,1.34
ES,2026,093200,4.08
ES,2026,094200,2.77
ES,2026,094500,3.77
ES,2026,094600,21.49
ES,2026,094700,17.82
ES,2026,096100,5.39
ES,2026,096200,1.64
ES,2026,096300,1.48
ES,2026,096900,2.41
ES,2026,097100,3.43
ES,2026,097200,0.63
ES,2026,097400,1.24
ES,2026,098000,17.13
ES,2026,101000,2.75
ES,2026,102000,2.21
ES,2026,104000,4.41
ES,2026,105000,5.36
ES,2026,111100,154.45
ES,2026,111200,4.33
ES,2026,112000,22.27
ES,2026,121100,1.94
ES,2026,121200,3.08
ES,2026,121400,5.22
ES,2026,122200,7.91
ES,2026,122900,3.4
ES,2026,131100,0.45
ES,2026,131200,15.75
ES,2026,131300,13.08
ES,2026,132100,2.66
ES,2026,132900,2.53
ES,2026,133000,11.27
ES,2026,139000,8.47
FR,2000,011100,21.4
FR,2000,011200,46.07
FR,2000,011300,11.38
FR,2000,011400,23.83
FR,2000,011500,4.77
FR,2000,011600,9.79
FR,2000,011700,14.85
FR,2000,011800,11.67
FR,2000,011900,13.74
FR,2000,012100,2.95
FR,2000,012200,3.26
FR,2000,012300,0.71
FR,2000,012500,3.26
FR,2000,012600,0.9
FR,2000,012900,0.64
FR,2000,021100,5.7
FR,2000,021200,11.86
FR,2000,021300,2.47
FR,2000,023000,21.35
FR,2000,031200,40.41
FR,2000,031300,2.58
FR,2000,031400,1.94
FR,2000,032100,12.66
FR,2000,032200,0.73
FR,2000,041100,66.49
FR,2000,043100,3.86
FR,2000,043200,12.83
FR,2000,044100,7.17
FR,2000,044200,5.12
FR,2000,044300,4.06
FR,2000,044400,5.13
FR,2000,045100,23.54
FR,2000,045200,11.03
FR,2000,045300,7.76
FR,2000,045400,0.92
FR,2000,045500,1.72
FR,2000,051100,20.69
FR,2000,051200,1.05
FR,2000,052100,6.32
FR,2000,053100,7.99
FR,2000,053200,2.86
FR,2000,053300,0.88
FR,2000,054000,5.94
FR,2000,055100,0.9
FR,2000,055200,1.95
FR,2000,055300,0.48
FR,2000,056100,8.29
FR,2000,056200,12.08
FR,2000,061100,12.05
FR,2000,061200,0.9
FR,2000,061300,2.97
FR,2000,062100,0.97
FR,2000,062200,5.79
FR,2000,062300,7.82
FR,2000,063100,0.0
FR,2000,063200,0.0
FR,2000,064100,1.31
FR,2000,064200,0.0
FR,2000,071100,45.54
FR,2000,071200,2.36
FR,2000,071300,1.4
FR,2000,072100,7.56
FR,2000,072200,43.62
FR,2000,072300,45.76
FR,2000,072400,10.93
FR,2000,073100,5.06
FR,2000,073200,8.32
FR,2000,073300,6.51
FR,2000,073400,0.46
FR,2000,073500,3.7
FR,2000,074100,2.43
FR,2000,074900,0.79
FR,2000,081100,0.72
FR,2000,081200,0.08
FR,2000,081300,2.83
FR,2000,081400,8.06
FR,2000,081500,1.35
FR,2000,081900,0.05
FR,2000,083100,24.13
FR,2000,083200,0.0
FR,2000,083300,0.0
FR,2000,083400,0.0
FR,2000,083500,1.37
FR,2000,083900,8.03
FR,2000,091100,1.99
FR,2000,091200,1.9
FR,2000,092100,4.39
FR,2000,092200,4.17
FR,2000,093100,5.59
FR,2000,093200,3.77
FR,2000,094200,0.0
FR,2000,094400,0.0
FR,2000,094500,2.32
FR,2000,094600,9.67
FR,2000,094700,0.0
FR,2000,095100,0.6
FR,2000,095200,4.98
FR,2000,096100,3.01
FR,2000,096200,4.24
FR,2000,096300,3.94
FR,2000,096900,1.39
FR,2000,097100,4.24
FR,2000,097200,9.01
FR,2000,097300,0.73
FR,2000,097400,2.18
FR,2000,098000,3.17
FR,2000,101000,0.38
FR,2000,102000,2.12
FR,2000,104000,2.53
FR,2000,105000,0.63
FR,2000,111100,53.32
FR,2000,111200,15.3
FR,2000,112000,18.5
FR,2000,121100,0.0
FR,2000,121200,7.98
FR,2000,121300,5.27
FR,2000,121400,4.85
FR,2000,121900,0.0
FR,2000,122200,4.57
FR,2000,122900,0.0
FR,2000,131100,0.16
FR,2000,131200,21.41
FR,2000,131300,10.87
FR,2000,132100,7.4
FR,2000,132900,6.03
FR,2000,133000,3.15
FR,2000,139000,13.2
FR,2001,011100,20.67
FR,2001,011200,45.97
FR,2001,011300,11.15
FR,2001,011400,23.66
FR,2001,011500,4.54
FR,2001,011600,10.12
FR,2001,011700,14.27
FR,2001,011800,11.24
FR,2001,011900,13.53
FR,2001,012100,2.84
FR,2001,012200,3.18
FR,2001,012300,0.65
FR,2001,012500,3.36
FR,2001,012600,0.86
FR,2001,012900,0.64
FR,2001,021100,5.46
FR,2001,021200,11.44
FR,2001,021300,2.38
FR,2001,023000,20.32
FR,2001,031200,38.52
FR,2001,031300,2.85
FR,2001,031400,1.94
FR,2001,032100,12.09
FR,2001,032200,0.53
FR,2001,041100,61.51
FR,2001,043100,3.69
FR,2001,043200,12.59
FR,2001,044100,6.9
FR,2001,044200,5.35
FR,2001,044300,3.99
FR,2001,044400,4.84
FR,2001,045100,22.18
FR,2001,045200,12.52
FR,2001,045300,8.48
FR,2001,045400,0.86
FR,2001,045500,1.66
FR,2001,051100,19.61
FR,2001,051200,0.97
FR,2001,052100,5.63
FR,2001,053100,8.11
FR,2001,053200,2.84
FR,2001,053300,0.83
FR,2001,054000,5.64
FR,2001,055100,0.87
FR,2001,055200,1.86
FR,2001,055300,0.47
FR,2001,056100,8.45
FR,2001,056200,11.8
FR,2001,061100,13.29
FR,2001,061200,0.86
FR,2001,061300,3.02
FR,2001,062100,0.93
FR,2001,062200,5.6
FR,2001,062300,9.36
FR,2001,063100,5.46
FR,2001,063200,1.23
FR,2001,064100,1.34
FR,2001,064200,0.0
FR,2001,071100,44.48
FR,2001,071200,2.55
FR,2001,071300,1.44
FR,2001,072100,7.38
FR,2001,072200,44.88
FR,2001,072300,44.88
FR,2001,072400,10.99
FR,2001,073100,5.02
FR,2001,073200,8.1
FR,2001,073300,7.56
FR,2001,073400,0.45
FR,2001,073500,3.65
FR,2001,074100,2.43
FR,2001,074900,0.78
FR,2001,081100,0.84
FR,2001,081200,0.09
FR,2001,081300,3.83
FR,2001,081400,8.37
FR,2001,081500,1.31
FR,2001,081900,0.06
FR,2001,083100,23.87
FR,2001,083200,0.0
FR,2001,083300,0.0
FR,2001,083400,0.0
FR,2001,083500,1.19
FR,2001,083900,8.15
FR,2001,091100,2.1
FR,2001,091200,1.99
FR,2001,092100,4.93
FR,2001,092200,3.78
FR,2001,093100,5.54
FR,2001,093200,3.59
FR,2001,094200,0.0
FR,2001,094400,0.0
FR,2001,094500,2.28
FR,2001,094600,9.16
FR,2001,094700,0.0
FR,2001,095100,0.63
FR,2001,095200,4.69
FR,2001,096100,3.15
FR,2001,096200,4.65
FR,2001,096300,3.93
FR,2001,096900,1.31
FR,2001,097100,4.14
FR,2001,097200,8.69
FR,2001,097300,0.71
FR,2001,097400,2.15
FR,2001,098000,2.99
FR,2001,101000,0.35
FR,2001,102000,1.99
FR,2001,104000,2.33
FR,2001,105000,0.58
FR,2001,111100,54.56
FR,2001,111200,15.17
FR,2001,112000,17.17
FR,2001,121100,0.0
FR,2001,121200,7.56
FR,2001,121300,4.93
FR,2001,121400,4.43
FR,2001,121900,0.0
FR,2001,122200,4.46
FR,2001,122900,0.0
FR,2001,131100,0.15
FR,2001,131200,21.3
FR,2001,131300,10.83
FR,2001,132100,7.36
FR,2001,132900,6.32
FR,2001,133000,10.03
FR,2001,139000,12.65
FR,2002,011100,21.16
FR,2002,011200,48.02
FR,2002,011300,11.1
FR,2002,011400,24.12
FR,2002,011500,4.44
FR,2002,011600,10.61
FR,2002,011700,14.59
FR,2002,011800,11.39
FR,2002,011900,13.08
FR,2002,012100,2.87
FR,2002,012200,2.99
FR,2002,012300,0.65
FR,2002,012500,3.48
FR,2002,012600,0.89
FR,2002,012900,0.66
FR,2002,021100,5.41
FR,2002,021200,10.97
FR,2002,021300,2.28
FR,2002,023000,21.05
FR,2002,031200,37.0
FR,2002,031300,2.74
FR,2002,031400,1.8
FR,2002,032100,12.08
FR,2002,032200,0.54
FR,2002,041100,59.45
FR,2002,043100,3.63
FR,2002,043200,13.26
FR,2002,044100,6.72
FR,2002,044200,4.98
FR,2002,044300,4.01
FR,2002,044400,4.85
FR,2002,045100,21.75
FR,2002,045200,12.19
FR,2002,045300,5.52
FR,2002,045400,0.76
FR,2002,045500,1.75
FR,2002,051100,19.6
FR,2002,051200,1.11
FR,2002,052100,6.11
FR,2002,053100,8.28
FR,2002,053200,2.91
FR,2002,053300,0.85
FR,2002,054000,5.62
FR,2002,055100,0.91
FR,2002,055200,1.95
FR,2002,055300,0.47
FR,2002,056100,8.57
FR,2002,056200,11.95
FR,2002,061100,13.46
FR,2002,061200,0.97
FR,2002,061300,3.32
FR,2002,062100,0.93
FR,2002,062200,5.45
FR,2002,062300,9.31
FR,2002,063100,5.54
FR,2002,063200,1.25
FR,2002,064100,1.34
FR,2002,064200,0.0
FR,2002,071100,43.48
FR,2002,071200,2.41
FR,2002,071300,1.43
FR,2002,072100,7.09
FR,2002,072200,37.61
FR,2002,072300,46.51
FR,2002,072400,11.14
FR,2002,073100,5.35
FR,2002,073200,8.28
FR,2002,073300,8.84
FR,2002,073400,0.44
FR,2002,073500,3.76
FR,2002,074100,2.34
FR,2002,074900,0.83
FR,2002,081100,0.43
FR,2002,081200,0.23
FR,2002,081300,3.03
FR,2002,081400,8.39
FR,2002,081500,1.46
FR,2002,081900,0.07
FR,2002,083100,6.24
FR,2002,083200,17.48
FR,2002,083300,0.0
FR,2002,083400,0.0
FR,2002,083500,1.24
FR,2002,083900,8.33
FR,2002,091100,2.53
FR,2002,091200,2.07
FR,2002,092100,5.12
FR,2002,092200,3.53
FR,2002,093100,5.28
FR,2002,093200,3.71
FR,2002,094200,0.0
FR,2002,094400,0.0
FR,2002,094500,2.34
FR,2002,094600,9.4
FR,2002,094700,0.0
FR,2002,095100,0.63
FR,2002,095200,4.77
FR,2002,096100,3.21
FR,2002,096200,4.67
FR,2002,096300,3.9
FR,2002,096900,1.26
FR,2002,097100,4.24
FR,2002,097200,8.53
FR,2002,097300,0.71
FR,2002,097400,2.23
FR,2002,098000,2.95
FR,2002,101000,0.33
FR,2002,102000,1.93
FR,2002,104000,2.26
FR,2002,105000,0.56
FR,2002,111100,56.88
FR,2002,111200,15.05
FR,2002,112000,17.94
FR,2002,121100,0.0
FR,2002,121200,7.2
FR,2002,121300,4.83
FR,2002,121400,4.58
FR,2002,121900,0.0
FR,2002,122200,7.19
FR,2002,122900,0.0
FR,2002,131100,0.16
FR,2002,131200,22.2
FR,2002,131300,11.64
FR,2002,132100,7.44
FR,2002,132900,6.53
FR,2002,133000,9.83
FR,2002,139000,13.12
FR,2003,011100,21.07
FR,2003,011200,45.99
FR,2003,011300,11.09
FR,2003,011400,23.73
FR,2003,011500,4.39
FR,2003,011600,10.59
FR,2003,011700,13.79
FR,2003,011800,11.54
FR,2003,011900,13.03
FR,2003,012100,2.92
FR,2003,012200,2.91
FR,2003,012300,0.62
FR,2003,012500,3.43
FR,2003,012600,0.92
FR,2003,012900,0.67
FR,2003,021100,5.33
FR,2003,021200,10.86
FR,2003,021300,2.26
FR,2003,023000,22.02
FR,2003,031200,35.54
FR,2003,031300,2.87
FR,2003,031400,1.8
FR,2003,032100,11.83
FR,2003,032200,0.55
FR,2003,041100,61.17
FR,2003,043100,3.49
FR,2003,043200,13.45
FR,2003,044100,6.55
FR,2003,044200,5.19
FR,2003,044300,3.94
FR,2003,044400,4.84
FR,2003,045100,21.67
FR,2003,045200,12.31
FR,2003,045300,7.11
FR,2003,045400,0.7
FR,2003,045500,1.65
FR,2003,051100,18.78
FR,2003,051200,1.13
FR,2003,052100,5.78
FR,2003,053100,7.8
FR,2003,053200,2.69
FR,2003,053300,0.81
FR,2003,054000,5.41
FR,2003,055100,0.81
FR,2003,055200,1.92
FR,2003,055300,0.5
FR,2003,056100,8.66
FR,2003,056200,12.47
FR,2003,061100,13.83
FR,2003,061200,1.01
FR,2003,061300,3.65
FR,2003,062100,0.99
FR,2003,062200,5.58
FR,2003,062300,9.78
FR,2003,063100,5.38
FR,2003,063200,1.21
FR,2003,064100,1.37
FR,2003,064200,0.0
FR,2003,071100,44.27
FR,2003,071200,2.32
FR,2003,071300,1.2
FR,2003,072100,7.15
FR,2003,072200,38.62
FR,2003,072300,47.4
FR,2003,072400,10.98
FR,2003,073100,4.98
FR,2003,073200,8.34
FR,2003,073300,7.79
FR,2003,073400,0.41
FR,2003,073500,3.79
FR,2003,074100,2.32
FR,2003,074900,0.84
FR,2003,081100,0.55
FR,2003,081200,0.06
FR,2003,081300,2.28
FR,2003,081400,7.68
FR,2003,081500,1.27
FR,2003,081900,0.07
FR,2003,083100,6.66
FR,2003,083200,18.66
FR,2003,083300,0.0
FR,2003,083400,0.0
FR,2003,083500,1.2
FR,2003,083900,8.25
FR,2003,091100,2.31
FR,2003,091200,1.96
FR,2003,092100,5.36
FR,2003,092200,3.54
FR,2003,093100,5.23
FR,2003,093200,3.68
FR,2003,094200,0.0
FR,2003,094400,0.0
FR,2003,094500,2.43
FR,2003,094600,9.75
FR,2003,094700,0.0
FR,2003,095100,0.58
FR,2003,095200,5.4
FR,2003,096100,3.43
FR,2003,096200,4.8
FR,2003,096300,3.81
FR,2003,096900,1.3
FR,2003,097100,4.39
FR,2003,097200,8.3
FR,2003,097300,0.64
FR,2003,097400,2.26
FR,2003,098000,2.78
FR,2003,101000,0.34
FR,2003,102000,1.97
FR,2003,104000,2.28
FR,2003,105000,0.57
FR,2003,111100,57.28
FR,2003,111200,15.24
FR,2003,112000,18.22
FR,2003,121100,0.0
FR,2003,121200,6.95
FR,2003,121300,4.79
FR,2003,121400,4.97
FR,2003,121900,0.0
FR,2003,122200,7.06
FR,2003,122900,0.0
FR,2003,131100,0.16
FR,2003,131200,21.91
FR,2003,131300,11.05
FR,2003,132100,7.25
FR,2003,132900,6.68
FR,2003,133000,9.65
FR,2003,139000,13.07
FR,2004,011100,21.06
FR,2004,011200,44.26
FR,2004,011300,10.67
FR,2004,011400,23.76
FR,2004,011500,4.33
FR,2004,011600,11.09
FR,2004,011700,13.88
FR,2004,011800,12.05
FR,2004,011900,13.09
FR,2004,012100,2.97
FR,2004,012200,2.96
FR,2004,012300,0.62
FR,2004,012500,3.51
FR,2004,012600,0.94
FR,2004,012900,0.68
FR,2004,021100,5.26
FR,2004,021200,10.94
FR,2004,021300,2.23
FR,2004,023000,22.49
FR,2004,031200,34.49
FR,2004,031300,2.78
FR,2004,031400,1.73
FR,2004,032100,11.4
FR,2004,032200,0.52
FR,2004,041100,62.95
FR,2004,043100,3.35
FR,2004,043200,13.54
FR,2004,044100,6.61
FR,2004,044200,5.73
FR,2004,044300,4.0
FR,2004,044400,4.96
FR,2004,045100,21.48
FR,2004,045200,10.83
FR,2004,045300,6.5
FR,2004,045400,0.75
FR,2004,045500,1.63
FR,2004,051100,17.3
FR,2004,051200,1.04
FR,2004,052100,5.67
FR,2004,053100,7.4
FR,2004,053200,2.81
FR,2004,053300,0.77
FR,2004,054000,5.38
FR,2004,055100,0.83
FR,2004,055200,1.87
FR,2004,055300,0.52
FR,2004,056100,8.5
FR,2004,056200,13.05
FR,2004,061100,14.33
FR,2004,061200,1.08
FR,2004,061300,3.77
FR,2004,062100,0.97
FR,2004,062200,5.66
FR,2004,062300,9.76
FR,2004,063100,5.9
FR,2004,063200,1.33
FR,2004,064100,1.57
FR,2004,064200,0.0
FR,2004,071100,43.39
FR,2004,071200,2.19
FR,2004,071300,1.34
FR,2004,072100,7.16
FR,2004,072200,37.44
FR,2004,072300,48.69
FR,2004,072400,11.24
FR,2004,073100,5.13
FR,2004,073200,8.42
FR,2004,073300,7.78
FR,2004,073400,0.44
FR,2004,073500,3.91
FR,2004,074100,2.51
FR,2004,074900,0.85
FR,2004,081100,0.24
FR,2004,081200,0.24
FR,2004,081300,2.23
FR,2004,081400,6.82
FR,2004,081500,1.06
FR,2004,081900,0.07
FR,2004,083100,6.46
FR,2004,083200,18.1
FR,2004,083300,0.0
FR,2004,083400,0.0
FR,2004,083500,1.2
FR,2004,083900,8.17
FR,2004,091100,2.18
FR,2004,091200,1.94
FR,2004,092100,5.63
FR,2004,092200,3.64
FR,2004,093100,5.18
FR,2004,093200,3.7
FR,2004,094200,0.0
FR,2004,094400,0.0
FR,2004,094500,2.49
FR,2004,094600,10.08
FR,2004,094700,0.0
FR,2004,095100,0.54
FR,2004,095200,6.26
FR,2004,096100,3.56
FR,2004,096200,5.06
FR,2004,096300,3.68
FR,2004,096900,1.35
FR,2004,097100,4.4
FR,2004,097200,8.02
FR,2004,097300,0.58
FR,2004,097400,2.15
FR,2004,098000,2.73
FR,2004,101000,0.35
FR,2004,102000,1.98
FR,2004,104000,2.29
FR,2004,105000,0.57
FR,2004,111100,56.51
FR,2004,111200,16.2
FR,2004,112000,18.72
FR,2004,121100,0.0
FR,2004,121200,7.78
FR,2004,121300,4.88
FR,2004,121400,5.43
FR,2004,121900,0.0
FR,2004,122200,7.11
FR,2004,122900,0.0
FR,2004,131100,0.15
FR,2004,131200,22.61
FR,2004,131300,10.82
FR,2004,132100,6.48
FR,2004,132900,6.57
FR,2004,133000,10.69
FR,2004,139000,12.93
FR,2005,011100,21.49
FR,2005,011200,43.37
FR,2005,011300,11.27
FR,2005,011400,24.27
FR,2005,011500,4.31
FR,2005,011600,10.3
FR,2005,011700,14.36
FR,2005,011800,12.52
FR,2005,011900,14.11
FR,2005,012100,3.35
FR,2005,012200,3.02
FR,2005,012300,0.65
FR,2005,012500,3.87
FR,2005,012600,1.02
FR,2005,012900,0.75
FR,2005,021100,5.37
FR,2005,021200,11.34
FR,2005,021300,2.19
FR,2005,023000,21.09
FR,2005,031200,41.21
FR,2005,031300,3.51
FR,2005,031400,1.59
FR,2005,032100,10.72
FR,2005,032200,0.5
FR,2005,041100,63.7
FR,2005,043100,3.78
FR,2005,043200,13.28
FR,2005,044100,4.64
FR,2005,044200,3.87
FR,2005,044300,4.78
FR,2005,044400,4.87
FR,2005,045100,22.18
FR,2005,045200,12.03
FR,2005,045300,7.79
FR,2005,045400,0.52
FR,2005,045500,1.63
FR,2005,051100,15.94
FR,2005,051200,1.32
FR,2005,052100,4.74
FR,2005,053100,7.86
FR,2005,053200,1.59
FR,2005,053300,0.78
FR,2005,054000,6.51
FR,2005,055100,1.9
FR,2005,055200,2.08
FR,2005,055300,0.48
FR,2005,056100,10.27
FR,2005,056200,9.89
FR,2005,061100,13.37
FR,2005,061200,0.11
FR,2005,061300,6.22
FR,2005,062100,0.97
FR,2005,062200,6.82
FR,2005,062300,8.89
FR,2005,063100,3.21
FR,2005,063200,0.72
FR,2005,064100,1.26
FR,2005,064200,0.0
FR,2005,071100,44.82
FR,2005,071200,2.11
FR,2005,071300,1.43
FR,2005,072100,7.84
FR,2005,072200,42.56
FR,2005,072300,48.62
FR,2005,072400,11.22
FR,2005,073100,4.98
FR,2005,073200,5.86
FR,2005,073300,7.17
FR,2005,073400,0.43
FR,2005,073500,2.41
FR,2005,074100,2.43
FR,2005,074900,0.84
FR,2005,081100,0.6
FR,2005,081200,1.4
FR,2005,081300,6.76
FR,2005,081400,6.21
FR,2005,081500,1.19
FR,2005,081900,0.06
FR,2005,083100,5.52
FR,2005,083200,15.45
FR,2005,083300,6.18
FR,2005,083400,0.0
FR,2005,083500,1.69
FR,2005,083900,8.19
FR,2005,091100,2.37
FR,2005,091200,1.66
FR,2005,092100,4.98
FR,2005,092200,4.62
FR,2005,093100,6.9
FR,2005,093200,3.8
FR,2005,094200,0.0
FR,2005,094400,0.0
FR,2005,094500,2.8
FR,2005,094600,8.43
FR,2005,094700,0.0
FR,2005,095100,0.25
FR,2005,095200,4.54
FR,2005,096100,3.2
FR,2005,096200,4.18
FR,2005,096300,2.45
FR,2005,096900,1.2
FR,2005,097100,4.68
FR,2005,097200,9.59
FR,2005,097300,0.71
FR,2005,097400,2.93
FR,2005,098000,3.07
FR,2005,101000,0.35
FR,2005,102000,2.01
FR,2005,104000,2.28
FR,2005,105000,0.57
FR,2005,111100,46.56
FR,2005,111200,14.3
FR,2005,112000,15.13
FR,2005,121100,0.0
FR,2005,121200,8.33
FR,2005,121300,4.86
FR,2005,121400,6.08
FR,2005,121900,0.0
FR,2005,122200,6.25
FR,2005,122900,0.0
FR,2005,131100,0.37
FR,2005,131200,22.5
FR,2005,131300,10.79
FR,2005,132100,6.78
FR,2005,132900,5.95
FR,2005,133000,12.76
FR,2005,139000,11.57
FR,2006,011100,20.44
FR,2006,011200,42.0
FR,2006,011300,11.12
FR,2006,011400,23.32
FR,2006,011500,4.18
FR,2006,011600,11.18
FR,2006,011700,13.99
FR,2006,011800,11.93
FR,2006,011900,13.87
FR,2006,012100,3.12
FR,2006,012200,3.05
FR,2006,012300,0.6
FR,2006,012500,3.75
FR,2006,012600,0.96
FR,2006,012900,0.72
FR,2006,021100,4.99
FR,2006,021200,10.57
FR,2006,021300,2.06
FR,2006,023000,19.95
FR,2006,031200,40.77
FR,2006,031300,3.52
FR,2006,031400,1.56
FR,2006,032100,10.76
FR,2006,032200,0.49
FR,2006,041100,63.99
FR,2006,043100,4.02
FR,2006,043200,12.52
FR,2006,044100,4.59
FR,2006,044200,4.03
FR,2006,044300,4.99
FR,2006,044400,4.9
FR,2006,045100,22.03
FR,2006,045200,13.15
FR,2006,045300,9.0
FR,2006,045400,0.51
FR,2006,045500,1.6
FR,2006,051100,16.59
FR,2006,051200,1.26
FR,2006,052100,4.7
FR,2006,053100,7.89
FR,2006,053200,1.75
FR,2006,053300,0.76
FR,2006,054000,6.71
FR,2006,055100,2.2
FR,2006,055200,2.15
FR,2006,055300,0.5
FR,2006,056100,9.94
FR,2006,056200,9.6
FR,2006,061100,13.35
FR,2006,061200,0.11
FR,2006,061300,6.1
FR,2006,062100,0.99
FR,2006,062200,6.76
FR,2006,062300,9.12
FR,2006,063100,3.58
FR,2006,063200,0.81
FR,2006,064100,1.23
FR,2006,064200,0.0
FR,2006,071100,43.74
FR,2006,071200,2.09
FR,2006,071300,1.49
FR,2006,072100,7.0
FR,2006,072200,44.44
FR,2006,072300,48.62
FR,2006,072400,10.84
FR,2006,073100,5.04
FR,2006,073200,6.01
FR,2006,073300,8.2
FR,2006,073400,0.43
FR,2006,073500,2.43
FR,2006,074100,2.43
FR,2006,074900,0.81
FR,2006,081100,0.51
FR,2006,081200,1.19
FR,2006,081300,6.11
FR,2006,081400,7.71
FR,2006,081500,1.26
FR,2006,081900,0.05
FR,2006,083100,5.58
FR,2006,083200,15.62
FR,2006,083300,6.24
FR,2006,083400,0.0
FR,2006,083500,1.59
FR,2006,083900,8.06
FR,2006,091100,3.13
FR,2006,091200,2.04
FR,2006,092100,4.78
FR,2006,092200,4.75
FR,2006,093100,7.24
FR,2006,093200,3.72
FR,2006,094200,0.0
FR,2006,094400,0.0
FR,2006,094500,2.82
FR,2006,094600,8.95
FR,2006,094700,0.0
FR,2006,095100,0.25
FR,2006,095200,4.33
FR,2006,096100,3.33
FR,2006,096200,4.57
FR,2006,096300,2.16
FR,2006,096900,1.18
FR,2006,097100,4.55
FR,2006,097200,8.94
FR,2006,097300,0.7
FR,2006,097400,3.39
FR,2006,098000,3.13
FR,2006,101000,0.36
FR,2006,102000,2.06
FR,2006,104000,2.37
FR,2006,105000,0.59
FR,2006,111100,44.79
FR,2006,111200,13.91
FR,2006,112000,14.68
FR,2006,121100,0.0
FR,2006,121200,10.6
FR,2006,121300,6.15
FR,2006,121400,6.67
FR,2006,121900,0.0
FR,2006,122200,6.32
FR,2006,122900,0.0
FR,2006,131100,0.37
FR,2006,131200,20.79
FR,2006,131300,10.91
FR,2006,132100,6.9
FR,2006,132900,5.62
FR,2006,133000,13.44
FR,2006,139000,11.64
FR,2007,011100,20.25
FR,2007,011200,41.33
FR,2007,011300,11.44
FR,2007,011400,22.84
FR,2007,011500,4.21
FR,2007,011600,10.89
FR,2007,011700,14.4
FR,2007,011800,11.57
FR,2007,011900,13.71
FR,2007,012100,3.37
FR,2007,012200,3.02
FR,2007,012300,0.58
FR,2007,012500,3.89
FR,2007,012600,0.96
FR,2007,012900,0.71
FR,2007,021100,4.89
FR,2007,021200,10.18
FR,2007,021300,2.06
FR,2007,023000,19.16
FR,2007,031200,39.72
FR,2007,031300,3.46
FR,2007,031400,1.53
FR,2007,032100,10.17
FR,2007,032200,0.47
FR,2007,041100,65.07
FR,2007,043100,4.2
FR,2007,043200,12.59
FR,2007,044100,4.56
FR,2007,044200,4.23
FR,2007,044300,4.78
FR,2007,044400,5.03
FR,2007,045100,21.87
FR,2007,045200,13.78
FR,2007,045300,8.4
FR,2007,045400,0.51
FR,2007,045500,1.64
FR,2007,051100,16.99
FR,2007,051200,1.24
FR,2007,052100,4.8
FR,2007,053100,7.65
FR,2007,053200,1.75
FR,2007,053300,0.72
FR,2007,054000,6.65
FR,2007,055100,2.08
FR,2007,055200,2.17
FR,2007,055300,0.53
FR,2007,056100,10.0
FR,2007,056200,9.66
FR,2007,061100,12.56
FR,2007,061200,0.13
FR,2007,061300,5.87
FR,2007,062100,1.06
FR,2007,062200,6.74
FR,2007,062300,9.87
FR,2007,063100,3.96
FR,2007,063200,0.89
FR,2007,064100,1.4
FR,2007,064200,0.0
FR,2007,071100,44.16
FR,2007,071200,2.12
FR,2007,071300,1.41
FR,2007,072100,7.74
FR,2007,072200,41.49
FR,2007,072300,48.98
FR,2007,072400,10.95
FR,2007,073100,5.09
FR,2007,073200,5.87
FR,2007,073300,8.54
FR,2007,073400,0.4
FR,2007,073500,2.42
FR,2007,074100,2.41
FR,2007,074900,0.8
FR,2007,081100,0.49
FR,2007,081200,1.15
FR,2007,081300,6.24
FR,2007,081400,7.6
FR,2007,081500,0.96
FR,2007,081900,0.06
FR,2007,083100,5.71
FR,2007,083200,15.98
FR,2007,083300,6.39
FR,2007,083400,0.0
FR,2007,083500,1.55
FR,2007,083900,8.26
FR,2007,091100,2.98
FR,2007,091200,2.09
FR,2007,092100,5.03
FR,2007,092200,4.89
FR,2007,093100,7.16
FR,2007,093200,3.83
FR,2007,094200,0.0
FR,2007,094400,0.0
FR,2007,094500,2.83
FR,2007,094600,9.04
FR,2007,094700,0.0
FR,2007,095100,0.24
FR,2007,095200,3.84
FR,2007,096100,3.4
FR,2007,096200,4.71
FR,2007,096300,1.9
FR,2007,096900,1.2
FR,2007,097100,4.44
FR,2007,097200,8.73
FR,2007,097300,0.72
FR,2007,097400,3.41
FR,2007,098000,2.91
FR,2007,101000,0.37
FR,2007,102000,2.12
FR,2007,104000,2.46
FR,2007,105000,0.61
FR,2007,111100,44.46
FR,2007,111200,13.93
FR,2007,112000,15.72
FR,2007,121100,0.0
FR,2007,121200,11.18
FR,2007,121300,6.31
FR,2007,121400,6.73
FR,2007,121900,0.0
FR,2007,122200,6.26
FR,2007,122900,0.0
FR,2007,131100,0.4
FR,2007,131200,21.14
FR,2007,131300,10.98
FR,2007,132100,7.55
FR,2007,132900,5.76
FR,2007,133000,13.71
FR,2007,139000,11.93
FR,2008,011100,20.34
FR,2008,011200,40.32
FR,2008,011300,10.93
FR,2008,011400,23.91
FR,2008,011500,3.98
FR,2008,011600,10.75
FR,2008,011700,13.86
FR,2008,011800,11.57
FR,2008,011900,13.48
FR,2008,012100,3.52
FR,2008,012200,2.98
FR,2008,012300,0.55
FR,2008,012500,3.93
FR,2008,012600,0.98
FR,2008,012900,0.72
FR,2008,021100,4.82
FR,2008,021200,10.09
FR,2008,021300,1.98
FR,2008,023000,19.93
FR,2008,031200,39.02
FR,2008,031300,3.35
FR,2008,031400,1.44
FR,2008,032100,10.28
FR,2008,032200,0.45
FR,2008,041100,64.93
FR,2008,043100,4.43
FR,2008,043200,12.63
FR,2008,044100,4.63
FR,2008,044200,4.09
FR,2008,044300,4.71
FR,2008,044400,5.03
FR,2008,045100,21.51
FR,2008,045200,11.58
FR,2008,045300,8.87
FR,2008,045400,0.53
FR,2008,045500,1.67
FR,2008,051100,17.12
FR,2008,051200,1.29
FR,2008,052100,4.72
FR,2008,053100,7.99
FR,2008,053200,1.85
FR,2008,053300,0.68
FR,2008,054000,6.65
FR,2008,055100,2.11
FR,2008,055200,2.26
FR,2008,055300,0.5
FR,2008,056100,10.23
FR,2008,056200,9.18
FR,2008,061100,12.88
FR,2008,061200,0.14
FR,2008,061300,5.94
FR,2008,062100,1.0
FR,2008,062200,6.76
FR,2008,062300,9.4
FR,2008,063100,4.03
FR,2008,063200,0.91
FR,2008,064100,1.27
FR,2008,064200,0.16
FR,2008,071100,42.88
FR,2008,071200,2.24
FR,2008,071300,1.46
FR,2008,072100,7.82
FR,2008,072200,43.3
FR,2008,072300,48.28
FR,2008,072400,10.77
FR,2008,073100,5.05
FR,2008,073200,5.96
FR,2008,073300,8.99
FR,2008,073400,0.39
FR,2008,073500,2.37
FR,2008,074100,2.22
FR,2008,074900,0.75
FR,2008,081100,0.61
FR,2008,081200,1.42
FR,2008,081300,6.79
FR,2008,081400,9.01
FR,2008,081500,0.84
FR,2008,081900,0.06
FR,2008,083100,6.27
FR,2008,083200,17.56
FR,2008,083300,7.02
FR,2008,083400,0.0
FR,2008,083500,1.53
FR,2008,083900,8.12
FR,2008,091100,3.3
FR,2008,091200,2.25
FR,2008,092100,5.38
FR,2008,092200,4.94
FR,2008,093100,7.15
FR,2008,093200,3.99
FR,2008,094200,0.0
FR,2008,094400,0.0
FR,2008,094500,2.77
FR,2008,094600,8.75
FR,2008,094700,0.0
FR,2008,095100,0.25
FR,2008,095200,3.58
FR,2008,096100,3.28
FR,2008,096200,4.77
FR,2008,096300,1.74
FR,2008,096900,1.15
FR,2008,097100,4.2
FR,2008,097200,8.46
FR,2008,097300,0.74
FR,2008,097400,3.54
FR,2008,098000,2.86
FR,2008,101000,0.34
FR,2008,102000,1.87
FR,2008,104000,2.22
FR,2008,105000,0.55
FR,2008,111100,44.29
FR,2008,111200,13.66
FR,2008,112000,15.61
FR,2008,121100,0.0
FR,2008,121200,11.73
FR,2008,121300,6.49
FR,2008,121400,6.71
FR,2008,121900,0.0
FR,2008,122200,6.34
FR,2008,122900,0.0
FR,2008,131100,0.43
FR,2008,131200,20.77
FR,2008,131300,10.42
FR,2008,132100,6.84
FR,2008,132900,6.07
FR,2008,133000,14.03
FR,2008,139000,11.94
FR,2009,011100,20.52
FR,2009,011200,40.19
FR,2009,011300,11.19
FR,2009,011400,24.37
FR,2009,011500,4.11
FR,2009,011600,9.97
FR,2009,011700,14.09
FR,2009,011800,11.58
FR,2009,011900,14.17
FR,2009,012100,3.61
FR,2009,012200,3.15
FR,2009,012300,0.56
FR,2009,012500,3.77
FR,2009,012600,1.01
FR,2009,012900,0.74
FR,2009,021100,4.63
FR,2009,021200,10.38
FR,2009,021300,1.88
FR,2009,023000,18.68
FR,2009,031200,37.77
FR,2009,031300,3.25
FR,2009,031400,1.43
FR,2009,032100,10.11
FR,2009,032200,0.46
FR,2009,041100,65.13
FR,2009,043100,4.65
FR,2009,043200,13.36
FR,2009,044100,4.71
FR,2009,044200,4.16
FR,2009,044300,4.71
FR,2009,044400,5.16
FR,2009,045100,20.52
FR,2009,045200,13.74
FR,2009,045300,6.87
FR,2009,045400,0.56
FR,2009,045500,2.12
FR,2009,051100,17.55
FR,2009,051200,1.34
FR,2009,052100,4.91
FR,2009,053100,7.61
FR,2009,053200,1.82
FR,2009,053300,0.66
FR,2009,054000,6.78
FR,2009,055100,2.17
FR,2009,055200,2.23
FR,2009,055300,0.53
FR,2009,056100,10.55
FR,2009,056200,9.66
FR,2009,061100,13.26
FR,2009,061200,0.15
FR,2009,061300,6.06
FR,2009,062100,1.05
FR,2009,062200,6.81
FR,2009,062300,9.74
FR,2009,063100,3.98
FR,2009,063200,0.9
FR,2009,064100,1.37
FR,2009,064200,0.19
FR,2009,071100,42.93
FR,2009,071200,2.21
FR,2009,071300,1.47
FR,2009,072100,8.33
FR,2009,072200,37.21
FR,2009,072300,50.59
FR,2009,072400,11.22
FR,2009,073100,5.11
FR,2009,073200,5.88
FR,2009,073300,9.8
FR,2009,073400,0.39
FR,2009,073500,2.41
FR,2009,074100,2.19
FR,2009,074900,0.77
FR,2009,081100,0.48
FR,2009,081200,1.11
FR,2009,081300,6.93
FR,2009,081400,8.13
FR,2009,081500,0.79
FR,2009,081900,0.06
FR,2009,083100,6.89
FR,2009,083200,16.94
FR,2009,083300,4.88
FR,2009,083400,0.0
FR,2009,083500,1.56
FR,2009,083900,8.18
FR,2009,091100,2.75
FR,2009,091200,2.28
FR,2009,092100,5.35
FR,2009,092200,5.14
FR,2009,093100,7.01
FR,2009,093200,4.12
FR,2009,094200,0.0
FR,2009,094400,0.0
FR,2009,094500,2.9
FR,2009,094600,8.83
FR,2009,094700,0.0
FR,2009,095100,0.24
FR,2009,095200,2.82
FR,2009,096100,3.47
FR,2009,096200,4.99
FR,2009,096300,1.67
FR,2009,096900,1.16
FR,2009,097100,4.18
FR,2009,097200,8.38
FR,2009,097300,0.73
FR,2009,097400,3.54
FR,2009,098000,3.16
FR,2009,101000,0.41
FR,2009,102000,2.3
FR,2009,104000,2.6
FR,2009,105000,0.65
FR,2009,111100,45.52
FR,2009,111200,14.03
FR,2009,112000,16.61
FR,2009,121100,0.0
FR,2009,121200,10.97
FR,2009,121300,6.27
FR,2009,121400,6.53
FR,2009,121900,0.0
FR,2009,122200,6.17
FR,2009,122900,0.0
FR,2009,131100,0.43
FR,2009,131200,21.27
FR,2009,131300,10.72
FR,2009,132100,7.36
FR,2009,132900,6.28
FR,2009,133000,14.18
FR,2009,139000,11.88
FR,2010,011100,20.42
FR,2010,011200,39.21
FR,2010,011300,11.04
FR,2010,011400,23.53
FR,2010,011500,3.89
FR,2010,011600,9.8
FR,2010,011700,13.4
FR,2010,011800,11.79
FR,2010,011900,14.39
FR,2010,012100,3.79
FR,2010,012200,3.12
FR,2010,012300,0.62
FR,2010,012500,3.49
FR,2010,012600,1.04
FR,2010,012900,0.71
FR,2010,021100,4.67
FR,2010,021200,10.27
FR,2010,021300,1.75
FR,2010,023000,19.07
FR,2010,031200,36.99
FR,2010,031300,3.11
FR,2010,031400,1.44
FR,2010,032100,10.14
FR,2010,032200,0.46
FR,2010,041100,66.24
FR,2010,043100,4.55
FR,2010,043200,13.79
FR,2010,044100,5.1
FR,2010,044200,4.34
FR,2010,044300,4.85
FR,2010,044400,5.38
FR,2010,045100,21.79
FR,2010,045200,12.23
FR,2010,045300,7.45
FR,2010,045400,0.62
FR,2010,045500,2.12
FR,2010,051100,16.96
FR,2010,051200,1.3
FR,2010,052100,4.74
FR,2010,053100,7.6
FR,2010,053200,1.92
FR,2010,053300,0.64
FR,2010,054000,6.83
FR,2010,055100,2.23
FR,2010,055200,2.23
FR,2010,055300,0.56
FR,2010,056100,10.56
FR,2010,056200,10.0
FR,2010,061100,13.53
FR,2010,061200,0.16
FR,2010,061300,6.07
FR,2010,062100,1.09
FR,2010,062200,6.84
FR,2010,062300,10.13
FR,2010,063100,4.2
FR,2010,063200,0.95
FR,2010,064100,1.4
FR,2010,064200,0.22
FR,2010,071100,40.69
FR,2010,071200,2.29
FR,2010,071300,1.49
FR,2010,072100,8.14
FR,2010,072200,37.88
FR,2010,072300,49.75
FR,2010,072400,12.87
FR,2010,073100,5.57
FR,2010,073200,5.92
FR,2010,073300,10.05
FR,2010,073400,0.41
FR,2010,073500,2.47
FR,2010,074100,2.15
FR,2010,074900,0.7
FR,2010,081100,0.46
FR,2010,081200,1.01
FR,2010,081300,7.19
FR,2010,081400,7.5
FR,2010,081500,0.79
FR,2010,081900,0.06
FR,2010,083100,7.05
FR,2010,083200,17.33
FR,2010,083300,4.99
FR,2010,083400,0.0
FR,2010,083500,1.56
FR,2010,083900,8.43
FR,2010,091100,2.75
FR,2010,091200,2.17
FR,2010,092100,5.73
FR,2010,092200,4.97
FR,2010,093100,7.13
FR,2010,093200,4.09
FR,2010,094200,0.0
FR,2010,094400,0.0
FR,2010,094500,2.97
FR,2010,094600,9.25
FR,2010,094700,0.0
FR,2010,095100,0.24
FR,2010,095200,2.5
FR,2010,096100,3.64
FR,2010,096200,5.44
FR,2010,096300,1.61
FR,2010,096900,1.22
FR,2010,097100,4.09
FR,2010,097200,8.56
FR,2010,097300,0.77
FR,2010,097400,3.55
FR,2010,098000,3.07
FR,2010,101000,0.38
FR,2010,102000,2.25
FR,2010,104000,2.46
FR,2010,105000,0.61
FR,2010,111100,42.7
FR,2010,111200,14.47
FR,2010,112000,16.88
FR,2010,121100,0.0
FR,2010,121200,11.44
FR,2010,121300,6.32
FR,2010,121400,6.89
FR,2010,121900,0.0
FR,2010,122200,6.41
FR,2010,122900,0.0
FR,2010,131100,0.44
FR,2010,131200,21.23
FR,2010,131300,10.61
FR,2010,132100,7.26
FR,2010,132900,6.43
FR,2010,133000,14.4
FR,2010,139000,11.5
FR,2011,011100,20.63
FR,2011,011200,39.02
FR,2011,011300,9.29
FR,2011,011400,23.29
FR,2011,011500,3.8
FR,2011,011600,10.23
FR,2011,011700,14.53
FR,2011,011800,12.02
FR,2011,011900,13.82
FR,2011,012100,4.01
FR,2011,012200,3.16
FR,2011,012300,0.7
FR,2011,012500,3.45
FR,2011,012600,1.15
FR,2011,012900,0.71
FR,2011,021100,5.74
FR,2011,021200,10.44
FR,2011,021300,1.78
FR,2011,023000,21.31
FR,2011,031200,35.76
FR,2011,031300,3.02
FR,2011,031400,1.33
FR,2011,032100,10.84
FR,2011,032200,0.3
FR,2011,041100,65.32
FR,2011,043100,4.42
FR,2011,043200,13.0
FR,2011,044100,5.02
FR,2011,044200,4.79
FR,2011,044300,5.13
FR,2011,044400,5.51
FR,2011,045100,22.98
FR,2011,045200,14.12
FR,2011,045300,9.3
FR,2011,045400,0.71
FR,2011,045500,1.78
FR,2011,051100,17.29
FR,2011,051200,0.73
FR,2011,052100,4.77
FR,2011,053100,7.34
FR,2011,053200,1.99
FR,2011,053300,0.34
FR,2011,054000,6.55
FR,2011,055100,2.43
FR,2011,055200,2.17
FR,2011,055300,0.57
FR,2011,056100,10.4
FR,2011,056200,5.47
FR,2011,061100,13.56
FR,2011,061200,0.27
FR,2011,061300,6.37
FR,2011,062100,1.14
FR,2011,062200,7.02
FR,2011,062300,9.64
FR,2011,063100,1.48
FR,2011,063200,0.33
FR,2011,064100,1.35
FR,2011,064200,0.21
FR,2011,071100,42.51
FR,2011,071200,1.78
FR,2011,071300,1.42
FR,2011,072100,7.32
FR,2011,072200,44.02
FR,2011,072300,42.68
FR,2011,072400,10.85
FR,2011,073100,5.97
FR,2011,073200,5.98
FR,2011,073300,9.71
FR,2011,073400,0.43
FR,2011,073500,2.28
FR,2011,074100,2.13
FR,2011,074900,0.67
FR,2011,081100,0.4
FR,2011,081200,0.86
FR,2011,081300,5.7
FR,2011,081400,8.0
FR,2011,081500,2.88
FR,2011,081900,0.06
FR,2011,083100,7.01
FR,2011,083200,17.24
FR,2011,083300,4.96
FR,2011,083400,0.0
FR,2011,083500,1.62
FR,2011,083900,8.37
FR,2011,091100,2.78
FR,2011,091200,1.98
FR,2011,092100,5.37
FR,2011,092200,4.2
FR,2011,093100,7.45
FR,2011,093200,4.25
FR,2011,094200,0.0
FR,2011,094400,0.0
FR,2011,094500,2.96
FR,2011,094600,9.92
FR,2011,094700,0.0
FR,2011,095100,0.34
FR,2011,095200,2.44
FR,2011,096100,2.4
FR,2011,096200,3.92
FR,2011,096300,1.61
FR,2011,096900,1.21
FR,2011,097100,4.63
FR,2011,097200,8.55
FR,2011,097300,0.87
FR,2011,097400,3.91
FR,2011,098000,2.89
FR,2011,101000,0.54
FR,2011,102000,3.14
FR,2011,104000,3.29
FR,2011,105000,0.82
FR,2011,111100,52.33
FR,2011,111200,12.1
FR,2011,112000,18.43
FR,2011,121100,0.0
FR,2011,121200,11.59
FR,2011,121300,6.4
FR,2011,121400,6.98
FR,2011,121900,0.0
FR,2011,122200,6.43
FR,2011,122900,0.0
FR,2011,131100,0.44
FR,2011,131200,21.23
FR,2011,131300,9.33
FR,2011,132100,7.71
FR,2011,132900,5.94
FR,2011,133000,11.67
FR,2011,139000,11.22
FR,2012,011100,21.11
FR,2012,011200,39.72
FR,2012,011300,9.65
FR,2012,011400,24.07
FR,2012,011500,3.87
FR,2012,011600,10.63
FR,2012,011700,13.44
FR,2012,011800,12.43
FR,2012,011900,14.12
FR,2012,012100,4.27
FR,2012,012200,3.67
FR,2012,012300,0.78
FR,2012,012500,3.55
FR,2012,012600,1.26
FR,2012,012900,0.72
FR,2012,021100,5.59
FR,2012,021200,10.41
FR,2012,021300,1.71
FR,2012,023000,21.91
FR,2012,031200,36.06
FR,2012,031300,3.24
FR,2012,031400,1.32
FR,2012,032100,11.24
FR,2012,032200,0.3
FR,2012,041100,64.72
FR,2012,043100,4.46
FR,2012,043200,12.61
FR,2012,044100,4.99
FR,2012,044200,4.8
FR,2012,044300,5.28
FR,2012,044400,5.45
FR,2012,045100,25.82
FR,2012,045200,14.22
FR,2012,045300,9.76
FR,2012,045400,0.87
FR,2012,045500,1.8
FR,2012,051100,17.42
FR,2012,051200,0.69
FR,2012,052100,4.86
FR,2012,053100,7.36
FR,2012,053200,2.04
FR,2012,053300,0.34
FR,2012,054000,6.59
FR,2012,055100,2.29
FR,2012,055200,2.17
FR,2012,055300,0.58
FR,2012,056100,10.59
FR,2012,056200,6.0
FR,2012,061100,13.2
FR,2012,061200,0.29
FR,2012,061300,6.49
FR,2012,062100,1.12
FR,2012,062200,7.01
FR,2012,062300,9.5
FR,2012,063100,1.47
FR,2012,063200,0.33
FR,2012,064100,1.34
FR,2012,064200,0.27
FR,2012,071100,40.48
FR,2012,071200,1.65
FR,2012,071300,1.37
FR,2012,072100,16.79
FR,2012,072200,46.81
FR,2012,072300,34.64
FR,2012,072400,9.36
FR,2012,073100,5.91
FR,2012,073200,6.22
FR,2012,073300,9.75
FR,2012,073400,0.42
FR,2012,073500,2.29
FR,2012,074100,2.02
FR,2012,074900,0.7
FR,2012,081100,0.38
FR,2012,081200,0.87
FR,2012,081300,4.56
FR,2012,081400,7.64
FR,2012,081500,1.79
FR,2012,081900,0.06
FR,2012,083100,4.79
FR,2012,083200,15.37
FR,2012,083300,7.72
FR,2012,083400,0.0
FR,2012,083500,1.53
FR,2012,083900,8.14
FR,2012,091100,1.38
FR,2012,091200,2.04
FR,2012,092100,4.91
FR,2012,092200,4.36
FR,2012,093100,7.32
FR,2012,093200,4.34
FR,2012,094200,0.0
FR,2012,094400,0.0
FR,2012,094500,2.89
FR,2012,094600,10.03
FR,2012,094700,0.0
FR,2012,095100,0.33
FR,2012,095200,2.3
FR,2012,096100,2.53
FR,2012,096200,4.0
FR,2012,096300,1.48
FR,2012,096900,1.42
FR,2012,097100,4.46
FR,2012,097200,7.79
FR,2012,097300,0.86
FR,2012,097400,3.4
FR,2012,098000,2.99
FR,2012,101000,0.29
FR,2012,102000,1.6
FR,2012,104000,1.88
FR,2012,105000,0.47
FR,2012,111100,53.35
FR,2012,111200,12.29
FR,2012,112000,18.14
FR,2012,121100,0.0
FR,2012,121200,11.26
FR,2012,121300,6.63
FR,2012,121400,7.02
FR,2012,121900,0.0
FR,2012,122200,5.96
FR,2012,122900,0.0
FR,2012,131100,0.46
FR,2012,131200,21.6
FR,2012,131300,9.14
FR,2012,132100,8.34
FR,2012,132900,5.89
FR,2012,133000,12.27
FR,2012,139000,11.42
FR,2013,011100,21.62
FR,2013,011200,39.93
FR,2013,011300,9.36
FR,2013,011400,23.97
FR,2013,011500,3.79
FR,2013,011600,10.73
FR,2013,011700,14.19
FR,2013,011800,12.66
FR,2013,011900,14.34
FR,2013,012100,4.35
FR,2013,012200,3.58
FR,2013,012300,0.82
FR,2013,012500,3.55
FR,2013,012600,1.43
FR,2013,012900,0.77
FR,2013,021100,5.9
FR,2013,021200,10.5
FR,2013,021300,2.03
FR,2013,023000,22.82
FR,2013,031200,35.26
FR,2013,031300,3.23
FR,2013,031400,1.37
FR,2013,032100,11.23
FR,2013,032200,0.23
FR,2013,041100,65.19
FR,2013,043100,4.63
FR,2013,043200,13.18
FR,2013,044100,4.83
FR,2013,044200,4.71
FR,2013,044300,5.62
FR,2013,044400,5.57
FR,2013,045100,23.58
FR,2013,045200,13.29
FR,2013,045300,8.87
FR,2013,045400,1.12
FR,2013,045500,1.95
FR,2013,051100,17.61
FR,2013,051200,0.69
FR,2013,052100,5.25
FR,2013,053100,7.36
FR,2013,053200,2.08
FR,2013,053300,0.32
FR,2013,054000,7.11
FR,2013,055100,2.37
FR,2013,055200,2.04
FR,2013,055300,2.04
FR,2013,056100,11.88
FR,2013,056200,5.74
FR,2013,061100,13.05
FR,2013,061200,0.33
FR,2013,061300,6.78
FR,2013,062100,1.16
FR,2013,062200,7.13
FR,2013,062300,9.75
FR,2013,063100,1.46
FR,2013,063200,0.33
FR,2013,064100,1.35
FR,2013,064200,0.29
FR,2013,071100,36.53
FR,2013,071200,1.68
FR,2013,071300,1.47
FR,2013,072100,3.46
FR,2013,072200,45.72
FR,2013,072300,45.48
FR,2013,072400,12.37
FR,2013,073100,5.7
FR,2013,073200,6.58
FR,2013,073300,10.49
FR,2013,073400,0.44
FR,2013,073500,2.51
FR,2013,074100,1.99
FR,2013,074900,0.72
FR,2013,081100,0.41
FR,2013,081200,1.01
FR,2013,081300,4.78
FR,2013,081400,7.13
FR,2013,081500,1.75
FR,2013,081900,0.03
FR,2013,083100,4.34
FR,2013,083200,13.91
FR,2013,083300,6.98
FR,2013,083400,0.0
FR,2013,083500,1.55
FR,2013,083900,7.63
FR,2013,091100,1.19
FR,2013,091200,3.38
FR,2013,092100,4.85
FR,2013,092200,3.98
FR,2013,093100,7.77
FR,2013,093200,4.44
FR,2013,094200,0.0
FR,2013,094400,0.0
FR,2013,094500,3.01
FR,2013,094600,8.61
FR,2013,094700,0.0
FR,2013,095100,0.75
FR,2013,095200,2.07
FR,2013,096100,2.47
FR,2013,096200,4.07
FR,2013,096300,1.47
FR,2013,096900,1.49
FR,2013,097100,4.55
FR,2013,097200,7.32
FR,2013,097300,0.86
FR,2013,097400,3.45
FR,2013,098000,3.0
FR,2013,101000,0.31
FR,2013,102000,1.72
FR,2013,104000,1.89
FR,2013,105000,0.47
FR,2013,111100,54.53
FR,2013,111200,12.62
FR,2013,112000,18.73
FR,2013,121100,0.0
FR,2013,121200,10.23
FR,2013,121300,6.13
FR,2013,121400,7.35
FR,2013,121900,0.0
FR,2013,122200,6.37
FR,2013,122900,0.0
FR,2013,131100,0.48
FR,2013,131200,21.88
FR,2013,131300,9.2
FR,2013,132100,8.14
FR,2013,132900,5.07
FR,2013,133000,12.35
FR,2013,139000,12.59
FR,2014,011100,22.11
FR,2014,011200,40.43
FR,2014,011300,9.31
FR,2014,011400,23.96
FR,2014,011500,3.83
FR,2014,011600,10.89
FR,2014,011700,13.98
FR,2014,011800,12.68
FR,2014,011900,14.52
FR,2014,012100,4.28
FR,2014,012200,3.52
FR,2014,012300,0.84
FR,2014,012500,3.5
FR,2014,012600,1.38
FR,2014,012900,0.77
FR,2014,021100,5.83
FR,2014,021200,10.45
FR,2014,021300,2.33
FR,2014,023000,22.76
FR,2014,031200,34.2
FR,2014,031300,3.06
FR,2014,031400,1.42
FR,2014,032100,11.22
FR,2014,032200,0.23
FR,2014,041100,67.05
FR,2014,043100,4.25
FR,2014,043200,13.4
FR,2014,044100,4.85
FR,2014,044200,4.84
FR,2014,044300,5.56
FR,2014,044400,4.41
FR,2014,045100,27.72
FR,2014,045200,14.97
FR,2014,045300,8.74
FR,2014,045400,1.09
FR,2014,045500,2.02
FR,2014,051100,17.13
FR,2014,051200,0.67
FR,2014,052100,4.97
FR,2014,053100,7.42
FR,2014,053200,2.18
FR,2014,053300,0.3
FR,2014,054000,7.14
FR,2014,055100,2.32
FR,2014,055200,2.05
FR,2014,055300,2.08
FR,2014,056100,12.24
FR,2014,056200,5.84
FR,2014,061100,12.55
FR,2014,061200,0.32
FR,2014,061300,6.97
FR,2014,062100,1.19
FR,2014,062200,7.32
FR,2014,062300,10.04
FR,2014,063100,1.48
FR,2014,063200,0.33
FR,2014,064100,1.27
FR,2014,064200,0.29
FR,2014,071100,33.45
FR,2014,071200,1.6
FR,2014,071300,1.39
FR,2014,072100,2.07
FR,2014,072200,43.94
FR,2014,072300,46.04
FR,2014,072400,12.31
FR,2014,073100,5.9
FR,2014,073200,6.72
FR,2014,073300,10.49
FR,2014,073400,0.42
FR,2014,073500,2.66
FR,2014,074100,2.02
FR,2014,074900,0.68
FR,2014,081100,0.54
FR,2014,081200,1.36
FR,2014,081300,4.76
FR,2014,081400,6.06
FR,2014,081500,1.7
FR,2014,081900,0.03
FR,2014,083100,4.28
FR,2014,083200,13.71
FR,2014,083300,6.88
FR,2014,083400,0.0
FR,2014,083500,1.47
FR,2014,083900,7.61
FR,2014,091100,1.1
FR,2014,091200,3.14
FR,2014,092100,4.53
FR,2014,092200,4.07
FR,2014,093100,7.24
FR,2014,093200,4.57
FR,2014,094200,0.0
FR,2014,094400,0.0
FR,2014,094500,3.12
FR,2014,094600,8.7
FR,2014,094700,0.0
FR,2014,095100,0.74
FR,2014,095200,1.77
FR,2014,096100,2.35
FR,2014,096200,4.13
FR,2014,096300,1.45
FR,2014,096900,1.51
FR,2014,097100,4.32
FR,2014,097200,7.19
FR,2014,097300,0.82
FR,2014,097400,3.36
FR,2014,098000,2.89
FR,2014,101000,0.31
FR,2014,102000,1.69
FR,2014,104000,1.94
FR,2014,105000,0.48
FR,2014,111100,53.88
FR,2014,111200,13.12
FR,2014,112000,19.19
FR,2014,121100,0.0
FR,2014,121200,10.02
FR,2014,121300,6.84
FR,2014,121400,7.72
FR,2014,121900,0.0
FR,2014,122200,6.61
FR,2014,122900,0.0
FR,2014,131100,0.49
FR,2014,131200,22.14
FR,2014,131300,9.5
FR,2014,132100,7.22
FR,2014,132900,5.38
FR,2014,133000,13.21
FR,2014,139000,12.59
FR,2015,011100,22.31
FR,2015,011200,40.08
FR,2015,011300,9.11
FR,2015,011400,24.34
FR,2015,011500,3.85
FR,2015,011600,10.83
FR,2015,011700,14.3
FR,2015,011800,12.57
FR,2015,011900,14.31
FR,2015,012100,4.25
FR,2015,012200,3.47
FR,2015,012300,0.81
FR,2015,012500,3.5
FR,2015,012600,1.42
FR,2015,012900,0.78
FR,2015,021100,5.74
FR,2015,021200,10.67
FR,2015,021300,2.38
FR,2015,023000,22.11
FR,2015,031200,33.89
FR,2015,031300,3.08
FR,2015,031400,1.44
FR,2015,032100,11.15
FR,2015,032200,0.22
FR,2015,041100,67.16
FR,2015,043100,4.16
FR,2015,043200,14.8
FR,2015,044100,4.81
FR,2015,044200,4.9
FR,2015,044300,5.85
FR,2015,044400,5.43
FR,2015,045100,29.45
FR,2015,045200,15.26
FR,2015,045300,7.36
FR,2015,045400,1.32
FR,2015,045500,1.99
FR,2015,051100,16.48
FR,2015,051200,0.66
FR,2015,052100,4.67
FR,2015,053100,7.3
FR,2015,053200,2.06
FR,2015,053300,0.32
FR,2015,054000,7.01
FR,2015,055100,2.35
FR,2015,055200,2.03
FR,2015,055300,2.12
FR,2015,056100,11.84
FR,2015,056200,5.24
FR,2015,061100,12.4
FR,2015,061200,0.29
FR,2015,061300,7.2
FR,2015,062100,1.24
FR,2015,062200,7.41
FR,2015,062300,10.45
FR,2015,063100,1.5
FR,2015,063200,0.34
FR,2015,064100,1.27
FR,2015,064200,0.3
FR,2015,071100,34.28
FR,2015,071200,1.41
FR,2015,071300,1.42
FR,2015,072100,3.72
FR,2015,072200,38.73
FR,2015,072300,43.73
FR,2015,072400,12.5
FR,2015,073100,5.95
FR,2015,073200,6.76
FR,2015,073300,10.95
FR,2015,073400,0.39
FR,2015,073500,2.81
FR,2015,074100,2.03
FR,2015,074900,0.67
FR,2015,081100,0.6
FR,2015,081200,1.54
FR,2015,081300,4.68
FR,2015,081400,5.25
FR,2015,081500,1.6
FR,2015,081900,0.03
FR,2015,083100,4.21
FR,2015,083200,13.51
FR,2015,083300,6.77
FR,2015,083400,0.0
FR,2015,083500,1.45
FR,2015,083900,7.87
FR,2015,091100,0.93
FR,2015,091200,3.21
FR,2015,092100,4.47
FR,2015,092200,4.01
FR,2015,093100,7.03
FR,2015,093200,4.61
FR,2015,094200,0.0
FR,2015,094400,0.0
FR,2015,094500,3.17
FR,2015,094600,8.86
FR,2015,094700,0.0
FR,2015,095100,0.56
FR,2015,095200,1.56
FR,2015,096100,2.46
FR,2015,096200,4.18
FR,2015,096300,1.44
FR,2015,096900,1.51
FR,2015,097100,4.28
FR,2015,097200,6.83
FR,2015,097300,0.82
FR,2015,097400,3.27
FR,2015,098000,2.81
FR,2015,101000,0.32
FR,2015,102000,1.75
FR,2015,104000,2.0
FR,2015,105000,0.5
FR,2015,111100,54.58
FR,2015,111200,13.61
FR,2015,112000,19.5
FR,2015,121100,0.0
FR,2015,121200,11.2
FR,2015,121300,6.99
FR,2015,121400,8.29
FR,2015,121900,0.0
FR,2015,122200,6.61
FR,2015,122900,0.0
FR,2015,131100,0.49
FR,2015,131200,22.17
FR,2015,131300,9.48
FR,2015,132100,6.76
FR,2015,132900,5.49
FR,2015,133000,14.97
FR,2015,139000,12.74
FR,2016,011100,24.05
FR,2016,011200,35.82
FR,2016,011300,8.74
FR,2016,011400,21.91
FR,2016,011500,3.29
FR,2016,011600,11.06
FR,2016,011700,13.79
FR,2016,011800,12.92
FR,2016,011900,14.65
FR,2016,012100,2.78
FR,2016,012200,3.13
FR,2016,012300,0.89
FR,2016,012500,2.66
FR,2016,012600,2.99
FR,2016,012900,0.84
FR,2016,021100,7.6
FR,2016,021200,10.03
FR,2016,021300,3.54
FR,2016,023000,21.71
FR,2016,031200,32.09
FR,2016,031300,3.74
FR,2016,031400,1.38
FR,2016,032100,9.55
FR,2016,032200,0.24
FR,2016,041100,69.57
FR,2016,043100,3.44
FR,2016,043200,18.74
FR,2016,044100,4.71
FR,2016,044200,4.25
FR,2016,044300,5.53
FR,2016,044400,3.12
FR,2016,045100,25.89
FR,2016,045200,14.13
FR,2016,045300,6.4
FR,2016,045400,1.44
FR,2016,045500,1.95
FR,2016,051100,14.82
FR,2016,051200,1.3
FR,2016,052100,4.19
FR,2016,053100,6.59
FR,2016,053200,2.23
FR,2016,053300,1.04
FR,2016,054000,7.98
FR,2016,055100,1.51
FR,2016,055200,2.4
FR,2016,055300,2.14
FR,2016,056100,9.06
FR,2016,056200,4.45
FR,2016,061100,13.34
FR,2016,061200,0.66
FR,2016,061300,6.53
FR,2016,062100,1.48
FR,2016,062200,7.52
FR,2016,062300,12.46
FR,2016,063100,1.43
FR,2016,063200,0.32
FR,2016,064100,1.86
FR,2016,064200,0.26
FR,2016,071100,37.9
FR,2016,071200,1.55
FR,2016,071300,0.95
FR,2016,072100,6.0
FR,2016,072200,39.86
FR,2016,072300,32.12
FR,2016,072400,16.17
FR,2016,073100,7.45
FR,2016,073200,7.27
FR,2016,073300,10.63
FR,2016,073400,0.46
FR,2016,073500,2.02
FR,2016,074100,1.83
FR,2016,074900,0.65
FR,2016,081100,0.3
FR,2016,081200,4.42
FR,2016,081300,5.31
FR,2016,081400,4.07
FR,2016,081500,0.73
FR,2016,081900,0.0
FR,2016,083100,1.75
FR,2016,083200,12.53
FR,2016,083300,3.8
FR,2016,083400,7.52
FR,2016,083500,3.49
FR,2016,083900,6.79
FR,2016,091100,1.15
FR,2016,091200,3.48
FR,2016,092100,6.16
FR,2016,092200,7.07
FR,2016,093100,6.07
FR,2016,093200,4.35
FR,2016,094200,1.02
FR,2016,094400,0.15
FR,2016,094500,3.56
FR,2016,094600,7.1
FR,2016,094700,0.0
FR,2016,095100,0.23
FR,2016,095200,1.96
FR,2016,096100,5.57
FR,2016,096200,1.69
FR,2016,096300,1.44
FR,2016,096900,0.92
FR,2016,097100,3.94
FR,2016,097200,6.91
FR,2016,097300,0.82
FR,2016,097400,3.64
FR,2016,098000,1.97
FR,2016,101000,0.47
FR,2016,102000,1.45
FR,2016,104000,1.02
FR,2016,105000,0.47
FR,2016,111100,51.33
FR,2016,111200,12.48
FR,2016,112000,17.58
FR,2016,121100,0.0
FR,2016,121200,16.87
FR,2016,121300,7.21
FR,2016,121400,8.28
FR,2016,121900,0.0
FR,2016,122200,4.27
FR,2016,122900,0.0
FR,2016,131100,0.78
FR,2016,131200,21.73
FR,2016,131300,9.11
FR,2016,132100,7.03
FR,2016,132900,5.43
FR,2016,133000,24.8
FR,2016,139000,12.77
FR,2017,011100,24.09
FR,2017,011200,35.1
FR,2017,011300,9.2
FR,2017,011400,20.85
FR,2017,011500,3.25
FR,2017,011600,11.75
FR,2017,011700,15.08
FR,2017,011800,12.91
FR,2017,011900,14.51
FR,2017,012100,2.7
FR,2017,012200,3.17
FR,2017,012300,0.91
FR,2017,012500,2.66
FR,2017,012600,3.02
FR,2017,012900,0.85
FR,2017,021100,7.47
FR,2017,021200,10.3
FR,2017,021300,3.55
FR,2017,023000,21.1
FR,2017,031200,33.48
FR,2017,031300,4.03
FR,2017,031400,1.36
FR,2017,032100,9.75
FR,2017,032200,0.25
FR,2017,041100,70.14
FR,2017,043100,3.02
FR,2017,043200,18.71
FR,2017,044100,4.63
FR,2017,044200,4.42
FR,2017,044300,5.57
FR,2017,044400,3.07
FR,2017,045100,28.23
FR,2017,045200,13.26
FR,2017,045300,5.92
FR,2017,045400,1.52
FR,2017,045500,2.16
FR,2017,051100,15.0
FR,2017,051200,1.24
FR,2017,052100,4.31
FR,2017,053100,6.38
FR,2017,053200,2.13
FR,2017,053300,1.08
FR,2017,054000,7.85
FR,2017,055100,1.48
FR,2017,055200,2.43
FR,2017,055300,2.15
FR,2017,056100,8.93
FR,2017,056200,4.17
FR,2017,061100,12.33
FR,2017,061200,0.65
FR,2017,061300,6.53
FR,2017,062100,1.47
FR,2017,062200,7.54
FR,2017,062300,12.35
FR,2017,063100,1.4
FR,2017,063200,0.32
FR,2017,064100,1.71
FR,2017,064200,0.28
FR,2017,071100,37.81
FR,2017,071200,1.54
FR,2017,071300,0.97
FR,2017,072100,6.02
FR,2017,072200,36.08
FR,2017,072300,32.39
FR,2017,072400,16.4
FR,2017,073100,7.12
FR,2017,073200,7.79
FR,2017,073300,10.97
FR,2017,073400,0.45
FR,2017,073500,1.91
FR,2017,074100,1.87
FR,2017,074900,0.66
FR,2017,081100,0.25
FR,2017,081200,4.58
FR,2017,081300,4.62
FR,2017,081400,4.06
FR,2017,081500,0.63
FR,2017,081900,0.0
FR,2017,083100,1.69
FR,2017,083200,12.74
FR,2017,083300,3.67
FR,2017,083400,7.03
FR,2017,083500,3.74
FR,2017,083900,6.93
FR,2017,091100,0.89
FR,2017,091200,3.83
FR,2017,092100,5.77
FR,2017,092200,7.22
FR,2017,093100,6.06
FR,2017,093200,4.3
FR,2017,094200,1.04
FR,2017,094400,0.16
FR,2017,094500,3.66
FR,2017,094600,7.17
FR,2017,094700,0.0
FR,2017,095100,0.23
FR,2017,095200,1.66
FR,2017,096100,5.77
FR,2017,096200,1.75
FR,2017,096300,1.38
FR,2017,096900,0.94
FR,2017,097100,3.91
FR,2017,097200,6.94
FR,2017,097300,0.83
FR,2017,097400,3.56
FR,2017,098000,2.16
FR,2017,101000,0.52
FR,2017,102000,1.65
FR,2017,104000,1.12
FR,2017,105000,0.51
FR,2017,111100,52.81
FR,2017,111200,12.53
FR,2017,112000,17.76
FR,2017,121100,0.0
FR,2017,121200,17.33
FR,2017,121300,7.55
FR,2017,121400,8.13
FR,2017,121900,0.0
FR,2017,122200,4.2
FR,2017,122900,0.0
FR,2017,131100,0.76
FR,2017,131200,21.06
FR,2017,131300,9.22
FR,2017,132100,7.19
FR,2017,132900,5.63
FR,2017,133000,24.42
FR,2017,139000,12.71
FR,2018,011100,24.33
FR,2018,011200,34.55
FR,2018,011300,8.96
FR,2018,011400,21.0
FR,2018,011500,3.28
FR,2018,011600,12.51
FR,2018,011700,15.41
FR,2018,011800,12.79
FR,2018,011900,14.73
FR,2018,012100,2.68
FR,2018,012200,3.25
FR,2018,012300,0.9
FR,2018,012500,2.68
FR,2018,012600,2.96
FR,2018,012900,0.84
FR,2018,021100,7.46
FR,2018,021200,9.86
FR,2018,021300,3.92
FR,2018,023000,21.53
FR,2018,031200,32.24
FR,2018,031300,3.59
FR,2018,031400,1.34
FR,2018,032100,9.55
FR,2018,032200,0.25
FR,2018,041100,68.91
FR,2018,043100,3.07
FR,2018,043200,18.83
FR,2018,044100,4.66
FR,2018,044200,4.4
FR,2018,044300,5.7
FR,2018,044400,2.99
FR,2018,045100,28.5
FR,2018,045200,13.19
FR,2018,045300,5.99
FR,2018,045400,1.6
FR,2018,045500,1.94
FR,2018,051100,15.25
FR,2018,051200,1.25
FR,2018,052100,4.33
FR,2018,053100,6.43
FR,2018,053200,2.12
FR,2018,053300,0.89
FR,2018,054000,7.82
FR,2018,055100,1.43
FR,2018,055200,2.25
FR,2018,055300,1.66
FR,2018,056100,8.94
FR,2018,056200,4.08
FR,2018,061100,12.16
FR,2018,061200,0.7
FR,2018,061300,6.5
FR,2018,062100,1.53
FR,2018,062200,7.61
FR,2018,062300,12.88
FR,2018,063100,1.38
FR,2018,063200,0.31
FR,2018,064100,1.84
FR,2018,064200,0.28
FR,2018,071100,40.61
FR,2018,071200,1.67
FR,2018,071300,1.01
FR,2018,072100,6.45
FR,2018,072200,38.95
FR,2018,072300,33.69
FR,2018,072400,16.47
FR,2018,073100,6.72
FR,2018,073200,8.25
FR,2018,073300,10.93
FR,2018,073400,0.4
FR,2018,073500,2.04
FR,2018,074100,1.69
FR,2018,074900,0.68
FR,2018,081100,0.23
FR,2018,081200,4.78
FR,2018,081300,4.32
FR,2018,081400,3.46
FR,2018,081500,0.67
FR,2018,081900,0.0
FR,2018,083100,1.66
FR,2018,083200,11.72
FR,2018,083300,3.22
FR,2018,083400,6.58
FR,2018,083500,2.78
FR,2018,083900,3.66
FR,2018,091100,0.77
FR,2018,091200,4.0
FR,2018,092100,5.7
FR,2018,092200,7.18
FR,2018,093100,5.83
FR,2018,093200,4.33
FR,2018,094200,1.08
FR,2018,094400,0.16
FR,2018,094500,3.78
FR,2018,094600,7.56
FR,2018,094700,0.0
FR,2018,095100,0.24
FR,2018,095200,1.28
FR,2018,096100,5.28
FR,2018,096200,1.69
FR,2018,096300,1.33
FR,2018,096900,0.96
FR,2018,097100,3.93
FR,2018,097200,6.72
FR,2018,097300,0.84
FR,2018,097400,3.49
FR,2018,098000,1.85
FR,2018,101000,0.53
FR,2018,102000,1.66
FR,2018,104000,1.42
FR,2018,105000,0.21
FR,2018,111100,55.04
FR,2018,111200,12.51
FR,2018,112000,18.06
FR,2018,121100,0.0
FR,2018,121200,16.87
FR,2018,121300,8.08
FR,2018,121400,7.93
FR,2018,121900,0.0
FR,2018,122200,3.96
FR,2018,122900,0.0
FR,2018,131100,0.83
FR,2018,131200,21.06
FR,2018,131300,9.37
FR,2018,132100,6.98
FR,2018,132900,5.43
FR,2018,133000,24.37
FR,2018,139000,13.03
FR,2019,011100,24.54
FR,2019,011200,33.43
FR,2019,011300,8.58
FR,2019,011400,20.86
FR,2019,011500,3.37
FR,2019,011600,12.37
FR,2019,011700,16.26
FR,2019,011800,12.64
FR,2019,011900,14.54
FR,2019,012100,2.69
FR,2019,012200,3.31
FR,2019,012300,0.93
FR,2019,012500,2.78
FR,2019,012600,2.99
FR,2019,012900,0.83
FR,2019,021100,7.18
FR,2019,021200,9.59
FR,2019,021300,4.14
FR,2019,023000,21.42
FR,2019,031200,30.49
FR,2019,031300,3.64
FR,2019,031400,1.32
FR,2019,032100,9.5
FR,2019,032200,0.24
FR,2019,041100,67.27
FR,2019,043100,3.08
FR,2019,043200,18.84
FR,2019,044100,4.45
FR,2019,044200,4.19
FR,2019,044300,5.49
FR,2019,044400,2.94
FR,2019,045100,27.36
FR,2019,045200,15.47
FR,2019,045300,7.08
FR,2019,045400,1.62
FR,2019,045500,2.13
FR,2019,051100,15.45
FR,2019,051200,1.14
FR,2019,052100,4.09
FR,2019,053100,6.6
FR,2019,053200,2.16
FR,2019,053300,0.89
FR,2019,054000,7.72
FR,2019,055100,1.3
FR,2019,055200,2.18
FR,2019,055300,1.69
FR,2019,056100,8.78
FR,2019,056200,4.08
FR,2019,061100,11.32
FR,2019,061200,0.69
FR,2019,061300,6.4
FR,2019,062100,1.45
FR,2019,062200,7.4
FR,2019,062300,12.15
FR,2019,063100,1.24
FR,2019,063200,0.28
FR,2019,064100,1.64
FR,2019,064200,0.23
FR,2019,071100,41.2
FR,2019,071200,1.68
FR,2019,071300,1.1
FR,2019,072100,6.71
FR,2019,072200,39.8
FR,2019,072300,34.94
FR,2019,072400,16.48
FR,2019,073100,7.11
FR,2019,073200,7.76
FR,2019,073300,11.32
FR,2019,073400,0.41
FR,2019,073500,2.04
FR,2019,074100,1.62
FR,2019,074900,0.68
FR,2019,081100,0.21
FR,2019,081200,4.15
FR,2019,081300,4.24
FR,2019,081400,3.18
FR,2019,081500,0.52
FR,2019,081900,0.1
FR,2019,083100,1.56
FR,2019,083200,11.13
FR,2019,083300,3.3
FR,2019,083400,6.68
FR,2019,083500,2.76
FR,2019,083900,3.74
FR,2019,091100,0.62
FR,2019,091200,4.24
FR,2019,092100,5.87
FR,2019,092200,7.33
FR,2019,093100,5.86
FR,2019,093200,4.31
FR,2019,094200,1.09
FR,2019,094400,0.17
FR,2019,094500,3.83
FR,2019,094600,7.86
FR,2019,094700,0.0
FR,2019,095100,0.24
FR,2019,095200,1.19
FR,2019,096100,5.41
FR,2019,096200,1.8
FR,2019,096300,1.27
FR,2019,096900,0.84
FR,2019,097100,3.79
FR,2019,097200,6.04
FR,2019,097300,0.76
FR,2019,097400,3.37
FR,2019,098000,1.92
FR,2019,101000,0.57
FR,2019,102000,1.77
FR,2019,104000,1.54
FR,2019,105000,0.21
FR,2019,111100,57.05
FR,2019,111200,12.34
FR,2019,112000,18.93
FR,2019,121100,0.0
FR,2019,121200,17.7
FR,2019,121300,7.85
FR,2019,121400,8.19
FR,2019,121900,0.0
FR,2019,122200,4.72
FR,2019,122900,0.0
FR,2019,131100,0.79
FR,2019,131200,20.76
FR,2019,131300,9.31
FR,2019,132100,6.6
FR,2019,132900,5.51
FR,2019,133000,24.16
FR,2019,139000,13.35
FR,2020,011100,25.18
FR,2020,011200,33.55
FR,2020,011300,8.16
FR,2020,011400,20.96
FR,2020,011500,3.42
FR,2020,011600,11.92
FR,2020,011700,15.15
FR,2020,011800,12.64
FR,2020,011900,14.81
FR,2020,012100,2.45
FR,2020,012200,3.29
FR,2020,012300,0.98
FR,2020,012500,2.96
FR,2020,012600,2.94
FR,2020,012900,0.85
FR,2020,021100,7.18
FR,2020,021200,9.29
FR,2020,021300,4.55
FR,2020,023000,23.04
FR,2020,031200,28.91
FR,2020,031300,3.5
FR,2020,031400,1.32
FR,2020,032100,9.11
FR,2020,032200,0.24
FR,2020,041100,68.3
FR,2020,043100,2.81
FR,2020,043200,19.09
FR,2020,044100,4.28
FR,2020,044200,4.16
FR,2020,044300,5.45
FR,2020,044400,2.74
FR,2020,045100,28.37
FR,2020,045200,13.01
FR,2020,045300,7.54
FR,2020,045400,1.67
FR,2020,045500,1.99
FR,2020,051100,15.0
FR,2020,051200,1.12
FR,2020,052100,4.02
FR,2020,053100,6.62
FR,2020,053200,2.03
FR,2020,053300,0.94
FR,2020,054000,7.69
FR,2020,055100,1.33
FR,2020,055200,2.13
FR,2020,055300,1.72
FR,2020,056100,8.89
FR,2020,056200,1.88
FR,2020,061100,10.82
FR,2020,061200,0.7
FR,2020,061300,6.77
FR,2020,062100,1.56
FR,2020,062200,7.16
FR,2020,062300,12.48
FR,2020,063100,1.34
FR,2020,063200,0.3
FR,2020,064100,1.66
FR,2020,064200,0.27
FR,2020,071100,40.04
FR,2020,071200,1.61
FR,2020,071300,1.13
FR,2020,072100,6.8
FR,2020,072200,41.16
FR,2020,072300,36.36
FR,2020,072400,16.78
FR,2020,073100,7.08
FR,2020,073200,8.33
FR,2020,073300,12.17
FR,2020,073400,0.4
FR,2020,073500,2.08
FR,2020,074100,1.58
FR,2020,074900,0.7
FR,2020,081100,0.23
FR,2020,081200,3.45
FR,2020,081300,4.32
FR,2020,081400,2.26
FR,2020,081500,0.44
FR,2020,081900,0.1
FR,2020,083100,1.53
FR,2020,083200,11.11
FR,2020,083300,3.16
FR,2020,083400,6.54
FR,2020,083500,2.9
FR,2020,083900,3.86
FR,2020,091100,0.55
FR,2020,091200,4.98
FR,2020,092100,6.16
FR,2020,092200,6.67
FR,2020,093100,5.88
FR,2020,093200,4.35
FR,2020,094200,1.1
FR,2020,094400,0.17
FR,2020,094500,3.95
FR,2020,094600,7.61
FR,2020,094700,0.0
FR,2020,095100,0.24
FR,2020,095200,0.91
FR,2020,096100,5.7
FR,2020,096200,2.35
FR,2020,096300,1.26
FR,2020,096900,0.89
FR,2020,097100,3.66
FR,2020,097200,5.82
FR,2020,097300,0.73
FR,2020,097400,2.86
FR,2020,098000,2.01
FR,2020,101000,0.56
FR,2020,102000,1.74
FR,2020,104000,1.58
FR,2020,105000,0.21
FR,2020,111100,58.55
FR,2020,111200,11.84
FR,2020,112000,19.54
FR,2020,121100,0.0
FR,2020,121200,18.47
FR,2020,121300,7.85
FR,2020,121400,8.56
FR,2020,121900,0.0
FR,2020,122200,4.52
FR,2020,122900,0.0
FR,2020,131100,0.74
FR,2020,131200,19.96
FR,2020,131300,9.33
FR,2020,132100,6.55
FR,2020,132900,5.43
FR,2020,133000,24.68
FR,2020,139000,13.68
FR,2021,011100,29.15
FR,2021,011200,36.41
FR,2021,011300,9.07
FR,2021,011400,23.5
FR,2021,011500,3.8
FR,2021,011600,13.99
FR,2021,011700,16.79
FR,2021,011800,13.96
FR,2021,011900,16.53
FR,2021,012100,2.64
FR,2021,012200,3.69
FR,2021,012300,1.08
FR,2021,012500,3.24
FR,2021,012600,3.06
FR,2021,012900,0.98
FR,2021,021100,8.1
FR,2021,021200,9.89
FR,2021,021300,5.19
FR,2021,023000,27.42
FR,2021,031200,27.53
FR,2021,031300,3.21
FR,2021,031400,1.23
FR,2021,032100,7.92
FR,2021,032200,0.23
FR,2021,041100,78.3
FR,2021,043100,3.17
FR,2021,043200,19.43
FR,2021,044100,4.75
FR,2021,044200,4.71
FR,2021,044300,6.25
FR,2021,044400,2.98
FR,2021,045100,32.07
FR,2021,045200,13.18
FR,2021,045300,6.05
FR,2021,045400,1.78
FR,2021,045500,2.04
FR,2021,051100,15.61
FR,2021,051200,1.02
FR,2021,052100,4.23
FR,2021,053100,7.67
FR,2021,053200,2.45
FR,2021,053300,1.03
FR,2021,054000,8.11
FR,2021,055100,1.54
FR,2021,055200,2.37
FR,2021,055300,1.87
FR,2021,056100,9.34
FR,2021,056200,1.88
FR,2021,061100,11.29
FR,2021,061200,0.71
FR,2021,061300,6.91
FR,2021,062100,1.53
FR,2021,062200,7.18
FR,2021,062300,12.31
FR,2021,063100,1.52
FR,2021,063200,0.34
FR,2021,064100,1.66
FR,2021,064200,0.26
FR,2021,071100,34.85
FR,2021,071200,1.84
FR,2021,071300,1.31
FR,2021,072100,7.02
FR,2021,072200,31.97
FR,2021,072300,38.55
FR,2021,072400,15.56
FR,2021,073100,4.54
FR,2021,073200,6.17
FR,2021,073300,3.93
FR,2021,073400,0.38
FR,2021,073500,1.45
FR,2021,074100,1.57
FR,2021,074900,0.49
FR,2021,081100,0.24
FR,2021,081200,4.61
FR,2021,081300,5.32
FR,2021,081400,2.77
FR,2021,081500,0.48
FR,2021,081900,0.11
FR,2021,083100,1.76
FR,2021,083200,12.6
FR,2021,083300,3.79
FR,2021,083400,7.67
FR,2021,083500,2.89
FR,2021,083900,4.42
FR,2021,091100,0.56
FR,2021,091200,5.54
FR,2021,092100,6.35
FR,2021,092200,7.12
FR,2021,093100,6.41
FR,2021,093200,4.77
FR,2021,094200,0.78
FR,2021,094400,0.17
FR,2021,094500,4.5
FR,2021,094600,6.17
FR,2021,094700,0.0
FR,2021,095100,0.25
FR,2021,095200,1.02
FR,2021,096100,3.43
FR,2021,096200,1.39
FR,2021,096300,1.21
FR,2021,096900,0.69
FR,2021,097100,3.83
FR,2021,097200,5.25
FR,2021,097300,0.66
FR,2021,097400,2.96
FR,2021,098000,1.3
FR,2021,101000,0.62
FR,2021,102000,1.93
FR,2021,104000,1.68
FR,2021,105000,0.19
FR,2021,111100,45.84
FR,2021,111200,8.81
FR,2021,112000,12.33
FR,2021,121100,0.0
FR,2021,121200,20.45
FR,2021,121300,8.42
FR,2021,121400,9.25
FR,2021,121900,0.0
FR,2021,122200,5.66
FR,2021,122900,0.0
FR,2021,131100,0.87
FR,2021,131200,17.64
FR,2021,131300,8.63
FR,2021,132100,6.8
FR,2021,132900,5.39
FR,2021,133000,26.33
FR,2021,139000,14.35
FR,2022,011100,26.1
FR,2022,011200,35.06
FR,2022,011300,8.43
FR,2022,011400,21.91
FR,2022,011500,3.63
FR,2022,011600,13.33
FR,2022,011700,16.12
FR,2022,011800,12.56
FR,2022,011900,15.28
FR,2022,012100,2.28
FR,2022,012200,3.51
FR,2022,012300,0.98
FR,2022,012500,2.73
FR,2022,012600,2.65
FR,2022,012900,0.99
FR,2022,021100,7.4
FR,2022,021200,8.15
FR,2022,021300,5.01
FR,2022,023000,24.38
FR,2022,031200,25.74
FR,2022,031300,3.34
FR,2022,031400,1.06
FR,2022,032100,8.53
FR,2022,032200,0.24
FR,2022,041100,73.01
FR,2022,043100,3.18
FR,2022,043200,20.57
FR,2022,044100,4.45
FR,2022,044200,4.25
FR,2022,044300,5.58
FR,2022,044400,2.98
FR,2022,045100,32.51
FR,2022,045200,18.71
FR,2022,045300,7.49
FR,2022,045400,1.6
FR,2022,045500,3.06
FR,2022,051100,17.07
FR,2022,051200,1.15
FR,2022,052100,3.91
FR,2022,053100,7.71
FR,2022,053200,2.71
FR,2022,053300,0.98
FR,2022,054000,8.06
FR,2022,055100,1.52
FR,2022,055200,2.41
FR,2022,055300,1.79
FR,2022,056100,9.17
FR,2022,056200,1.38
FR,2022,061100,9.93
FR,2022,061200,1.28
FR,2022,061300,7.34
FR,2022,062100,1.72
FR,2022,062200,7.82
FR,2022,062300,13.71
FR,2022,063100,1.35
FR,2022,063200,0.3
FR,2022,064100,1.99
FR,2022,064200,0.31
FR,2022,071100,32.9
FR,2022,071200,1.69
FR,2022,071300,1.57
FR,2022,072100,7.08
FR,2022,072200,41.01
FR,2022,072300,39.14
FR,2022,072400,16.45
FR,2022,073100,5.6
FR,2022,073200,6.73
FR,2022,073300,5.13
FR,2022,073400,0.16
FR,2022,073500,1.36
FR,2022,074100,1.48
FR,2022,074900,0.69
FR,2022,081100,0.26
FR,2022,081200,4.48
FR,2022,081300,5.19
FR,2022,081400,2.74
FR,2022,081500,0.51
FR,2022,081900,0.12
FR,2022,083100,1.61
FR,2022,083200,11.37
FR,2022,083300,3.63
FR,2022,083400,7.5
FR,2022,083500,2.91
FR,2022,083900,4.35
FR,2022,091100,0.5
FR,2022,091200,5.85
FR,2022,092100,6.88
FR,2022,092200,7.01
FR,2022,093100,5.75
FR,2022,093200,4.56
FR,2022,094200,0.93
FR,2022,094400,0.19
FR,2022,094500,4.74
FR,2022,094600,6.39
FR,2022,094700,0.0
FR,2022,095100,0.2
FR,2022,095200,0.96
FR,2022,096100,3.82
FR,2022,096200,1.07
FR,2022,096300,1.27
FR,2022,096900,0.75
FR,2022,097100,4.0
FR,2022,097200,5.03
FR,2022,097300,0.53
FR,2022,097400,2.98
FR,2022,098000,1.13
FR,2022,101000,0.5
FR,2022,102000,1.55
FR,2022,104000,1.48
FR,2022,105000,0.23
FR,2022,111100,48.34
FR,2022,111200,10.66
FR,2022,112000,14.73
FR,2022,121100,0.0
FR,2022,121200,19.35
FR,2022,121300,8.64
FR,2022,121400,9.11
FR,2022,121900,0.0
FR,2022,122200,5.13
FR,2022,122900,0.0
FR,2022,131100,0.94
FR,2022,131200,19.54
FR,2022,131300,8.75
FR,2022,132100,6.51
FR,2022,132900,5.5
FR,2022,133000,24.13
FR,2022,139000,14.31
FR,2023,011100,27.32
FR,2023,011200,32.0
FR,2023,011300,8.28
FR,2023,011400,21.72
FR,2023,011500,3.86
FR,2023,011600,12.13
FR,2023,011700,15.76
FR,2023,011800,12.21
FR,2023,011900,15.5
FR,2023,012100,2.12
FR,2023,012200,3.61
FR,2023,012300,0.93
FR,2023,012500,2.65
FR,2023,012600,2.75
FR,2023,012900,1.07
FR,2023,021100,7.09
FR,2023,021200,8.03
FR,2023,021300,5.09
FR,2023,023000,20.74
FR,2023,031200,26.14
FR,2023,031300,3.45
FR,2023,031400,1.31
FR,2023,032100,8.54
FR,2023,032200,0.23
FR,2023,041100,66.86
FR,2023,043100,2.98
FR,2023,043200,20.52
FR,2023,044100,4.05
FR,2023,044200,4.07
FR,2023,044300,5.46
FR,2023,044400,2.8
FR,2023,045100,28.21
FR,2023,045200,18.59
FR,2023,045300,8.31
FR,2023,045400,2.26
FR,2023,045500,3.03
FR,2023,051100,15.38
FR,2023,051200,1.18
FR,2023,052100,3.46
FR,2023,053100,6.98
FR,2023,053200,2.47
FR,2023,053300,0.98
FR,2023,054000,7.12
FR,2023,055100,1.39
FR,2023,055200,1.98
FR,2023,055300,1.79
FR,2023,056100,9.42
FR,2023,056200,1.98
FR,2023,061100,10.02
FR,2023,061200,0.77
FR,2023,061300,7.39
FR,2023,062100,1.47
FR,2023,062200,7.44
FR,2023,062300,11.73
FR,2023,063100,1.33
FR,2023,063200,0.3
FR,2023,064100,1.8
FR,2023,064200,0.27
FR,2023,071100,28.2
FR,2023,071200,1.78
FR,2023,071300,1.68
FR,2023,072100,6.64
FR,2023,072200,39.9
FR,2023,072300,38.43
FR,2023,072400,17.34
FR,2023,073100,8.07
FR,2023,073200,8.51
FR,2023,073300,11.81
FR,2023,073400,0.34
FR,2023,073500,1.83
FR,2023,074100,1.31
FR,2023,074900,0.89
FR,2023,081100,0.29
FR,2023,081200,4.07
FR,2023,081300,4.22
FR,2023,081400,2.28
FR,2023,081500,0.42
FR,2023,081900,0.25
FR,2023,083100,1.52
FR,2023,083200,10.2
FR,2023,083300,3.32
FR,2023,083400,6.79
FR,2023,083500,2.98
FR,2023,083900,4.27
FR,2023,091100,0.48
FR,2023,091200,4.69
FR,2023,092100,5.96
FR,2023,092200,7.54
FR,2023,093100,5.44
FR,2023,093200,4.89
FR,2023,094200,0.75
FR,2023,094400,0.19
FR,2023,094500,4.65
FR,2023,094600,7.87
FR,2023,094700,0.0
FR,2023,095100,0.22
FR,2023,095200,0.92
FR,2023,096100,4.51
FR,2023,096200,1.66
FR,2023,096300,1.46
FR,2023,096900,1.09
FR,2023,097100,3.81
FR,2023,097200,4.89
FR,2023,097300,0.71
FR,2023,097400,2.97
FR,2023,098000,2.03
FR,2023,101000,0.7
FR,2023,102000,2.03
FR,2023,104000,1.9
FR,2023,105000,0.17
FR,2023,111100,65.48
FR,2023,111200,12.75
FR,2023,112000,20.95
FR,2023,121100,0.0
FR,2023,121200,18.6
FR,2023,121300,8.32
FR,2023,121400,8.13
FR,2023,121900,0.0
FR,2023,122200,4.64
FR,2023,122900,0.0
FR,2023,131100,0.79
FR,2023,131200,18.69
FR,2023,131300,8.76
FR,2023,132100,6.38
FR,2023,132900,5.09
FR,2023,133000,22.09
FR,2023,139000,14.12
FR,2024,011100,28.4
FR,2024,011200,26.35
FR,2024,011300,6.55
FR,2024,011400,20.07
FR,2024,011500,3.54
FR,2024,011600,10.21
FR,2024,011700,13.73
FR,2024,011800,11.72
FR,2024,011900,16.33
FR,2024,012100,2.33
FR,2024,012200,3.96
FR,2024,012300,1.03
FR,2024,012500,2.27
FR,2024,012600,2.72
FR,2024,012900,1.09
FR,2024,021100,4.85
FR,2024,021200,9.11
FR,2024,021300,4.96
FR,2024,023000,19.87
FR,2024,031200,27.73
FR,2024,031300,2.42
FR,2024,031400,0.81
FR,2024,032100,8.2
FR,2024,032200,0.13
FR,2024,041100,72.15
FR,2024,043100,3.3
FR,2024,043200,25.09
FR,2024,044100,4.14
FR,2024,044200,4.75
FR,2024,044300,5.65
FR,2024,044400,3.38
FR,2024,045100,31.75
FR,2024,045200,12.36
FR,2024,045300,2.79
FR,2024,045400,2.45
FR,2024,045500,2.82
FR,2024,051100,14.68
FR,2024,051200,0.65
FR,2024,052100,1.98
FR,2024,053100,7.77
FR,2024,053200,1.92
FR,2024,053300,0.88
FR,2024,054000,3.86
FR,2024,055100,1.53
FR,2024,055200,1.7
FR,2024,055300,1.95
FR,2024,056100,9.96
FR,2024,056200,3.07
FR,2024,061100,9.61
FR,2024,061200,1.27
FR,2024,061300,7.82
FR,2024,062100,1.57
FR,2024,062200,7.68
FR,2024,062300,12.33
FR,2024,063100,0.66
FR,2024,063200,0.15
FR,2024,064100,1.83
FR,2024,064200,0.27
FR,2024,071100,27.79
FR,2024,071200,2.21
FR,2024,071300,2.77
FR,2024,072100,6.97
FR,2024,072200,45.72
FR,2024,072300,28.48
FR,2024,072400,17.23
FR,2024,073100,7.35
FR,2024,073200,6.41
FR,2024,073300,13.29
FR,2024,073400,0.35
FR,2024,073500,1.99
FR,2024,074100,1.57
FR,2024,074900,1.59
FR,2024,081100,0.29
FR,2024,081200,4.1
FR,2024,081300,3.59
FR,2024,081400,2.37
FR,2024,081500,0.67
FR,2024,081900,0.27
FR,2024,083100,1.55
FR,2024,083200,9.68
FR,2024,083300,3.44
FR,2024,083400,6.61
FR,2024,083500,4.95
FR,2024,083900,5.81
FR,2024,091100,0.51
FR,2024,091200,3.99
FR,2024,092100,7.28
FR,2024,092200,7.84
FR,2024,093100,5.52
FR,2024,093200,6.78
FR,2024,094200,0.74
FR,2024,094400,0.12
FR,2024,094500,5.24
FR,2024,094600,10.23
FR,2024,094700,0.0
FR,2024,095100,0.23
FR,2024,095200,0.84
FR,2024,096100,5.12
FR,2024,096200,2.97
FR,2024,096300,1.36
FR,2024,096900,1.25
FR,2024,097100,3.62
FR,2024,097200,3.58
FR,2024,097300,0.56
FR,2024,097400,2.42
FR,2024,098000,4.1
FR,2024,101000,0.57
FR,2024,102000,1.88
FR,2024,104000,2.94
FR,2024,105000,0.18
FR,2024,111100,75.36
FR,2024,111200,9.52
FR,2024,112000,22.35
FR,2024,121100,0.0
FR,2024,121200,16.93
FR,2024,121300,9.71
FR,2024,121400,8.79
FR,2024,121900,0.0
FR,2024,122200,4.89
FR,2024,122900,0.0
FR,2024,131100,0.68
FR,2024,131200,16.5
FR,2024,131300,11.96
FR,2024,132100,6.5
FR,2024,132900,5.18
FR,2024,133000,19.01
FR,2024,139000,13.5
FR,2025,011100,29.12
FR,2025,011200,25.97
FR,2025,011300,6.1
FR,2025,011400,19.51
FR,2025,011500,3.44
FR,2025,011600,9.78
FR,2025,011700,12.64
FR,2025,011800,11.94
FR,2025,011900,15.79
FR,2025,012100,2.22
FR,2025,012200,4.02
FR,2025,012300,1.02
FR,2025,012500,2.04
FR,2025,012600,2.54
FR,2025,012900,1.02
FR,2025,021100,4.4
FR,2025,021200,8.22
FR,2025,021300,4.54
FR,2025,023000,18.53
FR,2025,031200,26.46
FR,2025,031300,2.33
FR,2025,031400,0.82
FR,2025,032100,7.81
FR,2025,032200,0.13
FR,2025,041100,72.52
FR,2025,043100,3.14
FR,2025,043200,24.01
FR,2025,044100,4.2
FR,2025,044200,5.14
FR,2025,044300,5.97
FR,2025,044400,3.39
FR,2025,045100,34.42
FR,2025,045200,12.69
FR,2025,045300,2.61
FR,2025,045400,1.77
FR,2025,045500,2.44
FR,2025,051100,13.74
FR,2025,051200,0.66
FR,2025,052100,1.84
FR,2025,053100,7.34
FR,2025,053200,2.1
FR,2025,053300,0.9
FR,2025,054000,3.65
FR,2025,055100,1.53
FR,2025,055200,1.53
FR,2025,055300,2.09
FR,2025,056100,8.81
FR,2025,056200,3.17
FR,2025,061100,10.97
FR,2025,061200,1.33
FR,2025,061300,8.9
FR,2025,062100,2.36
FR,2025,062200,7.99
FR,2025,062300,14.52
FR,2025,063100,0.66
FR,2025,063200,0.16
FR,2025,064100,1.52
FR,2025,064200,0.34
FR,2025,071100,27.23
FR,2025,071200,2.21
FR,2025,071300,2.4
FR,2025,072100,6.82
FR,2025,072200,40.73
FR,2025,072300,28.71
FR,2025,072400,17.94
FR,2025,073100,7.13
FR,2025,073200,6.53
FR,2025,073300,14.41
FR,2025,073400,0.39
FR,2025,073500,2.01
FR,2025,074100,1.55
FR,2025,074900,1.35
FR,2025,081100,0.24
FR,2025,081200,3.83
FR,2025,081300,3.42
FR,2025,081400,2.2
FR,2025,081500,0.68
FR,2025,081900,0.59
FR,2025,083100,1.75
FR,2025,083200,7.98
FR,2025,083300,3.26
FR,2025,083400,5.74
FR,2025,083500,4.95
FR,2025,083900,6.89
FR,2025,091100,0.46
FR,2025,091200,4.07
FR,2025,092100,7.79
FR,2025,092200,7.66
FR,2025,093100,5.21
FR,2025,093200,6.85
FR,2025,094200,0.8
FR,2025,094400,0.11
FR,2025,094500,5.49
FR,2025,094600,11.04
FR,2025,094700,0.0
FR,2025,095100,0.23
FR,2025,095200,0.82
FR,2025,096100,5.52
FR,2025,096200,3.4
FR,2025,096300,1.32
FR,2025,096900,1.4
FR,2025,097100,3.47
FR,2025,097200,3.37
FR,2025,097300,0.56
FR,2025,097400,2.21
FR,2025,098000,4.75
FR,2025,101000,0.86
FR,2025,102000,1.97
FR,2025,104000,3.19
FR,2025,105000,0.15
FR,2025,111100,75.71
FR,2025,111200,10.15
FR,2025,112000,21.9
FR,2025,121100,1.89
FR,2025,121200,20.6
FR,2025,121300,7.36
FR,2025,121400,9.42
FR,2025,121900,0.63
FR,2025,122200,4.33
FR,2025,122900,1.04
FR,2025,131100,0.65
FR,2025,131200,16.64
FR,2025,131300,11.68
FR,2025,132100,6.77
FR,2025,132900,5.5
FR,2025,133000,20.71
FR,2025,139000,12.5
FR,2026,011100,28.01
FR,2026,011200,26.9
FR,2026,011300,5.73
FR,2026,011400,19.81
FR,2026,011500,3.3
FR,2026,011600,9.08
FR,2026,011700,13.99
FR,2026,011800,12.13
FR,2026,011900,16.3
FR,2026,012100,2.43
FR,2026,012200,4.67
FR,2026,012300,0.57
FR,2026,012500,2.09
FR,2026,012600,2.67
FR,2026,012900,1.38
FR,2026,021100,4.29
FR,2026,021200,7.8
FR,2026,021300,4.2
FR,2026,023000,18.61
FR,2026,031200,26.36
FR,2026,031300,3.05
FR,2026,031400,0.49
FR,2026,032100,5.87
FR,2026,032200,0.15
FR,2026,041100,74.78
FR,2026,043100,2.25
FR,2026,043200,24.73
FR,2026,044100,4.36
FR,2026,044200,5.24
FR,2026,044300,5.87
FR,2026,044400,5.41
FR,2026,045100,29.07
FR,2026,045200,13.89
FR,2026,045300,2.4
FR,2026,045400,1.4
FR,2026,045500,2.23
FR,2026,051100,13.05
FR,2026,051200,1.19
FR,2026,052100,1.55
FR,2026,053100,7.0
FR,2026,053200,1.77
FR,2026,053300,0.74
FR,2026,054000,3.27
FR,2026,055100,1.19
FR,2026,055200,1.91
FR,2026,055300,0.71
FR,2026,056100,9.7
FR,2026,056200,3.0
FR,2026,061100,7.59
FR,2026,061200,1.36
FR,2026,061300,8.9
FR,2026,062100,2.56
FR,2026,062200,8.26
FR,2026,062300,10.67
FR,2026,063100,3.85
FR,2026,063200,1.19
FR,2026,064100,3.61
FR,2026,064200,0.3
FR,2026,071100,27.08
FR,2026,071200,2.49
FR,2026,071300,1.51
FR,2026,072100,28.05
FR,2026,072200,39.1
FR,2026,072300,5.38
FR,2026,072400,17.83
FR,2026,073100,6.96
FR,2026,073200,6.52
FR,2026,073300,13.4
FR,2026,073400,0.45
FR,2026,073500,2.24
FR,2026,074100,1.32
FR,2026,074900,1.25
FR,2026,081100,0.07
FR,2026,081200,3.68
FR,2026,081300,3.49
FR,2026,081400,2.97
FR,2026,081500,0.46
FR,2026,081900,0.17
FR,2026,083100,0.94
FR,2026,083200,7.2
FR,2026,083300,6.1
FR,2026,083400,5.9
FR,2026,083500,0.42
FR,2026,083900,10.51
FR,2026,091100,0.45
FR,2026,091200,6.41
FR,2026,092100,6.38
FR,2026,092200,6.26
FR,2026,093100,4.12
FR,2026,093200,6.39
FR,2026,094200,0.33
FR,2026,094400,0.71
FR,2026,094500,5.07
FR,2026,094600,11.94
FR,2026,094700,11.24
FR,2026,095100,0.21
FR,2026,095200,0.33
FR,2026,096100,7.61
FR,2026,096200,1.11
FR,2026,096300,1.25
FR,2026,096900,0.36
FR,2026,097100,3.49
FR,2026,097200,3.21
FR,2026,097300,0.48
FR,2026,097400,1.35
FR,2026,098000,4.89
FR,2026,101000,0.6
FR,2026,102000,0.76
FR,2026,104000,3.45
FR,2026,105000,4.25
FR,2026,111100,76.62
FR,2026,111200,10.39
FR,2026,112000,22.51
FR,2026,121100,1.07
FR,2026,121200,14.13
FR,2026,121300,7.47
FR,2026,121400,8.96
FR,2026,121900,2.61
FR,2026,122200,6.69
FR,2026,122900,1.75
FR,2026,131100,0.68
FR,2026,131200,15.51
FR,2026,131300,11.96
FR,2026,132100,7.82
FR,2026,132900,5.2
FR,2026,133000,18.54
FR,2026,139000,15.09
IT,2000,011100,30.3
IT,2000,011200,41.84
IT,2000,011300,12.01
IT,2000,011400,24.67
IT,2000,011500,9.4
IT,2000,011600,11.53
IT,2000,011700,20.23
IT,2000,011800,11.97
IT,2000,011900,0.49
IT,2000,012100,2.75
IT,2000,012200,2.27
IT,2000,012300,0.2
IT,2000,012500,4.84
IT,2000,012600,1.22
IT,2000,012900,0.0
IT,2000,021100,1.41
IT,2000,021200,5.95
IT,2000,021300,1.43
IT,2000,021900,0.23
IT,2000,023000,20.02
IT,2000,031200,80.53
IT,2000,031300,1.71
IT,2000,031400,3.99
IT,2000,032100,22.9
IT,2000,032200,1.58
IT,2000,041100,30.23
IT,2000,043100,3.81
IT,2000,043200,10.75
IT,2000,044100,4.13
IT,2000,044200,7.04
IT,2000,044300,1.2
IT,2000,044400,4.26
IT,2000,045100,12.17
IT,2000,045200,19.95
IT,2000,045300,8.23
IT,2000,045400,0.0
IT,2000,051100,38.9
IT,2000,051200,2.48
IT,2000,052100,5.98
IT,2000,053100,8.48
IT,2000,053200,1.58
IT,2000,053300,2.08
IT,2000,054000,10.65
IT,2000,055100,0.31
IT,2000,055200,4.22
IT,2000,056100,14.18
IT,2000,056200,16.21
IT,2000,061100,17.14
IT,2000,061200,1.18
IT,2000,061300,1.45
IT,2000,061400,0.0
IT,2000,062100,4.91
IT,2000,062200,5.77
IT,2000,062300,2.3
IT,2000,063100,0.0
IT,2000,064100,1.27
IT,2000,064200,0.0
IT,2000,071100,45.53
IT,2000,071200,2.36
IT,2000,071300,1.05
IT,2000,072100,3.68
IT,2000,072200,29.49
IT,2000,072300,35.5
IT,2000,072400,12.63
IT,2000,073100,2.74
IT,2000,073200,3.22
IT,2000,073300,6.03
IT,2000,073400,1.33
IT,2000,073500,5.42
IT,2000,074100,1.61
IT,2000,074900,5.53
IT,2000,081100,0.23
IT,2000,081200,9.17
IT,2000,081300,1.28
IT,2000,081400,4.72
IT,2000,081500,0.13
IT,2000,081900,0.0
IT,2000,082000,0.0
IT,2000,083100,10.51
IT,2000,083200,6.46
IT,2000,083300,0.23
IT,2000,083400,0.0
IT,2000,083500,0.25
IT,2000,083900,2.86
IT,2000,091100,1.87
IT,2000,091200,4.57
IT,2000,092100,3.64
IT,2000,092200,2.4
IT,2000,093100,5.41
IT,2000,093200,1.97
IT,2000,094400,1.75
IT,2000,094500,0.9
IT,2000,094600,12.35
IT,2000,094700,0.0
IT,2000,095100,0.25
IT,2000,095200,1.44
IT,2000,096100,1.99
IT,2000,096200,0.12
IT,2000,096300,0.6
IT,2000,096900,0.0
IT,2000,097100,8.15
IT,2000,097200,11.29
IT,2000,097400,2.59
IT,2000,098000,2.98
IT,2000,101000,0.0
IT,2000,102000,0.56
IT,2000,104000,2.35
IT,2000,105000,7.89
IT,2000,111100,68.91
IT,2000,111200,7.75
IT,2000,112000,25.26
IT,2000,121200,0.0
IT,2000,121300,0.0
IT,2000,121400,8.58
IT,2000,122200,7.75
IT,2000,131100,0.68
IT,2000,131200,12.97
IT,2000,131300,13.17
IT,2000,132100,6.36
IT,2000,132900,10.49
IT,2000,133000,3.7
IT,2000,139000,12.62
IT,2001,011100,29.77
IT,2001,011200,41.36
IT,2001,011300,11.98
IT,2001,011400,23.77
IT,2001,011500,8.81
IT,2001,011600,11.25
IT,2001,011700,19.81
IT,2001,011800,11.6
IT,2001,011900,0.49
IT,2001,012100,2.85
IT,2001,012200,2.23
IT,2001,012300,0.23
IT,2001,012500,4.74
IT,2001,012600,1.18
IT,2001,012900,0.0
IT,2001,021100,1.37
IT,2001,021200,5.86
IT,2001,021300,1.38
IT,2001,021900,0.21
IT,2001,023000,18.7
IT,2001,031200,76.29
IT,2001,031300,1.51
IT,2001,031400,4.04
IT,2001,032100,22.02
IT,2001,032200,1.35
IT,2001,041100,28.2
IT,2001,043100,4.07
IT,2001,043200,11.98
IT,2001,044100,4.73
IT,2001,044200,6.61
IT,2001,044300,1.16
IT,2001,044400,4.04
IT,2001,045100,13.12
IT,2001,045200,22.92
IT,2001,045300,9.73
IT,2001,045400,0.0
IT,2001,051100,37.47
IT,2001,051200,2.95
IT,2001,052100,5.96
IT,2001,053100,9.52
IT,2001,053200,1.58
IT,2001,053300,2.54
IT,2001,054000,10.25
IT,2001,055100,0.27
IT,2001,055200,4.14
IT,2001,056100,14.01
IT,2001,056200,15.33
IT,2001,061100,15.95
IT,2001,061200,1.14
IT,2001,061300,1.92
IT,2001,061400,0.0
IT,2001,062100,4.4
IT,2001,062200,6.36
IT,2001,062300,2.02
IT,2001,063100,4.0
IT,2001,064100,1.34
IT,2001,064200,0.0
IT,2001,071100,43.8
IT,2001,071200,2.8
IT,2001,071300,1.28
IT,2001,072100,3.38
IT,2001,072200,30.34
IT,2001,072300,32.95
IT,2001,072400,12.19
IT,2001,073100,2.58
IT,2001,073200,3.21
IT,2001,073300,6.07
IT,2001,073400,1.48
IT,2001,073500,5.26
IT,2001,074100,1.7
IT,2001,074900,5.46
IT,2001,081100,0.0
IT,2001,081200,8.8
IT,2001,081300,1.74
IT,2001,081400,4.96
IT,2001,081500,0.16
IT,2001,081900,0.0
IT,2001,082000,0.0
IT,2001,083100,12.79
IT,2001,083200,7.55
IT,2001,083300,0.2
IT,2001,083400,0.0
IT,2001,083500,0.28
IT,2001,083900,2.87
IT,2001,091100,1.88
IT,2001,091200,4.64
IT,2001,092100,3.81
IT,2001,092200,2.38
IT,2001,093100,5.58
IT,2001,093200,2.16
IT,2001,094400,2.05
IT,2001,094500,0.79
IT,2001,094600,13.83
IT,2001,094700,0.0
IT,2001,095100,0.21
IT,2001,095200,1.56
IT,2001,096100,2.26
IT,2001,096200,0.14
IT,2001,096300,0.58
IT,2001,096900,0.0
IT,2001,097100,8.12
IT,2001,097200,10.96
IT,2001,097400,2.93
IT,2001,098000,3.21
IT,2001,101000,0.0
IT,2001,102000,0.44
IT,2001,104000,2.59
IT,2001,105000,8.04
IT,2001,111100,68.55
IT,2001,111200,7.28
IT,2001,112000,26.87
IT,2001,121200,0.0
IT,2001,121300,0.0
IT,2001,121400,9.04
IT,2001,122200,7.17
IT,2001,131100,0.73
IT,2001,131200,13.1
IT,2001,131300,12.44
IT,2001,132100,5.96
IT,2001,132900,11.38
IT,2001,133000,5.18
IT,2001,139000,11.47
IT,2002,011100,29.12
IT,2002,011200,40.14
IT,2002,011300,12.12
IT,2002,011400,24.24
IT,2002,011500,7.76
IT,2002,011600,11.32
IT,2002,011700,19.63
IT,2002,011800,11.44
IT,2002,011900,0.5
IT,2002,012100,2.63
IT,2002,012200,2.08
IT,2002,012300,0.21
IT,2002,012500,4.86
IT,2002,012600,1.21
IT,2002,012900,0.0
IT,2002,021100,1.24
IT,2002,021200,5.38
IT,2002,021300,1.25
IT,2002,021900,0.19
IT,2002,023000,18.92
IT,2002,031200,82.35
IT,2002,031300,1.32
IT,2002,031400,3.93
IT,2002,032100,24.58
IT,2002,032200,1.83
IT,2002,041100,27.09
IT,2002,043100,3.63
IT,2002,043200,10.87
IT,2002,044100,4.49
IT,2002,044200,6.33
IT,2002,044300,1.06
IT,2002,044400,3.91
IT,2002,045100,12.52
IT,2002,045200,19.25
IT,2002,045300,7.03
IT,2002,045400,0.0
IT,2002,051100,41.57
IT,2002,051200,1.99
IT,2002,052100,5.9
IT,2002,053100,9.44
IT,2002,053200,1.32
IT,2002,053300,3.03
IT,2002,054000,9.86
IT,2002,055100,0.27
IT,2002,055200,3.75
IT,2002,056100,13.37
IT,2002,056200,13.81
IT,2002,061100,14.83
IT,2002,061200,1.14
IT,2002,061300,1.41
IT,2002,061400,0.0
IT,2002,062100,5.02
IT,2002,062200,7.5
IT,2002,062300,2.21
IT,2002,063100,3.39
IT,2002,064100,1.34
IT,2002,064200,0.0
IT,2002,071100,41.72
IT,2002,071200,2.5
IT,2002,071300,1.16
IT,2002,072100,3.71
IT,2002,072200,24.46
IT,2002,072300,32.22
IT,2002,072400,11.55
IT,2002,073100,2.56
IT,2002,073200,3.18
IT,2002,073300,6.89
IT,2002,073400,1.51
IT,2002,073500,5.23
IT,2002,074100,1.62
IT,2002,074900,5.69
IT,2002,081100,0.0
IT,2002,081200,10.77
IT,2002,081300,2.45
IT,2002,081400,4.83
IT,2002,081500,0.22
IT,2002,081900,0.0
IT,2002,082000,0.0
IT,2002,083100,11.64
IT,2002,083200,9.61
IT,2002,083300,0.0
IT,2002,083400,0.0
IT,2002,083500,0.35
IT,2002,083900,3.52
IT,2002,091100,1.59
IT,2002,091200,5.03
IT,2002,092100,4.07
IT,2002,092200,2.47
IT,2002,093100,5.48
IT,2002,093200,2.24
IT,2002,094400,1.77
IT,2002,094500,0.96
IT,2002,094600,12.29
IT,2002,094700,0.0
IT,2002,095100,0.23
IT,2002,095200,2.5
IT,2002,096100,1.95
IT,2002,096200,0.12
IT,2002,096300,0.53
IT,2002,096900,0.0
IT,2002,097100,8.39
IT,2002,097200,11.9
IT,2002,097400,2.73
IT,2002,098000,3.41
IT,2002,101000,0.9
IT,2002,102000,0.42
IT,2002,104000,2.59
IT,2002,105000,6.91
IT,2002,111100,71.14
IT,2002,111200,7.87
IT,2002,112000,27.71
IT,2002,121200,0.0
IT,2002,121300,0.0
IT,2002,121400,9.56
IT,2002,122200,8.42
IT,2002,131100,0.53
IT,2002,131200,13.36
IT,2002,131300,12.65
IT,2002,132100,5.64
IT,2002,132900,13.42
IT,2002,133000,4.92
IT,2002,139000,13.01
IT,2003,011100,29.5
IT,2003,011200,36.68
IT,2003,011300,12.88
IT,2003,011400,23.3
IT,2003,011500,7.9
IT,2003,011600,11.79
IT,2003,011700,20.24
IT,2003,011800,11.55
IT,2003,011900,0.5
IT,2003,012100,3.02
IT,2003,012200,2.08
IT,2003,012300,0.23
IT,2003,012500,4.89
IT,2003,012600,1.25
IT,2003,012900,0.0
IT,2003,021100,1.12
IT,2003,021200,5.47
IT,2003,021300,1.16
IT,2003,021900,0.2
IT,2003,023000,20.0
IT,2003,031200,82.19
IT,2003,031300,1.42
IT,2003,031400,4.09
IT,2003,032100,22.26
IT,2003,032200,2.04
IT,2003,041100,28.15
IT,2003,043100,3.43
IT,2003,043200,11.45
IT,2003,044100,4.3
IT,2003,044200,6.29
IT,2003,044300,0.99
IT,2003,044400,4.23
IT,2003,045100,12.43
IT,2003,045200,17.28
IT,2003,045300,7.59
IT,2003,045400,0.0
IT,2003,051100,39.21
IT,2003,051200,2.22
IT,2003,052100,5.76
IT,2003,053100,9.51
IT,2003,053200,1.02
IT,2003,053300,2.4
IT,2003,054000,10.35
IT,2003,055100,0.28
IT,2003,055200,3.81
IT,2003,056100,13.39
IT,2003,056200,13.96
IT,2003,061100,14.86
IT,2003,061200,1.01
IT,2003,061300,1.39
IT,2003,061400,0.0
IT,2003,062100,5.17
IT,2003,062200,6.51
IT,2003,062300,2.51
IT,2003,063100,3.54
IT,2003,064100,1.15
IT,2003,064200,0.0
IT,2003,071100,38.86
IT,2003,071200,2.4
IT,2003,071300,1.1
IT,2003,072100,4.06
IT,2003,072200,24.64
IT,2003,072300,35.35
IT,2003,072400,11.62
IT,2003,073100,2.51
IT,2003,073200,3.22
IT,2003,073300,6.5
IT,2003,073400,1.45
IT,2003,073500,5.43
IT,2003,074100,1.59
IT,2003,074900,5.44
IT,2003,081100,0.0
IT,2003,081200,9.42
IT,2003,081300,2.21
IT,2003,081400,4.59
IT,2003,081500,0.18
IT,2003,081900,0.0
IT,2003,082000,0.0
IT,2003,083100,12.22
IT,2003,083200,10.11
IT,2003,083300,0.0
IT,2003,083400,0.0
IT,2003,083500,0.31
IT,2003,083900,3.4
IT,2003,091100,1.39
IT,2003,091200,4.54
IT,2003,092100,3.65
IT,2003,092200,1.94
IT,2003,093100,5.34
IT,2003,093200,2.78
IT,2003,094400,1.84
IT,2003,094500,0.82
IT,2003,094600,12.46
IT,2003,094700,0.0
IT,2003,095100,0.17
IT,2003,095200,2.05
IT,2003,096100,1.99
IT,2003,096200,0.12
IT,2003,096300,0.75
IT,2003,096900,0.0
IT,2003,097100,8.08
IT,2003,097200,11.32
IT,2003,097400,2.57
IT,2003,098000,3.24
IT,2003,101000,0.61
IT,2003,102000,0.48
IT,2003,104000,2.52
IT,2003,105000,7.5
IT,2003,111100,76.62
IT,2003,111200,8.27
IT,2003,112000,29.2
IT,2003,121200,0.0
IT,2003,121300,0.0
IT,2003,121400,10.64
IT,2003,122200,8.27
IT,2003,131100,0.47
IT,2003,131200,12.86
IT,2003,131300,13.77
IT,2003,132100,6.55
IT,2003,132900,12.11
IT,2003,133000,5.43
IT,2003,139000,12.73
IT,2004,011100,29.66
IT,2004,011200,38.73
IT,2004,011300,12.5
IT,2004,011400,24.0
IT,2004,011500,8.18
IT,2004,011600,12.05
IT,2004,011700,21.0
IT,2004,011800,10.93
IT,2004,011900,0.5
IT,2004,012100,3.12
IT,2004,012200,1.99
IT,2004,012300,0.24
IT,2004,012500,4.65
IT,2004,012600,1.2
IT,2004,012900,0.0
IT,2004,021100,1.05
IT,2004,021200,5.62
IT,2004,021300,1.08
IT,2004,021900,0.19
IT,2004,023000,21.07
IT,2004,031200,80.37
IT,2004,031300,2.24
IT,2004,031400,3.91
IT,2004,032100,22.71
IT,2004,032200,1.91
IT,2004,041100,28.26
IT,2004,043100,3.65
IT,2004,043200,11.48
IT,2004,044100,4.3
IT,2004,044200,6.35
IT,2004,044300,1.05
IT,2004,044400,4.19
IT,2004,045100,11.42
IT,2004,045200,17.02
IT,2004,045300,6.59
IT,2004,045400,0.0
IT,2004,051100,36.45
IT,2004,051200,2.68
IT,2004,052100,5.24
IT,2004,053100,9.18
IT,2004,053200,1.1
IT,2004,053300,2.14
IT,2004,054000,10.15
IT,2004,055100,0.27
IT,2004,055200,3.93
IT,2004,056100,13.3
IT,2004,056200,15.17
IT,2004,061100,16.07
IT,2004,061200,0.94
IT,2004,061300,1.32
IT,2004,061400,0.0
IT,2004,062100,5.18
IT,2004,062200,7.6
IT,2004,062300,2.42
IT,2004,063100,3.31
IT,2004,064100,1.25
IT,2004,064200,0.0
IT,2004,071100,38.36
IT,2004,071200,1.79
IT,2004,071300,0.81
IT,2004,072100,4.04
IT,2004,072200,23.42
IT,2004,072300,35.97
IT,2004,072400,11.87
IT,2004,073100,2.54
IT,2004,073200,3.13
IT,2004,073300,6.46
IT,2004,073400,1.61
IT,2004,073500,5.41
IT,2004,074100,1.57
IT,2004,074900,5.23
IT,2004,081100,0.0
IT,2004,081200,8.11
IT,2004,081300,2.03
IT,2004,081400,4.07
IT,2004,081500,0.23
IT,2004,081900,0.0
IT,2004,082000,0.0
IT,2004,083100,11.86
IT,2004,083200,10.75
IT,2004,083300,0.0
IT,2004,083400,0.0
IT,2004,083500,0.26
IT,2004,083900,3.68
IT,2004,091100,1.48
IT,2004,091200,4.58
IT,2004,092100,3.39
IT,2004,092200,2.43
IT,2004,093100,5.39
IT,2004,093200,2.78
IT,2004,094400,1.85
IT,2004,094500,0.88
IT,2004,094600,12.72
IT,2004,094700,0.0
IT,2004,095100,0.19
IT,2004,095200,1.73
IT,2004,096100,2.04
IT,2004,096200,0.13
IT,2004,096300,0.64
IT,2004,096900,0.0
IT,2004,097100,8.45
IT,2004,097200,10.87
IT,2004,097400,1.49
IT,2004,098000,3.27
IT,2004,101000,0.55
IT,2004,102000,0.42
IT,2004,104000,2.41
IT,2004,105000,7.34
IT,2004,111100,77.47
IT,2004,111200,8.21
IT,2004,112000,29.24
IT,2004,121200,0.0
IT,2004,121300,0.0
IT,2004,121400,12.67
IT,2004,122200,8.9
IT,2004,131100,0.47
IT,2004,131200,12.64
IT,2004,131300,14.42
IT,2004,132100,5.99
IT,2004,132900,11.33
IT,2004,133000,5.55
IT,2004,139000,13.64
IT,2005,011100,30.83
IT,2005,011200,37.62
IT,2005,011300,12.13
IT,2005,011400,23.63
IT,2005,011500,8.48
IT,2005,011600,11.19
IT,2005,011700,18.5
IT,2005,011800,11.46
IT,2005,011900,0.51
IT,2005,012100,2.73
IT,2005,012200,2.05
IT,2005,012300,0.26
IT,2005,012500,4.68
IT,2005,012600,1.21
IT,2005,012900,0.0
IT,2005,021100,1.14
IT,2005,021200,5.61
IT,2005,021300,1.17
IT,2005,021900,0.21
IT,2005,023000,21.83
IT,2005,031200,77.34
IT,2005,031300,2.12
IT,2005,031400,3.67
IT,2005,032100,21.11
IT,2005,032200,1.9
IT,2005,041100,27.46
IT,2005,043100,3.66
IT,2005,043200,11.6
IT,2005,044100,4.98
IT,2005,044200,6.56
IT,2005,044300,1.06
IT,2005,044400,4.31
IT,2005,045100,11.5
IT,2005,045200,18.24
IT,2005,045300,8.15
IT,2005,045400,0.0
IT,2005,051100,37.12
IT,2005,051200,2.49
IT,2005,052100,5.21
IT,2005,053100,9.29
IT,2005,053200,2.18
IT,2005,053300,2.2
IT,2005,054000,10.29
IT,2005,055100,0.3
IT,2005,055200,3.96
IT,2005,056100,12.31
IT,2005,056200,15.6
IT,2005,061100,17.89
IT,2005,061200,0.97
IT,2005,061300,1.15
IT,2005,061400,0.0
IT,2005,062100,4.89
IT,2005,062200,7.14
IT,2005,062300,2.3
IT,2005,063100,3.11
IT,2005,064100,1.2
IT,2005,064200,0.0
IT,2005,071100,37.13
IT,2005,071200,1.89
IT,2005,071300,0.86
IT,2005,072100,4.3
IT,2005,072200,26.51
IT,2005,072300,36.74
IT,2005,072400,11.25
IT,2005,073100,2.61
IT,2005,073200,3.31
IT,2005,073300,8.0
IT,2005,073400,1.55
IT,2005,073500,5.54
IT,2005,074100,3.07
IT,2005,074900,5.28
IT,2005,081100,0.92
IT,2005,081200,4.96
IT,2005,081300,1.77
IT,2005,081400,3.94
IT,2005,081500,0.2
IT,2005,081900,0.0
IT,2005,082000,0.0
IT,2005,083100,11.2
IT,2005,083200,11.83
IT,2005,083300,0.0
IT,2005,083400,0.0
IT,2005,083500,0.23
IT,2005,083900,3.92
IT,2005,091100,1.17
IT,2005,091200,4.24
IT,2005,092100,3.41
IT,2005,092200,2.38
IT,2005,093100,5.2
IT,2005,093200,3.06
IT,2005,094400,1.84
IT,2005,094500,0.85
IT,2005,094600,12.3
IT,2005,094700,0.0
IT,2005,095100,0.2
IT,2005,095200,1.44
IT,2005,096100,1.93
IT,2005,096200,0.12
IT,2005,096300,0.72
IT,2005,096900,0.0
IT,2005,097100,8.3
IT,2005,097200,10.87
IT,2005,097400,2.15
IT,2005,098000,3.25
IT,2005,101000,0.75
IT,2005,102000,0.39
IT,2005,104000,2.58
IT,2005,105000,7.4
IT,2005,111100,75.19
IT,2005,111200,8.32
IT,2005,112000,29.48
IT,2005,121200,0.0
IT,2005,121300,0.0
IT,2005,121400,12.34
IT,2005,122200,9.8
IT,2005,131100,0.48
IT,2005,131200,11.99
IT,2005,131300,14.11
IT,2005,132100,5.69
IT,2005,132900,12.55
IT,2005,133000,5.42
IT,2005,139000,14.2
IT,2006,011100,30.48
IT,2006,011200,36.78
IT,2006,011300,12.45
IT,2006,011400,23.27
IT,2006,011500,8.78
IT,2006,011600,9.91
IT,2006,011700,18.78
IT,2006,011800,10.95
IT,2006,011900,0.5
IT,2006,012100,2.6
IT,2006,012200,2.07
IT,2006,012300,0.25
IT,2006,012500,4.43
IT,2006,012600,1.14
IT,2006,012900,0.0
IT,2006,021100,1.12
IT,2006,021200,5.53
IT,2006,021300,1.17
IT,2006,021900,0.2
IT,2006,023000,20.76
IT,2006,031200,76.95
IT,2006,031300,2.15
IT,2006,031400,3.91
IT,2006,032100,21.12
IT,2006,032200,1.9
IT,2006,041100,28.12
IT,2006,043100,3.67
IT,2006,043200,11.71
IT,2006,044100,4.94
IT,2006,044200,6.7
IT,2006,044300,1.08
IT,2006,044400,4.54
IT,2006,045100,11.69
IT,2006,045200,19.67
IT,2006,045300,8.46
IT,2006,045400,0.0
IT,2006,051100,36.54
IT,2006,051200,2.44
IT,2006,052100,5.07
IT,2006,053100,9.45
IT,2006,053200,2.11
IT,2006,053300,2.2
IT,2006,054000,10.74
IT,2006,055100,0.29
IT,2006,055200,3.83
IT,2006,056100,12.4
IT,2006,056200,14.74
IT,2006,061100,15.32
IT,2006,061200,0.92
IT,2006,061300,1.1
IT,2006,061400,0.0
IT,2006,062100,4.44
IT,2006,062200,6.26
IT,2006,062300,2.02
IT,2006,063100,3.02
IT,2006,064100,1.13
IT,2006,064200,0.0
IT,2006,071100,39.63
IT,2006,071200,2.03
IT,2006,071300,0.9
IT,2006,072100,4.64
IT,2006,072200,26.22
IT,2006,072300,37.53
IT,2006,072400,12.38
IT,2006,073100,2.67
IT,2006,073200,3.41
IT,2006,073300,7.32
IT,2006,073400,1.54
IT,2006,073500,5.65
IT,2006,074100,1.75
IT,2006,074900,5.27
IT,2006,081100,1.01
IT,2006,081200,6.39
IT,2006,081300,1.84
IT,2006,081400,3.76
IT,2006,081500,0.18
IT,2006,081900,0.0
IT,2006,082000,0.0
IT,2006,083100,11.2
IT,2006,083200,12.87
IT,2006,083300,0.0
IT,2006,083400,0.0
IT,2006,083500,0.21
IT,2006,083900,4.11
IT,2006,091100,1.1
IT,2006,091200,4.4
IT,2006,092100,3.13
IT,2006,092200,2.13
IT,2006,093100,5.38
IT,2006,093200,3.16
IT,2006,094400,1.88
IT,2006,094500,0.89
IT,2006,094600,13.14
IT,2006,094700,0.0
IT,2006,095100,0.2
IT,2006,095200,1.45
IT,2006,096100,2.08
IT,2006,096200,0.13
IT,2006,096300,0.74
IT,2006,096900,0.0
IT,2006,097100,8.05
IT,2006,097200,11.11
IT,2006,097400,2.09
IT,2006,098000,3.36
IT,2006,101000,0.77
IT,2006,102000,0.39
IT,2006,104000,2.82
IT,2006,105000,7.76
IT,2006,111100,76.37
IT,2006,111200,8.35
IT,2006,112000,27.25
IT,2006,121200,0.0
IT,2006,121300,0.0
IT,2006,121400,13.25
IT,2006,122200,9.11
IT,2006,131100,0.46
IT,2006,131200,11.86
IT,2006,131300,14.81
IT,2006,132100,5.97
IT,2006,132900,12.47
IT,2006,133000,5.61
IT,2006,139000,13.88
IT,2007,011100,32.78
IT,2007,011200,40.31
IT,2007,011300,12.24
IT,2007,011400,23.67
IT,2007,011500,9.02
IT,2007,011600,11.52
IT,2007,011700,19.06
IT,2007,011800,11.91
IT,2007,011900,0.48
IT,2007,012100,2.68
IT,2007,012200,1.87
IT,2007,012300,0.3
IT,2007,012500,5.45
IT,2007,012600,1.4
IT,2007,012900,0.0
IT,2007,021100,1.38
IT,2007,021200,6.66
IT,2007,021300,1.41
IT,2007,021900,0.19
IT,2007,023000,22.39
IT,2007,031200,68.04
IT,2007,031300,1.84
IT,2007,031400,3.58
IT,2007,032100,19.25
IT,2007,032200,1.63
IT,2007,041100,22.45
IT,2007,043100,3.45
IT,2007,043200,9.72
IT,2007,044100,5.67
IT,2007,044200,6.64
IT,2007,044300,1.07
IT,2007,044400,8.35
IT,2007,045100,14.56
IT,2007,045200,23.87
IT,2007,045300,7.75
IT,2007,045400,0.0
IT,2007,051100,31.32
IT,2007,051200,1.57
IT,2007,052100,4.97
IT,2007,053100,7.84
IT,2007,053200,1.75
IT,2007,053300,1.47
IT,2007,054000,8.42
IT,2007,055100,0.21
IT,2007,055200,3.16
IT,2007,056100,12.99
IT,2007,056200,14.14
IT,2007,061100,13.91
IT,2007,061200,1.03
IT,2007,061300,1.66
IT,2007,061400,0.0
IT,2007,062100,4.16
IT,2007,062200,5.96
IT,2007,062300,1.95
IT,2007,063100,6.36
IT,2007,064100,0.98
IT,2007,064200,0.0
IT,2007,071100,39.22
IT,2007,071200,4.23
IT,2007,071300,1.88
IT,2007,072100,4.42
IT,2007,072200,40.31
IT,2007,072300,37.19
IT,2007,072400,12.1
IT,2007,073100,3.25
IT,2007,073200,3.16
IT,2007,073300,6.53
IT,2007,073400,1.47
IT,2007,073500,5.16
IT,2007,074100,1.73
IT,2007,074900,4.53
IT,2007,081100,0.63
IT,2007,081200,4.1
IT,2007,081300,3.34
IT,2007,081400,3.96
IT,2007,081500,0.34
IT,2007,081900,0.0
IT,2007,082000,0.0
IT,2007,083100,10.19
IT,2007,083200,13.06
IT,2007,083300,0.0
IT,2007,083400,0.0
IT,2007,083500,0.14
IT,2007,083900,2.87
IT,2007,091100,1.24
IT,2007,091200,3.59
IT,2007,092100,3.51
IT,2007,092200,2.36
IT,2007,093100,7.09
IT,2007,093200,0.91
IT,2007,094400,1.92
IT,2007,094500,0.9
IT,2007,094600,12.55
IT,2007,094700,0.0
IT,2007,095100,0.28
IT,2007,095200,1.18
IT,2007,096100,2.04
IT,2007,096200,0.88
IT,2007,096300,0.55
IT,2007,096900,0.0
IT,2007,097100,6.51
IT,2007,097200,10.95
IT,2007,097400,1.58
IT,2007,098000,3.37
IT,2007,101000,1.0
IT,2007,102000,0.24
IT,2007,104000,2.41
IT,2007,105000,6.2
IT,2007,111100,77.89
IT,2007,111200,8.49
IT,2007,112000,27.89
IT,2007,121200,0.87
IT,2007,121300,0.0
IT,2007,121400,11.69
IT,2007,122200,9.01
IT,2007,131100,0.61
IT,2007,131200,13.74
IT,2007,131300,15.3
IT,2007,132100,6.57
IT,2007,132900,5.53
IT,2007,133000,7.77
IT,2007,139000,12.98
IT,2008,011100,34.98
IT,2008,011200,41.55
IT,2008,011300,12.2
IT,2008,011400,24.23
IT,2008,011500,8.43
IT,2008,011600,12.67
IT,2008,011700,19.25
IT,2008,011800,11.8
IT,2008,011900,0.49
IT,2008,012100,2.94
IT,2008,012200,1.95
IT,2008,012300,0.3
IT,2008,012500,5.51
IT,2008,012600,1.4
IT,2008,012900,0.0
IT,2008,021100,1.26
IT,2008,021200,6.31
IT,2008,021300,1.24
IT,2008,021900,0.15
IT,2008,023000,21.86
IT,2008,031200,68.44
IT,2008,031300,1.79
IT,2008,031400,3.46
IT,2008,032100,19.36
IT,2008,032200,1.63
IT,2008,041100,22.45
IT,2008,043100,3.59
IT,2008,043200,9.46
IT,2008,044100,5.78
IT,2008,044200,7.48
IT,2008,044300,1.17
IT,2008,044400,8.01
IT,2008,045100,12.39
IT,2008,045200,20.69
IT,2008,045300,7.57
IT,2008,045400,0.58
IT,2008,051100,30.3
IT,2008,051200,1.55
IT,2008,052100,4.22
IT,2008,053100,8.24
IT,2008,053200,1.33
IT,2008,053300,1.37
IT,2008,054000,8.3
IT,2008,055100,0.23
IT,2008,055200,3.16
IT,2008,056100,13.39
IT,2008,056200,14.77
IT,2008,061100,14.65
IT,2008,061200,1.0
IT,2008,061300,1.5
IT,2008,061400,0.0
IT,2008,062100,4.42
IT,2008,062200,5.62
IT,2008,062300,2.12
IT,2008,063100,6.05
IT,2008,064100,1.06
IT,2008,064200,0.0
IT,2008,071100,39.87
IT,2008,071200,4.28
IT,2008,071300,1.91
IT,2008,072100,4.7
IT,2008,072200,40.97
IT,2008,072300,37.57
IT,2008,072400,11.05
IT,2008,073100,3.56
IT,2008,073200,3.06
IT,2008,073300,6.53
IT,2008,073400,1.08
IT,2008,073500,4.89
IT,2008,074100,1.66
IT,2008,074900,4.49
IT,2008,081100,0.4
IT,2008,081200,4.78
IT,2008,081300,3.18
IT,2008,081400,4.14
IT,2008,081500,0.33
IT,2008,081900,0.0
IT,2008,082000,0.0
IT,2008,083100,10.02
IT,2008,083200,10.98
IT,2008,083300,0.0
IT,2008,083400,0.0
IT,2008,083500,0.13
IT,2008,083900,2.67
IT,2008,091100,1.23
IT,2008,091200,3.4
IT,2008,092100,3.81
IT,2008,092200,2.41
IT,2008,093100,6.86
IT,2008,093200,0.94
IT,2008,094400,1.8
IT,2008,094500,0.87
IT,2008,094600,11.94
IT,2008,094700,0.0
IT,2008,095100,0.28
IT,2008,095200,1.0
IT,2008,096100,1.97
IT,2008,096200,0.83
IT,2008,096300,0.54
IT,2008,096900,0.0
IT,2008,097100,6.21
IT,2008,097200,10.37
IT,2008,097400,1.71
IT,2008,098000,3.36
IT,2008,101000,0.73
IT,2008,102000,0.42
IT,2008,104000,2.45
IT,2008,105000,7.12
IT,2008,111100,78.45
IT,2008,111200,8.37
IT,2008,112000,29.7
IT,2008,121200,0.94
IT,2008,121300,0.0
IT,2008,121400,12.75
IT,2008,122200,9.55
IT,2008,131100,0.6
IT,2008,131200,13.79
IT,2008,131300,14.58
IT,2008,132100,6.29
IT,2008,132900,5.76
IT,2008,133000,8.34
IT,2008,139000,12.57
IT,2009,011100,36.17
IT,2009,011200,41.06
IT,2009,011300,11.79
IT,2009,011400,24.31
IT,2009,011500,8.07
IT,2009,011600,12.34
IT,2009,011700,18.65
IT,2009,011800,11.83
IT,2009,011900,0.5
IT,2009,012100,2.88
IT,2009,012200,1.97
IT,2009,012300,0.3
IT,2009,012500,5.42
IT,2009,012600,1.37
IT,2009,012900,0.0
IT,2009,021100,1.25
IT,2009,021200,5.2
IT,2009,021300,1.24
IT,2009,021900,0.16
IT,2009,023000,22.45
IT,2009,031200,71.1
IT,2009,031300,1.82
IT,2009,031400,3.45
IT,2009,032100,18.83
IT,2009,032200,1.58
IT,2009,041100,23.46
IT,2009,043100,3.63
IT,2009,043200,9.69
IT,2009,044100,5.74
IT,2009,044200,7.38
IT,2009,044300,1.22
IT,2009,044400,8.33
IT,2009,045100,13.09
IT,2009,045200,24.25
IT,2009,045300,6.56
IT,2009,045400,0.6
IT,2009,051100,30.62
IT,2009,051200,1.37
IT,2009,052100,4.04
IT,2009,053100,8.32
IT,2009,053200,1.29
IT,2009,053300,1.31
IT,2009,054000,8.31
IT,2009,055100,0.23
IT,2009,055200,2.99
IT,2009,056100,13.46
IT,2009,056200,16.18
IT,2009,061100,14.54
IT,2009,061200,1.0
IT,2009,061300,1.53
IT,2009,061400,0.0
IT,2009,062100,3.6
IT,2009,062200,6.89
IT,2009,062300,1.74
IT,2009,063100,6.21
IT,2009,064100,0.94
IT,2009,064200,0.0
IT,2009,071100,40.27
IT,2009,071200,4.19
IT,2009,071300,1.91
IT,2009,072100,4.74
IT,2009,072200,33.34
IT,2009,072300,38.43
IT,2009,072400,11.85
IT,2009,073100,3.59
IT,2009,073200,3.13
IT,2009,073300,8.59
IT,2009,073400,1.11
IT,2009,073500,5.03
IT,2009,074100,1.57
IT,2009,074900,4.6
IT,2009,081100,0.37
IT,2009,081200,4.37
IT,2009,081300,2.9
IT,2009,081400,3.66
IT,2009,081500,0.31
IT,2009,081900,0.08
IT,2009,082000,0.0
IT,2009,083100,7.75
IT,2009,083200,14.74
IT,2009,083300,0.0
IT,2009,083400,0.0
IT,2009,083500,0.12
IT,2009,083900,2.6
IT,2009,091100,1.12
IT,2009,091200,3.25
IT,2009,092100,3.91
IT,2009,092200,2.67
IT,2009,093100,6.7
IT,2009,093200,0.98
IT,2009,094400,1.48
IT,2009,094500,0.86
IT,2009,094600,10.3
IT,2009,094700,0.0
IT,2009,095100,0.3
IT,2009,095200,0.99
IT,2009,096100,1.64
IT,2009,096200,0.81
IT,2009,096300,0.54
IT,2009,096900,0.0
IT,2009,097100,6.04
IT,2009,097200,10.14
IT,2009,097400,1.68
IT,2009,098000,3.01
IT,2009,101000,1.13
IT,2009,102000,0.44
IT,2009,104000,2.36
IT,2009,105000,6.58
IT,2009,111100,79.82
IT,2009,111200,8.56
IT,2009,112000,28.69
IT,2009,121200,1.12
IT,2009,121300,0.0
IT,2009,121400,12.75
IT,2009,122200,9.28
IT,2009,131100,0.61
IT,2009,131200,14.03
IT,2009,131300,14.69
IT,2009,132100,6.16
IT,2009,132900,5.67
IT,2009,133000,8.4
IT,2009,139000,11.63
IT,2010,011100,35.66
IT,2010,011200,41.3
IT,2010,011300,11.34
IT,2010,011400,23.3
IT,2010,011500,7.54
IT,2010,011600,11.75
IT,2010,011700,19.17
IT,2010,011800,11.68
IT,2010,011900,0.54
IT,2010,012100,2.62
IT,2010,012200,2.01
IT,2010,012300,0.28
IT,2010,012500,5.36
IT,2010,012600,1.37
IT,2010,012900,0.0
IT,2010,021100,1.19
IT,2010,021200,4.89
IT,2010,021300,1.18
IT,2010,021900,0.16
IT,2010,023000,23.14
IT,2010,031200,69.53
IT,2010,031300,1.93
IT,2010,031400,3.16
IT,2010,032100,19.43
IT,2010,032200,1.55
IT,2010,041100,25.05
IT,2010,043100,3.57
IT,2010,043200,10.08
IT,2010,044100,5.87
IT,2010,044200,7.47
IT,2010,044300,1.22
IT,2010,044400,8.03
IT,2010,045100,13.56
IT,2010,045200,21.06
IT,2010,045300,5.87
IT,2010,045400,0.6
IT,2010,051100,31.13
IT,2010,051200,1.19
IT,2010,052100,4.16
IT,2010,053100,7.41
IT,2010,053200,1.23
IT,2010,053300,1.23
IT,2010,054000,8.07
IT,2010,055100,0.26
IT,2010,055200,3.43
IT,2010,056100,13.41
IT,2010,056200,16.35
IT,2010,061100,15.38
IT,2010,061200,1.05
IT,2010,061300,1.64
IT,2010,061400,0.0
IT,2010,062100,4.18
IT,2010,062200,6.26
IT,2010,062300,4.04
IT,2010,063100,4.24
IT,2010,064100,1.02
IT,2010,064200,0.0
IT,2010,071100,34.72
IT,2010,071200,3.67
IT,2010,071300,1.69
IT,2010,072100,4.95
IT,2010,072200,34.37
IT,2010,072300,39.63
IT,2010,072400,11.74
IT,2010,073100,3.83
IT,2010,073200,3.05
IT,2010,073300,6.2
IT,2010,073400,1.06
IT,2010,073500,5.02
IT,2010,074100,1.84
IT,2010,074900,4.54
IT,2010,081100,0.37
IT,2010,081200,4.84
IT,2010,081300,3.14
IT,2010,081400,3.74
IT,2010,081500,0.33
IT,2010,081900,0.08
IT,2010,082000,0.0
IT,2010,083100,8.0
IT,2010,083200,14.84
IT,2010,083300,0.0
IT,2010,083400,0.0
IT,2010,083500,0.11
IT,2010,083900,2.78
IT,2010,091100,1.11
IT,2010,091200,3.32
IT,2010,092100,3.64
IT,2010,092200,2.58
IT,2010,093100,6.81
IT,2010,093200,1.03
IT,2010,094400,1.74
IT,2010,094500,0.86
IT,2010,094600,11.91
IT,2010,094700,0.0
IT,2010,095100,0.32
IT,2010,095200,0.84
IT,2010,096100,1.93
IT,2010,096200,0.92
IT,2010,096300,0.54
IT,2010,096900,0.0
IT,2010,097100,6.12
IT,2010,097200,10.0
IT,2010,097400,1.68
IT,2010,098000,3.35
IT,2010,101000,1.01
IT,2010,102000,0.35
IT,2010,104000,2.73
IT,2010,105000,7.27
IT,2010,111100,83.23
IT,2010,111200,9.13
IT,2010,112000,27.59
IT,2010,121200,0.9
IT,2010,121300,0.0
IT,2010,121400,13.83
IT,2010,122200,9.08
IT,2010,131100,0.61
IT,2010,131200,14.45
IT,2010,131300,13.68
IT,2010,132100,5.8
IT,2010,132900,5.83
IT,2010,133000,9.13
IT,2010,139000,13.86
IT,2011,011100,34.16
IT,2011,011200,40.11
IT,2011,011300,10.95
IT,2011,011400,23.49
IT,2011,011500,7.28
IT,2011,011600,11.39
IT,2011,011700,19.7
IT,2011,011800,11.79
IT,2011,011900,0.92
IT,2011,012100,2.71
IT,2011,012200,1.99
IT,2011,012300,0.28
IT,2011,012500,5.18
IT,2011,012600,1.33
IT,2011,012900,0.0
IT,2011,021100,1.15
IT,2011,021200,4.73
IT,2011,021300,1.14
IT,2011,021900,0.17
IT,2011,023000,23.5
IT,2011,031200,70.0
IT,2011,031300,1.71
IT,2011,031400,3.14
IT,2011,032100,18.35
IT,2011,032200,1.51
IT,2011,041100,25.4
IT,2011,043100,3.46
IT,2011,043200,10.0
IT,2011,044100,6.28
IT,2011,044200,7.95
IT,2011,044300,1.42
IT,2011,044400,8.33
IT,2011,045100,12.91
IT,2011,045200,22.79
IT,2011,045300,8.15
IT,2011,045400,0.59
IT,2011,051100,28.95
IT,2011,051200,1.01
IT,2011,052100,3.55
IT,2011,053100,5.7
IT,2011,053200,2.12
IT,2011,053300,1.12
IT,2011,054000,7.08
IT,2011,055100,0.23
IT,2011,055200,2.77
IT,2011,056100,12.78
IT,2011,056200,16.8
IT,2011,061100,16.75
IT,2011,061200,0.24
IT,2011,061300,1.75
IT,2011,061400,0.0
IT,2011,062100,4.12
IT,2011,062200,6.29
IT,2011,062300,4.16
IT,2011,063100,3.91
IT,2011,064100,1.13
IT,2011,064200,0.0
IT,2011,071100,37.96
IT,2011,071200,3.94
IT,2011,071300,1.79
IT,2011,072100,4.88
IT,2011,072200,39.23
IT,2011,072300,40.05
IT,2011,072400,11.88
IT,2011,073100,3.91
IT,2011,073200,3.5
IT,2011,073300,6.97
IT,2011,073400,1.17
IT,2011,073500,4.07
IT,2011,074100,1.73
IT,2011,074900,4.75
IT,2011,081100,0.45
IT,2011,081200,4.7
IT,2011,081300,3.0
IT,2011,081400,3.95
IT,2011,081500,0.64
IT,2011,081900,0.09
IT,2011,082000,0.0
IT,2011,083100,5.37
IT,2011,083200,14.22
IT,2011,083300,2.4
IT,2011,083400,0.0
IT,2011,083500,0.11
IT,2011,083900,2.32
IT,2011,091100,0.89
IT,2011,091200,2.53
IT,2011,092100,3.65
IT,2011,092200,2.19
IT,2011,093100,6.79
IT,2011,093200,1.02
IT,2011,094400,1.87
IT,2011,094500,0.86
IT,2011,094600,12.2
IT,2011,094700,0.0
IT,2011,095100,0.44
IT,2011,095200,0.93
IT,2011,096100,2.14
IT,2011,096200,1.42
IT,2011,096300,0.53
IT,2011,096900,0.0
IT,2011,097100,5.77
IT,2011,097200,8.43
IT,2011,097400,1.45
IT,2011,098000,3.28
IT,2011,101000,1.99
IT,2011,102000,1.95
IT,2011,104000,4.25
IT,2011,105000,3.74
IT,2011,111100,88.7
IT,2011,111200,3.78
IT,2011,112000,27.08
IT,2011,121200,0.87
IT,2011,121300,0.0
IT,2011,121400,13.76
IT,2011,122200,7.79
IT,2011,131100,0.52
IT,2011,131200,12.96
IT,2011,131300,13.98
IT,2011,132100,5.8
IT,2011,132900,5.28
IT,2011,133000,9.29
IT,2011,139000,14.18
IT,2012,011100,33.27
IT,2012,011200,39.7
IT,2012,011300,12.15
IT,2012,011400,23.54
IT,2012,011500,6.74
IT,2012,011600,12.59
IT,2012,011700,16.97
IT,2012,011800,11.92
IT,2012,011900,0.59
IT,2012,012100,1.79
IT,2012,012200,2.43
IT,2012,012300,0.51
IT,2012,012500,2.73
IT,2012,012600,4.47
IT,2012,012900,0.0
IT,2012,021100,1.24
IT,2012,021200,5.82
IT,2012,021300,2.41
IT,2012,021900,0.16
IT,2012,023000,23.76
IT,2012,031200,74.29
IT,2012,031300,0.9
IT,2012,031400,3.51
IT,2012,032100,16.78
IT,2012,032200,1.27
IT,2012,041100,25.49
IT,2012,043100,3.62
IT,2012,043200,9.52
IT,2012,044100,6.16
IT,2012,044200,7.76
IT,2012,044300,1.47
IT,2012,044400,7.95
IT,2012,045100,14.74
IT,2012,045200,27.76
IT,2012,045300,5.74
IT,2012,045400,0.48
IT,2012,051100,27.97
IT,2012,051200,0.9
IT,2012,052100,4.07
IT,2012,053100,5.99
IT,2012,053200,1.96
IT,2012,053300,0.92
IT,2012,054000,7.24
IT,2012,055100,0.63
IT,2012,055200,1.97
IT,2012,056100,12.7
IT,2012,056200,17.03
IT,2012,061100,14.06
IT,2012,061200,0.68
IT,2012,061300,2.83
IT,2012,061400,0.0
IT,2012,062100,4.63
IT,2012,062200,5.98
IT,2012,062300,4.24
IT,2012,063100,3.07
IT,2012,064100,1.49
IT,2012,064200,0.0
IT,2012,071100,32.37
IT,2012,071200,3.29
IT,2012,071300,0.61
IT,2012,072100,4.76
IT,2012,072200,46.95
IT,2012,072300,37.77
IT,2012,072400,11.84
IT,2012,073100,3.54
IT,2012,073200,2.72
IT,2012,073300,7.89
IT,2012,073400,2.01
IT,2012,073500,6.55
IT,2012,074100,1.13
IT,2012,074900,3.85
IT,2012,081100,0.36
IT,2012,081200,4.54
IT,2012,081300,4.16
IT,2012,081400,2.36
IT,2012,081500,0.46
IT,2012,081900,0.29
IT,2012,082000,0.0
IT,2012,083100,4.96
IT,2012,083200,12.94
IT,2012,083300,2.5
IT,2012,083400,0.0
IT,2012,083500,0.15
IT,2012,083900,5.83
IT,2012,091100,0.87
IT,2012,091200,3.04
IT,2012,092100,4.72
IT,2012,092200,1.19
IT,2012,093100,4.56
IT,2012,093200,2.99
IT,2012,094400,0.56
IT,2012,094500,1.31
IT,2012,094600,7.84
IT,2012,094700,0.0
IT,2012,095100,0.39
IT,2012,095200,0.92
IT,2012,096100,1.49
IT,2012,096200,0.51
IT,2012,096300,1.27
IT,2012,096900,0.0
IT,2012,097100,5.68
IT,2012,097200,7.37
IT,2012,097400,1.95
IT,2012,098000,3.35
IT,2012,101000,2.52
IT,2012,102000,2.35
IT,2012,104000,5.08
IT,2012,105000,2.12
IT,2012,111100,83.26
IT,2012,111200,4.64
IT,2012,112000,26.68
IT,2012,121200,0.37
IT,2012,121300,0.0
IT,2012,121400,12.43
IT,2012,122200,12.05
IT,2012,131100,0.24
IT,2012,131200,14.02
IT,2012,131300,14.98
IT,2012,132100,8.66
IT,2012,132900,5.2
IT,2012,133000,8.95
IT,2012,139000,14.03
IT,2013,011100,33.25
IT,2013,011200,39.4
IT,2013,011300,11.97
IT,2013,011400,22.95
IT,2013,011500,6.41
IT,2013,011600,12.72
IT,2013,011700,17.64
IT,2013,011800,11.89
IT,2013,011900,0.62
IT,2013,012100,1.74
IT,2013,012200,2.4
IT,2013,012300,0.44
IT,2013,012500,2.59
IT,2013,012600,4.31
IT,2013,012900,0.0
IT,2013,021100,1.36
IT,2013,021200,5.69
IT,2013,021300,2.45
IT,2013,021900,0.21
IT,2013,023000,24.02
IT,2013,031200,72.61
IT,2013,031300,0.87
IT,2013,031400,3.39
IT,2013,032100,16.66
IT,2013,032200,0.85
IT,2013,041100,25.9
IT,2013,043100,3.75
IT,2013,043200,9.57
IT,2013,044100,4.03
IT,2013,044200,8.18
IT,2013,044300,3.77
IT,2013,044400,8.34
IT,2013,045100,18.12
IT,2013,045200,29.7
IT,2013,045300,2.94
IT,2013,045400,1.1
IT,2013,051100,28.47
IT,2013,051200,0.85
IT,2013,052100,3.98
IT,2013,053100,6.1
IT,2013,053200,1.97
IT,2013,053300,1.17
IT,2013,054000,7.04
IT,2013,055100,0.6
IT,2013,055200,1.89
IT,2013,056100,12.58
IT,2013,056200,17.45
IT,2013,061100,12.6
IT,2013,061200,0.63
IT,2013,061300,2.65
IT,2013,061400,0.0
IT,2013,062100,4.11
IT,2013,062200,5.75
IT,2013,062300,3.99
IT,2013,063100,3.47
IT,2013,064100,1.29
IT,2013,064200,0.0
IT,2013,071100,28.19
IT,2013,071200,2.6
IT,2013,071300,0.49
IT,2013,072100,5.01
IT,2013,072200,48.32
IT,2013,072300,35.95
IT,2013,072400,12.48
IT,2013,073100,3.42
IT,2013,073200,4.84
IT,2013,073300,8.47
IT,2013,073400,1.84
IT,2013,073500,4.98
IT,2013,074100,1.03
IT,2013,074900,4.05
IT,2013,081100,0.39
IT,2013,081200,4.97
IT,2013,081300,3.68
IT,2013,081400,2.12
IT,2013,081500,0.42
IT,2013,081900,0.34
IT,2013,082000,0.0
IT,2013,083100,4.99
IT,2013,083200,12.75
IT,2013,083300,2.62
IT,2013,083400,0.0
IT,2013,083500,0.14
IT,2013,083900,6.54
IT,2013,091100,0.78
IT,2013,091200,3.45
IT,2013,092100,4.73
IT,2013,092200,0.97
IT,2013,093100,4.35
IT,2013,093200,3.33
IT,2013,094400,0.56
IT,2013,094500,1.42
IT,2013,094600,7.93
IT,2013,094700,0.0
IT,2013,095100,0.39
IT,2013,095200,0.92
IT,2013,096100,1.57
IT,2013,096200,0.53
IT,2013,096300,1.37
IT,2013,096900,0.0
IT,2013,097100,5.23
IT,2013,097200,7.41
IT,2013,097400,1.96
IT,2013,098000,3.31
IT,2013,101000,2.99
IT,2013,102000,1.96
IT,2013,104000,4.92
IT,2013,105000,2.09
IT,2013,111100,85.94
IT,2013,111200,4.71
IT,2013,112000,27.96
IT,2013,121200,0.3
IT,2013,121300,0.0
IT,2013,121400,11.96
IT,2013,122200,12.17
IT,2013,131100,0.14
IT,2013,131200,14.62
IT,2013,131300,15.12
IT,2013,132100,8.26
IT,2013,132900,4.91
IT,2013,133000,8.96
IT,2013,139000,13.69
IT,2014,011100,33.88
IT,2014,011200,41.05
IT,2014,011300,12.15
IT,2014,011400,23.96
IT,2014,011500,6.87
IT,2014,011600,12.71
IT,2014,011700,18.48
IT,2014,011800,12.14
IT,2014,011900,0.64
IT,2014,012100,1.42
IT,2014,012200,2.39
IT,2014,012300,0.47
IT,2014,012500,2.96
IT,2014,012600,4.2
IT,2014,012900,0.0
IT,2014,021100,1.48
IT,2014,021200,6.03
IT,2014,021300,2.72
IT,2014,021900,0.22
IT,2014,023000,23.15
IT,2014,031200,70.18
IT,2014,031300,0.82
IT,2014,031400,3.12
IT,2014,032100,16.38
IT,2014,032200,0.71
IT,2014,041100,26.86
IT,2014,043100,3.71
IT,2014,043200,9.49
IT,2014,044100,4.17
IT,2014,044200,11.09
IT,2014,044300,3.91
IT,2014,044400,9.39
IT,2014,045100,17.06
IT,2014,045200,25.98
IT,2014,045300,1.84
IT,2014,045400,2.22
IT,2014,051100,26.19
IT,2014,051200,0.84
IT,2014,052100,3.76
IT,2014,053100,6.39
IT,2014,053200,2.01
IT,2014,053300,1.0
IT,2014,054000,6.32
IT,2014,055100,0.62
IT,2014,055200,2.5
IT,2014,056100,12.77
IT,2014,056200,19.18
IT,2014,061100,13.47
IT,2014,061200,0.74
IT,2014,061300,2.14
IT,2014,061400,0.0
IT,2014,062100,4.1
IT,2014,062200,5.69
IT,2014,062300,4.19
IT,2014,063100,3.85
IT,2014,064100,1.27
IT,2014,064200,0.0
IT,2014,071100,23.91
IT,2014,071200,1.75
IT,2014,071300,0.56
IT,2014,072100,5.46
IT,2014,072200,43.98
IT,2014,072300,37.77
IT,2014,072400,11.38
IT,2014,073100,3.54
IT,2014,073200,5.14
IT,2014,073300,8.6
IT,2014,073400,1.95
IT,2014,073500,5.09
IT,2014,074100,0.92
IT,2014,074900,4.05
IT,2014,081100,0.29
IT,2014,081200,4.79
IT,2014,081300,3.46
IT,2014,081400,2.28
IT,2014,081500,0.48
IT,2014,081900,0.41
IT,2014,082000,0.0
IT,2014,083100,5.23
IT,2014,083200,10.68
IT,2014,083300,2.5
IT,2014,083400,0.0
IT,2014,083500,0.0
IT,2014,083900,6.44
IT,2014,091100,0.77
IT,2014,091200,3.1
IT,2014,092100,4.86
IT,2014,092200,1.45
IT,2014,093100,4.33
IT,2014,093200,3.72
IT,2014,094400,0.55
IT,2014,094500,1.52
IT,2014,094600,8.08
IT,2014,094700,0.0
IT,2014,095100,0.42
IT,2014,095200,0.87
IT,2014,096100,1.6
IT,2014,096200,0.52
IT,2014,096300,1.05
IT,2014,096900,0.0
IT,2014,097100,5.29
IT,2014,097200,6.63
IT,2014,097400,2.15
IT,2014,098000,3.42
IT,2014,101000,3.17
IT,2014,102000,1.83
IT,2014,104000,5.15
IT,2014,105000,2.05
IT,2014,111100,87.26
IT,2014,111200,5.08
IT,2014,112000,28.61
IT,2014,121200,0.87
IT,2014,121300,0.0
IT,2014,121400,11.5
IT,2014,122200,13.92
IT,2014,131100,0.18
IT,2014,131200,15.46
IT,2014,131300,16.52
IT,2014,132100,6.76
IT,2014,132900,5.31
IT,2014,133000,9.41
IT,2014,139000,15.09
IT,2015,011100,28.0
IT,2015,011200,41.8
IT,2015,011300,13.82
IT,2015,011400,23.84
IT,2015,011500,5.82
IT,2015,011600,13.93
IT,2015,011700,21.67
IT,2015,011800,7.74
IT,2015,011900,5.39
IT,2015,012100,1.59
IT,2015,012200,3.96
IT,2015,012300,0.89
IT,2015,012500,4.29
IT,2015,012600,2.67
IT,2015,012900,0.0
IT,2015,021100,1.21
IT,2015,021200,6.94
IT,2015,021300,3.09
IT,2015,021900,0.18
IT,2015,023000,23.28
IT,2015,031200,60.52
IT,2015,031300,1.5
IT,2015,031400,4.19
IT,2015,032100,13.81
IT,2015,032200,0.66
IT,2015,041100,27.58
IT,2015,043100,3.05
IT,2015,043200,8.84
IT,2015,044100,4.12
IT,2015,044200,9.65
IT,2015,044300,3.94
IT,2015,044400,12.24
IT,2015,045100,20.89
IT,2015,045200,30.43
IT,2015,045300,0.85
IT,2015,045400,2.27
IT,2015,051100,25.43
IT,2015,051200,0.7
IT,2015,052100,3.45
IT,2015,053100,4.62
IT,2015,053200,1.54
IT,2015,053300,1.1
IT,2015,054000,5.27
IT,2015,055100,0.22
IT,2015,055200,2.67
IT,2015,056100,12.03
IT,2015,056200,21.43
IT,2015,061100,13.3
IT,2015,061200,0.91
IT,2015,061300,2.19
IT,2015,061400,0.0
IT,2015,062100,5.27
IT,2015,062200,8.02
IT,2015,062300,5.13
IT,2015,063100,3.97
IT,2015,064100,1.26
IT,2015,064200,0.0
IT,2015,071100,23.81
IT,2015,071200,1.14
IT,2015,071300,0.28
IT,2015,072100,6.34
IT,2015,072200,45.18
IT,2015,072300,34.18
IT,2015,072400,11.81
IT,2015,073100,4.53
IT,2015,073200,5.82
IT,2015,073300,8.33
IT,2015,073400,0.62
IT,2015,073500,4.34
IT,2015,074100,0.72
IT,2015,074900,3.56
IT,2015,081100,0.08
IT,2015,081200,4.18
IT,2015,081300,2.79
IT,2015,081400,2.6
IT,2015,081500,0.8
IT,2015,081900,0.21
IT,2015,082000,0.0
IT,2015,083100,5.71
IT,2015,083200,13.05
IT,2015,083300,3.34
IT,2015,083400,0.0
IT,2015,083500,0.0
IT,2015,083900,5.32
IT,2015,091100,0.57
IT,2015,091200,2.93
IT,2015,092100,4.19
IT,2015,092200,1.51
IT,2015,093100,4.11
IT,2015,093200,4.58
IT,2015,094400,0.39
IT,2015,094500,1.12
IT,2015,094600,5.89
IT,2015,094700,0.0
IT,2015,095100,0.46
IT,2015,095200,0.9
IT,2015,096100,2.56
IT,2015,096200,0.34
IT,2015,096300,0.62
IT,2015,096900,0.0
IT,2015,097100,4.88
IT,2015,097200,5.69
IT,2015,097400,2.55
IT,2015,098000,7.22
IT,2015,101000,3.13
IT,2015,102000,1.49
IT,2015,104000,5.81
IT,2015,105000,2.44
IT,2015,111100,86.89
IT,2015,111200,5.14
IT,2015,112000,26.75
IT,2015,121200,0.47
IT,2015,121300,0.0
IT,2015,121400,13.1
IT,2015,122200,13.06
IT,2015,131100,0.4
IT,2015,131200,13.41
IT,2015,131300,16.19
IT,2015,132100,5.11
IT,2015,132900,6.46
IT,2015,133000,7.73
IT,2015,139000,19.82
IT,2016,011100,27.22
IT,2016,011200,40.94
IT,2016,011300,13.02
IT,2016,011400,23.52
IT,2016,011500,5.73
IT,2016,011600,15.01
IT,2016,011700,23.2
IT,2016,011800,7.98
IT,2016,011900,6.48
IT,2016,012100,1.61
IT,2016,012200,4.01
IT,2016,012300,0.84
IT,2016,012500,4.24
IT,2016,012600,2.53
IT,2016,012900,0.0
IT,2016,021100,1.29
IT,2016,021200,6.81
IT,2016,021300,3.08
IT,2016,021900,0.06
IT,2016,023000,23.36
IT,2016,031200,59.54
IT,2016,031300,2.69
IT,2016,031400,4.45
IT,2016,032100,14.95
IT,2016,032200,0.71
IT,2016,041100,27.13
IT,2016,043100,2.93
IT,2016,043200,8.73
IT,2016,044100,3.94
IT,2016,044200,8.73
IT,2016,044300,3.7
IT,2016,044400,12.47
IT,2016,045100,22.81
IT,2016,045200,28.83
IT,2016,045300,0.79
IT,2016,045400,2.76
IT,2016,051100,23.9
IT,2016,051200,0.24
IT,2016,052100,3.19
IT,2016,053100,4.12
IT,2016,053200,1.76
IT,2016,053300,0.71
IT,2016,054000,4.69
IT,2016,055100,0.19
IT,2016,055200,2.16
IT,2016,056100,11.54
IT,2016,056200,21.2
IT,2016,061100,12.47
IT,2016,061200,1.65
IT,2016,061300,2.52
IT,2016,061400,0.0
IT,2016,062100,5.29
IT,2016,062200,8.44
IT,2016,062300,5.47
IT,2016,063100,3.99
IT,2016,064100,1.68
IT,2016,064200,0.0
IT,2016,071100,28.31
IT,2016,071200,1.23
IT,2016,071300,0.4
IT,2016,072100,7.7
IT,2016,072200,40.33
IT,2016,072300,30.99
IT,2016,072400,11.98
IT,2016,073100,4.63
IT,2016,073200,5.43
IT,2016,073300,6.65
IT,2016,073400,0.9
IT,2016,073500,3.44
IT,2016,074100,0.86
IT,2016,074900,3.02
IT,2016,081100,0.09
IT,2016,081200,6.26
IT,2016,081300,2.97
IT,2016,081400,2.76
IT,2016,081500,1.01
IT,2016,081900,0.27
IT,2016,082000,0.0
IT,2016,083100,5.48
IT,2016,083200,12.44
IT,2016,083300,3.2
IT,2016,083400,0.41
IT,2016,083500,0.0
IT,2016,083900,4.45
IT,2016,091100,0.72
IT,2016,091200,2.5
IT,2016,092100,3.93
IT,2016,092200,1.62
IT,2016,093100,4.31
IT,2016,093200,4.5
IT,2016,094400,2.02
IT,2016,094500,1.0
IT,2016,094600,3.68
IT,2016,094700,0.0
IT,2016,095100,0.71
IT,2016,095200,1.25
IT,2016,096100,2.79
IT,2016,096200,0.47
IT,2016,096300,0.61
IT,2016,096900,0.0
IT,2016,097100,4.44
IT,2016,097200,5.28
IT,2016,097400,2.34
IT,2016,098000,7.36
IT,2016,101000,3.44
IT,2016,102000,1.7
IT,2016,104000,5.77
IT,2016,105000,2.4
IT,2016,111100,90.5
IT,2016,111200,4.4
IT,2016,112000,26.99
IT,2016,121200,0.58
IT,2016,121300,0.0
IT,2016,121400,13.77
IT,2016,122200,14.35
IT,2016,131100,0.47
IT,2016,131200,13.43
IT,2016,131300,16.44
IT,2016,132100,4.74
IT,2016,132900,7.23
IT,2016,133000,8.41
IT,2016,139000,19.4
IT,2017,011100,26.36
IT,2017,011200,40.88
IT,2017,011300,12.95
IT,2017,011400,23.21
IT,2017,011500,5.65
IT,2017,011600,15.52
IT,2017,011700,22.7
IT,2017,011800,7.98
IT,2017,011900,6.85
IT,2017,012100,1.66
IT,2017,012200,3.85
IT,2017,012300,0.83
IT,2017,012500,4.25
IT,2017,012600,2.56
IT,2017,012900,0.0
IT,2017,021100,1.24
IT,2017,021200,6.6
IT,2017,021300,3.02
IT,2017,021900,0.06
IT,2017,023000,23.11
IT,2017,031200,60.3
IT,2017,031300,2.95
IT,2017,031400,4.75
IT,2017,032100,15.83
IT,2017,032200,0.73
IT,2017,041100,26.87
IT,2017,043100,2.5
IT,2017,043200,7.41
IT,2017,044100,4.02
IT,2017,044200,8.46
IT,2017,044300,3.94
IT,2017,044400,12.77
IT,2017,045100,20.89
IT,2017,045200,24.76
IT,2017,045300,0.79
IT,2017,045400,2.51
IT,2017,051100,24.0
IT,2017,051200,0.25
IT,2017,052100,3.19
IT,2017,053100,4.51
IT,2017,053200,2.21
IT,2017,053300,0.62
IT,2017,054000,4.74
IT,2017,055100,0.19
IT,2017,055200,2.28
IT,2017,056100,11.49
IT,2017,056200,20.43
IT,2017,061100,11.95
IT,2017,061200,1.84
IT,2017,061300,2.56
IT,2017,061400,0.0
IT,2017,062100,5.51
IT,2017,062200,9.73
IT,2017,062300,5.77
IT,2017,063100,4.01
IT,2017,064100,1.69
IT,2017,064200,0.0
IT,2017,071100,30.45
IT,2017,071200,1.36
IT,2017,071300,0.45
IT,2017,072100,8.3
IT,2017,072200,40.83
IT,2017,072300,30.67
IT,2017,072400,13.15
IT,2017,073100,4.84
IT,2017,073200,5.38
IT,2017,073300,8.28
IT,2017,073400,0.95
IT,2017,073500,3.45
IT,2017,074100,0.8
IT,2017,074900,3.11
IT,2017,081100,0.14
IT,2017,081200,6.96
IT,2017,081300,4.07
IT,2017,081400,2.77
IT,2017,081500,0.95
IT,2017,081900,0.32
IT,2017,082000,0.0
IT,2017,083100,4.87
IT,2017,083200,10.66
IT,2017,083300,3.95
IT,2017,083400,0.41
IT,2017,083500,0.0
IT,2017,083900,4.03
IT,2017,091100,0.6
IT,2017,091200,2.4
IT,2017,092100,3.72
IT,2017,092200,1.7
IT,2017,093100,4.33
IT,2017,093200,4.21
IT,2017,094400,2.53
IT,2017,094500,1.01
IT,2017,094600,4.36
IT,2017,094700,0.0
IT,2017,095100,0.7
IT,2017,095200,1.3
IT,2017,096100,3.06
IT,2017,096200,0.58
IT,2017,096300,0.64
IT,2017,096900,0.0
IT,2017,097100,3.9
IT,2017,097200,5.03
IT,2017,097400,2.1
IT,2017,098000,8.05
IT,2017,101000,3.38
IT,2017,102000,1.6
IT,2017,104000,5.49
IT,2017,105000,2.42
IT,2017,111100,90.22
IT,2017,111200,4.37
IT,2017,112000,27.52
IT,2017,121200,0.53
IT,2017,121300,1.1
IT,2017,121400,13.19
IT,2017,122200,13.63
IT,2017,131100,0.54
IT,2017,131200,12.99
IT,2017,131300,16.11
IT,2017,132100,5.35
IT,2017,132900,7.32
IT,2017,133000,8.16
IT,2017,139000,19.05
IT,2018,011100,25.99
IT,2018,011200,39.91
IT,2018,011300,13.28
IT,2018,011400,23.02
IT,2018,011500,5.93
IT,2018,011600,15.77
IT,2018,011700,23.29
IT,2018,011800,7.93
IT,2018,011900,7.05
IT,2018,012100,1.63
IT,2018,012200,3.92
IT,2018,012300,0.84
IT,2018,012500,4.32
IT,2018,012600,2.53
IT,2018,012900,0.0
IT,2018,021100,1.21
IT,2018,021200,6.55
IT,2018,021300,2.94
IT,2018,021900,0.05
IT,2018,023000,22.11
IT,2018,031200,59.38
IT,2018,031300,2.76
IT,2018,031400,4.6
IT,2018,032100,15.34
IT,2018,032200,0.63
IT,2018,041100,26.07
IT,2018,043100,2.25
IT,2018,043200,7.63
IT,2018,044100,3.87
IT,2018,044200,8.44
IT,2018,044300,3.91
IT,2018,044400,12.36
IT,2018,045100,22.04
IT,2018,045200,25.55
IT,2018,045300,0.78
IT,2018,045400,2.55
IT,2018,051100,24.36
IT,2018,051200,0.28
IT,2018,052100,3.34
IT,2018,053100,4.09
IT,2018,053200,2.19
IT,2018,053300,0.58
IT,2018,054000,4.6
IT,2018,055100,0.18
IT,2018,055200,2.22
IT,2018,056100,11.34
IT,2018,056200,19.68
IT,2018,061100,11.63
IT,2018,061200,1.86
IT,2018,061300,2.65
IT,2018,061400,0.0
IT,2018,062100,5.15
IT,2018,062200,9.81
IT,2018,062300,5.75
IT,2018,063100,3.79
IT,2018,064100,1.79
IT,2018,064200,0.0
IT,2018,071100,34.42
IT,2018,071200,1.64
IT,2018,071300,0.49
IT,2018,072100,7.72
IT,2018,072200,43.28
IT,2018,072300,30.1
IT,2018,072400,12.84
IT,2018,073100,5.63
IT,2018,073200,5.36
IT,2018,073300,9.85
IT,2018,073400,1.08
IT,2018,073500,3.31
IT,2018,074100,0.68
IT,2018,074900,3.1
IT,2018,081100,0.15
IT,2018,081200,6.33
IT,2018,081300,4.23
IT,2018,081400,2.72
IT,2018,081500,1.02
IT,2018,081900,0.34
IT,2018,082000,0.0
IT,2018,083100,4.96
IT,2018,083200,10.77
IT,2018,083300,3.49
IT,2018,083400,0.49
IT,2018,083500,0.0
IT,2018,083900,2.72
IT,2018,091100,0.53
IT,2018,091200,1.95
IT,2018,092100,4.04
IT,2018,092200,1.81
IT,2018,093100,4.17
IT,2018,093200,4.41
IT,2018,094400,2.2
IT,2018,094500,1.05
IT,2018,094600,4.23
IT,2018,094700,0.0
IT,2018,095100,0.64
IT,2018,095200,1.21
IT,2018,096100,2.88
IT,2018,096200,0.64
IT,2018,096300,0.53
IT,2018,096900,0.0
IT,2018,097100,4.03
IT,2018,097200,4.85
IT,2018,097400,2.23
IT,2018,098000,8.09
IT,2018,101000,3.45
IT,2018,102000,1.57
IT,2018,104000,2.81
IT,2018,105000,2.57
IT,2018,111100,91.95
IT,2018,111200,4.32
IT,2018,112000,28.31
IT,2018,121200,0.56
IT,2018,121300,0.46
IT,2018,121400,12.64
IT,2018,122200,12.61
IT,2018,131100,0.61
IT,2018,131200,12.69
IT,2018,131300,16.6
IT,2018,132100,5.65
IT,2018,132900,7.22
IT,2018,133000,8.24
IT,2018,139000,19.83
IT,2019,011100,25.84
IT,2019,011200,39.29
IT,2019,011300,13.5
IT,2019,011400,22.59
IT,2019,011500,5.91
IT,2019,011600,14.8
IT,2019,011700,22.52
IT,2019,011800,7.97
IT,2019,011900,7.29
IT,2019,012100,1.62
IT,2019,012200,4.0
IT,2019,012300,0.9
IT,2019,012500,4.47
IT,2019,012600,2.56
IT,2019,012900,0.0
IT,2019,021100,1.18
IT,2019,021200,6.55
IT,2019,021300,2.89
IT,2019,021900,0.05
IT,2019,023000,21.76
IT,2019,031200,57.65
IT,2019,031300,2.86
IT,2019,031400,4.39
IT,2019,032100,15.15
IT,2019,032200,0.62
IT,2019,041100,26.35
IT,2019,043100,2.07
IT,2019,043200,7.76
IT,2019,044100,4.26
IT,2019,044200,8.49
IT,2019,044300,3.71
IT,2019,044400,12.48
IT,2019,045100,22.98
IT,2019,045200,26.63
IT,2019,045300,0.75
IT,2019,045400,2.6
IT,2019,051100,24.43
IT,2019,051200,0.28
IT,2019,052100,3.37
IT,2019,053100,4.56
IT,2019,053200,2.31
IT,2019,053300,0.42
IT,2019,054000,4.64
IT,2019,055100,0.17
IT,2019,055200,2.32
IT,2019,056100,11.68
IT,2019,056200,19.11
IT,2019,061100,11.34
IT,2019,061200,1.83
IT,2019,061300,2.6
IT,2019,061400,0.0
IT,2019,062100,5.01
IT,2019,062200,10.99
IT,2019,062300,5.93
IT,2019,063100,3.89
IT,2019,064100,1.8
IT,2019,064200,0.0
IT,2019,071100,35.05
IT,2019,071200,1.56
IT,2019,071300,0.42
IT,2019,072100,7.78
IT,2019,072200,41.32
IT,2019,072300,29.92
IT,2019,072400,13.22
IT,2019,073100,5.46
IT,2019,073200,5.63
IT,2019,073300,8.41
IT,2019,073400,0.78
IT,2019,073500,3.59
IT,2019,074100,0.74
IT,2019,074900,3.24
IT,2019,081100,0.12
IT,2019,081200,5.52
IT,2019,081300,4.15
IT,2019,081400,2.64
IT,2019,081500,0.67
IT,2019,081900,0.21
IT,2019,082000,0.0
IT,2019,083100,4.96
IT,2019,083200,10.6
IT,2019,083300,3.53
IT,2019,083400,0.77
IT,2019,083500,0.0
IT,2019,083900,2.8
IT,2019,091100,0.51
IT,2019,091200,2.05
IT,2019,092100,3.84
IT,2019,092200,1.67
IT,2019,093100,4.26
IT,2019,093200,4.68
IT,2019,094400,2.35
IT,2019,094500,1.06
IT,2019,094600,4.71
IT,2019,094700,0.0
IT,2019,095100,0.82
IT,2019,095200,1.56
IT,2019,096100,3.01
IT,2019,096200,0.74
IT,2019,096300,0.57
IT,2019,096900,0.0
IT,2019,097100,3.85
IT,2019,097200,4.34
IT,2019,097400,2.24
IT,2019,098000,8.27
IT,2019,101000,3.95
IT,2019,102000,1.62
IT,2019,104000,2.62
IT,2019,105000,2.55
IT,2019,111100,92.85
IT,2019,111200,4.43
IT,2019,112000,28.37
IT,2019,121200,0.61
IT,2019,121300,0.47
IT,2019,121400,12.03
IT,2019,122200,15.12
IT,2019,131100,0.6
IT,2019,131200,12.73
IT,2019,131300,15.81
IT,2019,132100,5.37
IT,2019,132900,7.29
IT,2019,133000,7.89
IT,2019,139000,21.05
IT,2020,011100,25.6
IT,2020,011200,38.16
IT,2020,011300,13.25
IT,2020,011400,22.48
IT,2020,011500,5.8
IT,2020,011600,14.98
IT,2020,011700,23.15
IT,2020,011800,7.97
IT,2020,011900,7.51
IT,2020,012100,1.6
IT,2020,012200,4.05
IT,2020,012300,0.91
IT,2020,012500,4.64
IT,2020,012600,2.49
IT,2020,012900,0.0
IT,2020,021100,1.18
IT,2020,021200,6.45
IT,2020,021300,2.96
IT,2020,021900,0.06
IT,2020,023000,22.08
IT,2020,031200,58.09
IT,2020,031300,2.68
IT,2020,031400,4.4
IT,2020,032100,15.11
IT,2020,032200,0.6
IT,2020,041100,27.43
IT,2020,043100,1.83
IT,2020,043200,7.82
IT,2020,044100,3.37
IT,2020,044200,7.12
IT,2020,044300,3.46
IT,2020,044400,11.21
IT,2020,045100,20.66
IT,2020,045200,20.86
IT,2020,045300,0.68
IT,2020,045400,2.39
IT,2020,051100,24.32
IT,2020,051200,0.27
IT,2020,052100,3.6
IT,2020,053100,4.75
IT,2020,053200,2.33
IT,2020,053300,0.39
IT,2020,054000,4.84
IT,2020,055100,0.15
IT,2020,055200,2.24
IT,2020,056100,11.87
IT,2020,056200,18.55
IT,2020,061100,11.44
IT,2020,061200,1.82
IT,2020,061300,2.55
IT,2020,061400,0.0
IT,2020,062100,5.19
IT,2020,062200,10.78
IT,2020,062300,5.96
IT,2020,063100,3.78
IT,2020,064100,1.82
IT,2020,064200,0.0
IT,2020,071100,36.31
IT,2020,071200,1.55
IT,2020,071300,0.4
IT,2020,072100,7.66
IT,2020,072200,48.39
IT,2020,072300,27.49
IT,2020,072400,14.32
IT,2020,073100,5.88
IT,2020,073200,5.33
IT,2020,073300,7.58
IT,2020,073400,0.8
IT,2020,073500,3.62
IT,2020,074100,0.71
IT,2020,074900,3.56
IT,2020,081100,0.08
IT,2020,081200,6.37
IT,2020,081300,4.02
IT,2020,081400,2.18
IT,2020,081500,0.68
IT,2020,081900,0.23
IT,2020,082000,0.0
IT,2020,083100,4.3
IT,2020,083200,9.31
IT,2020,083300,3.43
IT,2020,083400,0.83
IT,2020,083500,0.0
IT,2020,083900,2.46
IT,2020,091100,0.49
IT,2020,091200,2.44
IT,2020,092100,4.11
IT,2020,092200,1.6
IT,2020,093100,4.65
IT,2020,093200,5.22
IT,2020,094400,2.36
IT,2020,094500,1.25
IT,2020,094600,4.46
IT,2020,094700,0.0
IT,2020,095100,0.96
IT,2020,095200,1.33
IT,2020,096100,2.71
IT,2020,096200,0.72
IT,2020,096300,0.58
IT,2020,096900,0.0
IT,2020,097100,4.19
IT,2020,097200,3.92
IT,2020,097400,2.21
IT,2020,098000,8.94
IT,2020,101000,3.78
IT,2020,102000,1.54
IT,2020,104000,3.39
IT,2020,105000,2.35
IT,2020,111100,93.84
IT,2020,111200,4.21
IT,2020,112000,28.82
IT,2020,121200,0.72
IT,2020,121300,0.4
IT,2020,121400,12.02
IT,2020,122200,15.56
IT,2020,131100,0.48
IT,2020,131200,12.67
IT,2020,131300,17.01
IT,2020,132100,6.13
IT,2020,132900,7.61
IT,2020,133000,8.27
IT,2020,139000,21.95
IT,2021,011100,31.13
IT,2021,011200,45.7
IT,2021,011300,16.03
IT,2021,011400,26.7
IT,2021,011500,7.03
IT,2021,011600,17.79
IT,2021,011700,26.65
IT,2021,011800,9.72
IT,2021,011900,8.43
IT,2021,012100,1.76
IT,2021,012200,5.01
IT,2021,012300,1.05
IT,2021,012500,5.93
IT,2021,012600,2.81
IT,2021,012900,0.0
IT,2021,021100,1.5
IT,2021,021200,8.08
IT,2021,021300,3.89
IT,2021,021900,0.06
IT,2021,023000,24.96
IT,2021,031200,55.17
IT,2021,031300,1.97
IT,2021,031400,2.95
IT,2021,032100,13.85
IT,2021,032200,0.4
IT,2021,041100,31.33
IT,2021,043100,1.78
IT,2021,043200,8.09
IT,2021,044100,4.39
IT,2021,044200,8.55
IT,2021,044300,4.04
IT,2021,044400,13.59
IT,2021,045100,22.68
IT,2021,045200,22.52
IT,2021,045300,0.7
IT,2021,045400,2.28
IT,2021,051100,27.1
IT,2021,051200,0.09
IT,2021,052100,3.84
IT,2021,053100,5.45
IT,2021,053200,2.44
IT,2021,053300,0.2
IT,2021,054000,5.04
IT,2021,055100,0.14
IT,2021,055200,2.25
IT,2021,056100,13.05
IT,2021,056200,19.5
IT,2021,061100,13.34
IT,2021,061200,2.08
IT,2021,061300,2.75
IT,2021,061400,0.0
IT,2021,062100,5.56
IT,2021,062200,11.13
IT,2021,062300,6.2
IT,2021,063100,4.17
IT,2021,064100,1.78
IT,2021,064200,0.0
IT,2021,071100,33.24
IT,2021,071200,1.13
IT,2021,071300,0.57
IT,2021,072100,6.67
IT,2021,072200,40.8
IT,2021,072300,24.92
IT,2021,072400,11.57
IT,2021,073100,4.32
IT,2021,073200,4.23
IT,2021,073300,3.46
IT,2021,073400,0.61
IT,2021,073500,3.67
IT,2021,074100,0.71
IT,2021,074900,4.48
IT,2021,081100,0.08
IT,2021,081200,8.63
IT,2021,081300,6.89
IT,2021,081400,3.63
IT,2021,081500,0.47
IT,2021,081900,0.19
IT,2021,082000,0.0
IT,2021,083100,3.72
IT,2021,083200,9.22
IT,2021,083300,6.12
IT,2021,083400,1.24
IT,2021,083500,0.0
IT,2021,083900,2.51
IT,2021,091100,0.37
IT,2021,091200,2.92
IT,2021,092100,4.14
IT,2021,092200,1.63
IT,2021,093100,4.59
IT,2021,093200,5.93
IT,2021,094400,1.9
IT,2021,094500,1.65
IT,2021,094600,3.21
IT,2021,094700,0.0
IT,2021,095100,0.99
IT,2021,095200,0.65
IT,2021,096100,0.79
IT,2021,096200,0.33
IT,2021,096300,0.33
IT,2021,096900,0.0
IT,2021,097100,4.28
IT,2021,097200,3.28
IT,2021,097400,2.46
IT,2021,098000,6.58
IT,2021,101000,4.07
IT,2021,102000,1.7
IT,2021,104000,3.41
IT,2021,105000,2.3
IT,2021,111100,68.0
IT,2021,111200,3.15
IT,2021,112000,16.67
IT,2021,121200,0.9
IT,2021,121300,0.53
IT,2021,121400,14.65
IT,2021,122200,17.04
IT,2021,131100,0.54
IT,2021,131200,14.53
IT,2021,131300,14.98
IT,2021,132100,6.57
IT,2021,132900,9.11
IT,2021,133000,10.08
IT,2021,139000,18.07
IT,2022,011100,28.78
IT,2022,011200,43.16
IT,2022,011300,15.0
IT,2022,011400,25.56
IT,2022,011500,6.63
IT,2022,011600,17.06
IT,2022,011700,25.66
IT,2022,011800,8.89
IT,2022,011900,8.36
IT,2022,012100,1.62
IT,2022,012200,4.67
IT,2022,012300,0.95
IT,2022,012500,5.42
IT,2022,012600,2.63
IT,2022,012900,0.0
IT,2022,021100,1.44
IT,2022,021200,7.25
IT,2022,021300,3.6
IT,2022,021900,0.07
IT,2022,023000,23.71
IT,2022,031200,54.19
IT,2022,031300,1.71
IT,2022,031400,3.27
IT,2022,032100,13.14
IT,2022,032200,0.38
IT,2022,041100,29.87
IT,2022,043100,1.8
IT,2022,043200,8.18
IT,2022,044100,3.82
IT,2022,044200,7.82
IT,2022,044300,4.09
IT,2022,044400,11.7
IT,2022,045100,23.87
IT,2022,045200,22.9
IT,2022,045300,0.73
IT,2022,045400,2.07
IT,2022,051100,28.63
IT,2022,051200,0.12
IT,2022,052100,3.73
IT,2022,053100,5.79
IT,2022,053200,2.65
IT,2022,053300,0.12
IT,2022,054000,5.0
IT,2022,055100,0.15
IT,2022,055200,2.34
IT,2022,056100,13.78
IT,2022,056200,19.04
IT,2022,061100,13.54
IT,2022,061200,1.83
IT,2022,061300,3.14
IT,2022,061400,0.0
IT,2022,062100,5.21
IT,2022,062200,10.9
IT,2022,062300,5.95
IT,2022,063100,4.02
IT,2022,064100,1.72
IT,2022,064200,0.0
IT,2022,071100,39.7
IT,2022,071200,2.13
IT,2022,071300,0.96
IT,2022,072100,7.35
IT,2022,072200,48.38
IT,2022,072300,24.77
IT,2022,072400,13.99
IT,2022,073100,4.04
IT,2022,073200,3.48
IT,2022,073300,3.84
IT,2022,073400,0.98
IT,2022,073500,3.13
IT,2022,074100,0.69
IT,2022,074900,4.78
IT,2022,081100,0.08
IT,2022,081200,8.28
IT,2022,081300,5.94
IT,2022,081400,4.12
IT,2022,081500,0.57
IT,2022,081900,0.54
IT,2022,082000,0.0
IT,2022,083100,2.83
IT,2022,083200,8.39
IT,2022,083300,5.79
IT,2022,083400,1.21
IT,2022,083500,0.0
IT,2022,083900,2.82
IT,2022,091100,0.23
IT,2022,091200,3.05
IT,2022,092100,3.53
IT,2022,092200,1.37
IT,2022,093100,4.67
IT,2022,093200,6.28
IT,2022,094400,1.37
IT,2022,094500,1.46
IT,2022,094600,2.59
IT,2022,094700,0.0
IT,2022,095100,0.9
IT,2022,095200,0.63
IT,2022,096100,0.7
IT,2022,096200,0.47
IT,2022,096300,0.38
IT,2022,096900,0.0
IT,2022,097100,4.19
IT,2022,097200,3.19
IT,2022,097400,2.73
IT,2022,098000,5.93
IT,2022,101000,4.01
IT,2022,102000,1.75
IT,2022,104000,3.51
IT,2022,105000,2.22
IT,2022,111100,77.22
IT,2022,111200,2.5
IT,2022,112000,18.94
IT,2022,121200,0.78
IT,2022,121300,0.47
IT,2022,121400,12.74
IT,2022,122200,14.34
IT,2022,131100,0.52
IT,2022,131200,12.89
IT,2022,131300,17.27
IT,2022,132100,4.67
IT,2022,132900,7.09
IT,2022,133000,8.49
IT,2022,139000,20.54
IT,2023,011100,27.47
IT,2023,011200,39.77
IT,2023,011300,12.99
IT,2023,011400,24.9
IT,2023,011500,6.51
IT,2023,011600,15.08
IT,2023,011700,23.26
IT,2023,011800,8.7
IT,2023,011900,7.97
IT,2023,012100,1.53
IT,2023,012200,4.57
IT,2023,012300,0.69
IT,2023,012500,5.08
IT,2023,012600,2.71
IT,2023,012900,0.0
IT,2023,021100,1.3
IT,2023,021200,6.21
IT,2023,021300,3.46
IT,2023,021900,0.09
IT,2023,023000,20.65
IT,2023,031200,56.71
IT,2023,031300,1.84
IT,2023,031400,3.28
IT,2023,032100,11.78
IT,2023,032200,0.28
IT,2023,041100,28.57
IT,2023,043100,1.59
IT,2023,043200,8.17
IT,2023,044100,3.66
IT,2023,044200,7.19
IT,2023,044300,3.74
IT,2023,044400,12.01
IT,2023,045100,33.15
IT,2023,045200,28.2
IT,2023,045300,0.6
IT,2023,045400,2.49
IT,2023,051100,25.42
IT,2023,051200,0.09
IT,2023,052100,3.89
IT,2023,053100,6.0
IT,2023,053200,2.83
IT,2023,053300,0.14
IT,2023,054000,5.65
IT,2023,055100,0.12
IT,2023,055200,2.44
IT,2023,056100,13.89
IT,2023,056200,18.07
IT,2023,061100,11.4
IT,2023,061200,1.5
IT,2023,061300,2.75
IT,2023,061400,0.0
IT,2023,062100,4.61
IT,2023,062200,9.86
IT,2023,062300,5.4
IT,2023,063100,3.09
IT,2023,064100,1.71
IT,2023,064200,0.0
IT,2023,071100,38.98
IT,2023,071200,2.12
IT,2023,071300,0.84
IT,2023,072100,8.24
IT,2023,072200,42.67
IT,2023,072300,30.79
IT,2023,072400,11.19
IT,2023,073100,3.06
IT,2023,073200,2.76
IT,2023,073300,5.16
IT,2023,073400,0.93
IT,2023,073500,2.19
IT,2023,074100,0.62
IT,2023,074900,3.91
IT,2023,081100,0.03
IT,2023,081200,8.15
IT,2023,081300,6.72
IT,2023,081400,5.48
IT,2023,081500,0.71
IT,2023,081900,0.56
IT,2023,082000,0.0
IT,2023,083100,2.64
IT,2023,083200,6.96
IT,2023,083300,4.85
IT,2023,083400,1.52
IT,2023,083500,0.1
IT,2023,083900,2.72
IT,2023,091100,0.26
IT,2023,091200,3.57
IT,2023,092100,4.47
IT,2023,092200,1.94
IT,2023,093100,4.97
IT,2023,093200,8.22
IT,2023,094400,1.17
IT,2023,094500,1.92
IT,2023,094600,2.21
IT,2023,094700,0.0
IT,2023,095100,0.98
IT,2023,095200,0.55
IT,2023,096100,0.85
IT,2023,096200,0.38
IT,2023,096300,0.28
IT,2023,096900,0.0
IT,2023,097100,4.44
IT,2023,097200,3.47
IT,2023,097400,3.4
IT,2023,098000,5.28
IT,2023,101000,3.38
IT,2023,102000,1.47
IT,2023,104000,3.02
IT,2023,105000,1.82
IT,2023,111100,89.52
IT,2023,111200,3.05
IT,2023,112000,22.13
IT,2023,121200,0.73
IT,2023,121300,0.47
IT,2023,121400,12.77
IT,2023,122200,14.86
IT,2023,131100,0.46
IT,2023,131200,13.87
IT,2023,131300,14.79
IT,2023,132100,5.05
IT,2023,132900,8.48
IT,2023,133000,7.7
IT,2023,139000,19.19
IT,2024,011100,26.78
IT,2024,011200,40.25
IT,2024,011300,12.96
IT,2024,011400,23.62
IT,2024,011500,6.93
IT,2024,011600,16.1
IT,2024,011700,24.03
IT,2024,011800,8.46
IT,2024,011900,8.03
IT,2024,012100,1.48
IT,2024,012200,4.56
IT,2024,012300,0.57
IT,2024,012500,4.96
IT,2024,012600,2.83
IT,2024,012900,0.0
IT,2024,021100,1.23
IT,2024,021200,5.53
IT,2024,021300,3.12
IT,2024,021900,0.1
IT,2024,023000,20.74
IT,2024,031200,52.22
IT,2024,031300,1.61
IT,2024,031400,3.07
IT,2024,032100,10.52
IT,2024,032200,0.23
IT,2024,041100,25.76
IT,2024,043100,1.37
IT,2024,043200,8.18
IT,2024,044100,3.21
IT,2024,044200,6.15
IT,2024,044300,3.43
IT,2024,044400,10.98
IT,2024,045100,29.02
IT,2024,045200,27.57
IT,2024,045300,0.77
IT,2024,045400,3.21
IT,2024,051100,23.03
IT,2024,051200,0.1
IT,2024,052100,3.48
IT,2024,053100,5.81
IT,2024,053200,2.78
IT,2024,053300,0.18
IT,2024,054000,5.49
IT,2024,055100,0.13
IT,2024,055200,2.81
IT,2024,056100,12.3
IT,2024,056200,14.64
IT,2024,061100,11.95
IT,2024,061200,1.29
IT,2024,061300,2.78
IT,2024,061400,0.0
IT,2024,062100,4.97
IT,2024,062200,10.39
IT,2024,062300,5.93
IT,2024,063100,3.09
IT,2024,064100,1.83
IT,2024,064200,0.0
IT,2024,071100,29.46
IT,2024,071200,1.66
IT,2024,071300,0.59
IT,2024,072100,9.02
IT,2024,072200,48.94
IT,2024,072300,35.57
IT,2024,072400,13.23
IT,2024,073100,3.72
IT,2024,073200,3.37
IT,2024,073300,6.3
IT,2024,073400,0.99
IT,2024,073500,2.43
IT,2024,074100,0.63
IT,2024,074900,3.72
IT,2024,081100,0.03
IT,2024,081200,7.94
IT,2024,081300,6.67
IT,2024,081400,6.42
IT,2024,081500,0.8
IT,2024,081900,0.81
IT,2024,082000,0.0
IT,2024,083100,1.89
IT,2024,083200,6.13
IT,2024,083300,4.71
IT,2024,083400,1.66
IT,2024,083500,0.12
IT,2024,083900,3.27
IT,2024,091100,0.38
IT,2024,091200,3.53
IT,2024,092100,4.93
IT,2024,092200,2.36
IT,2024,093100,4.8
IT,2024,093200,8.78
IT,2024,094400,1.92
IT,2024,094500,2.09
IT,2024,094600,2.7
IT,2024,094700,0.0
IT,2024,095100,0.94
IT,2024,095200,0.88
IT,2024,096100,1.26
IT,2024,096200,0.49
IT,2024,096300,0.35
IT,2024,096900,0.02
IT,2024,097100,4.56
IT,2024,097200,3.24
IT,2024,097400,3.48
IT,2024,098000,3.78
IT,2024,101000,3.15
IT,2024,102000,1.47
IT,2024,104000,3.19
IT,2024,105000,1.64
IT,2024,111100,91.99
IT,2024,111200,2.93
IT,2024,112000,29.51
IT,2024,121200,0.75
IT,2024,121300,0.52
IT,2024,121400,13.26
IT,2024,122200,14.95
IT,2024,131100,0.47
IT,2024,131200,14.56
IT,2024,131300,16.69
IT,2024,132100,5.66
IT,2024,132900,9.36
IT,2024,133000,7.55
IT,2024,139000,19.3
IT,2025,011100,26.87
IT,2025,011200,40.08
IT,2025,011300,12.41
IT,2025,011400,25.14
IT,2025,011500,6.51
IT,2025,011600,14.76
IT,2025,011700,24.34
IT,2025,011800,8.61
IT,2025,011900,7.67
IT,2025,012100,1.54
IT,2025,012200,4.6
IT,2025,012300,0.53
IT,2025,012500,5.18
IT,2025,012600,2.95
IT,2025,012900,0.0
IT,2025,021100,1.26
IT,2025,021200,5.61
IT,2025,021300,3.21
IT,2025,021900,0.1
IT,2025,023000,21.74
IT,2025,031200,52.62
IT,2025,031300,1.64
IT,2025,031400,3.11
IT,2025,032100,9.87
IT,2025,032200,0.22
IT,2025,041100,29.51
IT,2025,043100,1.44
IT,2025,043200,8.46
IT,2025,044100,2.92
IT,2025,044200,6.34
IT,2025,044300,3.81
IT,2025,044400,11.12
IT,2025,045100,30.6
IT,2025,045200,28.88
IT,2025,045300,0.66
IT,2025,045400,2.94
IT,2025,051100,23.34
IT,2025,051200,0.1
IT,2025,052100,3.44
IT,2025,053100,5.62
IT,2025,053200,2.7
IT,2025,053300,0.18
IT,2025,054000,5.76
IT,2025,055100,0.14
IT,2025,055200,3.05
IT,2025,056100,11.98
IT,2025,056200,13.3
IT,2025,061100,11.17
IT,2025,061200,1.2
IT,2025,061300,2.59
IT,2025,061400,0.0
IT,2025,062100,5.08
IT,2025,062200,10.57
IT,2025,062300,5.89
IT,2025,063100,3.55
IT,2025,064100,1.85
IT,2025,064200,0.0
IT,2025,071100,37.08
IT,2025,071200,2.11
IT,2025,071300,0.75
IT,2025,072100,7.71
IT,2025,072200,50.26
IT,2025,072300,30.15
IT,2025,072400,11.28
IT,2025,073100,4.36
IT,2025,073200,4.08
IT,2025,073300,8.54
IT,2025,073400,1.35
IT,2025,073500,2.83
IT,2025,074100,0.63
IT,2025,074900,3.93
IT,2025,081100,0.02
IT,2025,081200,6.82
IT,2025,081300,4.47
IT,2025,081400,4.69
IT,2025,081500,0.64
IT,2025,081900,0.85
IT,2025,082000,0.0
IT,2025,083100,1.67
IT,2025,083200,5.43
IT,2025,083300,4.13
IT,2025,083400,1.5
IT,2025,083500,0.11
IT,2025,083900,3.72
IT,2025,091100,0.26
IT,2025,091200,2.76
IT,2025,092100,4.04
IT,2025,092200,1.92
IT,2025,093100,3.94
IT,2025,093200,7.13
IT,2025,094400,2.31
IT,2025,094500,1.72
IT,2025,094600,3.33
IT,2025,094700,0.0
IT,2025,095100,0.74
IT,2025,095200,0.55
IT,2025,096100,1.39
IT,2025,096200,0.54
IT,2025,096300,0.38
IT,2025,096900,0.02
IT,2025,097100,3.31
IT,2025,097200,2.66
IT,2025,097400,2.9
IT,2025,098000,4.56
IT,2025,101000,3.0
IT,2025,102000,1.55
IT,2025,104000,3.52
IT,2025,105000,1.69
IT,2025,111100,91.58
IT,2025,111200,2.94
IT,2025,112000,31.76
IT,2025,121200,0.69
IT,2025,121300,0.49
IT,2025,121400,12.49
IT,2025,122200,15.2
IT,2025,131100,0.41
IT,2025,131200,12.88
IT,2025,131300,17.01
IT,2025,132100,5.5
IT,2025,132900,8.78
IT,2025,133000,7.83
IT,2025,139000,20.42
IT,2026,011100,30.78
IT,2026,011200,39.17
IT,2026,011300,12.09
IT,2026,011400,25.46
IT,2026,011500,6.56
IT,2026,011600,14.13
IT,2026,011700,24.25
IT,2026,011800,8.07
IT,2026,011900,4.15
IT,2026,012100,1.28
IT,2026,012200,5.29
IT,2026,012300,0.92
IT,2026,012500,4.61
IT,2026,012600,1.86
IT,2026,012900,0.41
IT,2026,021100,1.08
IT,2026,021200,4.96
IT,2026,021300,2.94
IT,2026,021900,0.18
IT,2026,023000,21.12
IT,2026,031200,52.32
IT,2026,031300,1.74
IT,2026,031400,3.11
IT,2026,032100,10.12
IT,2026,032200,0.22
IT,2026,041100,31.2
IT,2026,043100,2.07
IT,2026,043200,6.95
IT,2026,044100,2.81
IT,2026,044200,5.31
IT,2026,044300,3.61
IT,2026,044400,10.12
IT,2026,045100,27.5
IT,2026,045200,30.88
IT,2026,045300,0.52
IT,2026,045400,3.85
IT,2026,051100,21.98
IT,2026,051200,0.21
IT,2026,052100,3.39
IT,2026,053100,6.23
IT,2026,053200,2.43
IT,2026,053300,0.2
IT,2026,054000,6.14
IT,2026,055100,0.27
IT,2026,055200,3.59
IT,2026,056100,11.97
IT,2026,056200,14.22
IT,2026,061100,11.38
IT,2026,061200,1.21
IT,2026,061300,2.41
IT,2026,061400,0.04
IT,2026,062100,6.36
IT,2026,062200,8.89
IT,2026,062300,4.1
IT,2026,063100,3.75
IT,2026,064100,1.67
IT,2026,064200,0.07
IT,2026,071100,38.37
IT,2026,071200,2.21
IT,2026,071300,0.69
IT,2026,072100,7.35
IT,2026,072200,47.03
IT,2026,072300,29.8
IT,2026,072400,10.84
IT,2026,073100,3.72
IT,2026,073200,3.64
IT,2026,073300,9.07
IT,2026,073400,1.08
IT,2026,073500,2.69
IT,2026,074100,1.03
IT,2026,074900,2.84
IT,2026,081100,0.01
IT,2026,081200,4.81
IT,2026,081300,4.32
IT,2026,081400,3.01
IT,2026,081500,0.53
IT,2026,081900,0.23
IT,2026,082000,0.38
IT,2026,083100,1.92
IT,2026,083200,3.35
IT,2026,083300,4.96
IT,2026,083400,2.83
IT,2026,083500,0.06
IT,2026,083900,3.35
IT,2026,091100,0.28
IT,2026,091200,3.23
IT,2026,092100,4.34
IT,2026,092200,2.22
IT,2026,093100,2.32
IT,2026,093200,6.28
IT,2026,094400,1.99
IT,2026,094500,1.81
IT,2026,094600,4.31
IT,2026,094700,16.86
IT,2026,095100,0.51
IT,2026,095200,0.61
IT,2026,096100,1.24
IT,2026,096200,0.4
IT,2026,096300,0.2
IT,2026,096900,0.09
IT,2026,097100,3.28
IT,2026,097200,3.01
IT,2026,097400,3.4
IT,2026,098000,4.86
IT,2026,101000,3.17
IT,2026,102000,1.64
IT,2026,104000,3.6
IT,2026,105000,1.66
IT,2026,111100,91.95
IT,2026,111200,2.84
IT,2026,112000,31.93
IT,2026,121200,0.62
IT,2026,121300,0.41
IT,2026,121400,10.22
IT,2026,122200,16.48
IT,2026,131100,0.37
IT,2026,131200,12.3
IT,2026,131300,16.92
IT,2026,132100,6.98
IT,2026,132900,8.57
IT,2026,133000,7.45
IT,2026,139000,19.4
